LINESTRING (2022.094 625.097, 2031.459 769.642, 2032.102 773.412, 2032.886 776.627, 2035.489 781.589, 2038.539 786.102, 2040.371 788.094)
LINESTRING (1854.815 1421.858, 1812.638 1427.977, 1796.855 1430.609, 1785.740 1434.884, 1767.169 1439.227, 1757.666 1439.502, 1749.194 1440.272)
LINESTRING (2772.471 717.913, 2774.275 726.543, 2776.881 739.019, 2782.154 777.822, 2788.192 822.178, 2800.509 900.226)
LINESTRING (2718.362 716.367, 2765.370 717.212, 2772.471 717.913)
LINESTRING (2584.775 719.707, 2586.871 775.076, 2587.689 786.579, 2590.574 821.680, 2596.819 880.340, 2600.505 913.424, 2603.218 937.346)
LINESTRING (2603.218 937.346, 2611.403 935.827, 2632.220 931.986, 2669.215 924.777, 2711.133 921.923, 2736.849 919.323, 2761.860 913.530, 2762.814 913.306, 2800.509 900.226)
LINESTRING (2088.454 806.962, 2128.685 814.889)
LINESTRING (2059.040 607.769, 2049.262 613.266, 2044.101 615.963, 2036.162 619.618, 2029.260 622.638, 2022.094 625.097)
LINESTRING (2872.607 457.013, 2868.483 454.742)
LINESTRING (2147.566 1353.885, 2164.692 1349.894, 2336.101 1312.422, 2355.880 1307.730, 2370.326 1304.652, 2383.236 1302.503, 2393.188 1301.846)
LINESTRING (2793.500 1347.185, 2795.827 1321.077, 2797.415 1307.347, 2802.294 1244.137, 2805.544 1207.578, 2809.714 1173.433)
LINESTRING (1552.734 502.303, 1541.802 442.378, 1534.763 403.777, 1515.027 298.925, 1513.905 293.310, 1518.359 274.333, 1516.463 264.075)
LINESTRING (1829.526 673.889, 1822.004 679.866, 1817.147 681.750, 1812.398 682.790, 1777.157 693.546, 1755.853 700.022, 1724.552 708.950, 1720.243 710.483, 1709.964 713.262, 1687.929 720.335, 1680.004 722.882, 1657.483 728.288, 1633.406 734.647, 1623.646 738.593, 1614.652 742.229, 1605.841 744.844, 1566.939 756.891, 1550.770 760.970, 1519.980 768.308, 1487.983 776.814, 1486.164 777.227, 1467.258 781.565, 1435.547 788.627, 1397.312 798.217, 1373.637 804.394)
LINESTRING (1091.735 1262.263, 1128.623 1242.395, 1152.330 1227.108, 1189.880 1200.826, 1195.549 1191.384, 1200.152 1184.705, 1217.963 1158.872, 1233.047 1145.521, 1253.669 1138.976, 1276.387 1129.954, 1288.469 1127.172, 1362.147 1110.202, 1383.991 1104.350, 1408.875 1097.913, 1436.197 1092.318, 1441.519 1090.627, 1454.911 1086.952)
LINESTRING (1569.948 1022.195, 1582.889 1023.713, 1609.240 1019.262, 1618.146 1017.755, 1643.774 1013.790, 1661.061 1013.620, 1676.346 1014.241)
LINESTRING (1648.069 895.521, 1642.180 863.797, 1639.269 847.857, 1632.106 814.632, 1627.503 796.177, 1622.887 778.144, 1619.136 759.965, 1614.652 742.229, 1601.754 702.910, 1601.140 699.860, 1600.993 699.175, 1598.432 687.231, 1595.387 673.043, 1593.910 665.317, 1589.554 642.549, 1583.859 621.427, 1583.328 619.406, 1579.305 600.057, 1573.662 573.350, 1564.598 535.275, 1561.259 521.978, 1552.734 502.303)
LINESTRING (1827.687 1240.065, 1825.681 1218.904, 1823.437 1199.121, 1822.140 1187.170, 1821.457 1166.135, 1821.522 1156.471, 1822.723 1147.700, 1823.491 1142.569, 1823.533 1137.028, 1824.820 1126.538, 1825.962 1112.725, 1824.441 1097.464, 1825.577 1092.528, 1826.398 1082.665, 1827.499 1077.375, 1828.562 1075.033, 1828.444 1072.896, 1830.411 1061.676, 1830.661 1051.145, 1828.931 1034.313, 1827.402 1005.455, 1825.628 948.031, 1822.216 919.963, 1819.660 906.201, 1816.152 873.291, 1811.893 849.635, 1811.391 847.580, 1809.584 840.202, 1806.566 829.439, 1804.528 821.078, 1799.217 790.487, 1798.917 788.729, 1797.558 787.473, 1796.591 785.968, 1794.404 781.865, 1794.053 775.697, 1791.325 768.764, 1787.810 759.160)
LINESTRING (3194.417 855.327, 3185.836 853.836, 3170.863 853.741, 3138.678 853.546, 3107.804 848.902, 3100.717 847.059, 3086.948 845.551, 3082.370 844.693, 3069.539 841.111, 3063.069 836.755, 3056.949 831.308, 3021.926 801.565, 3015.821 801.537, 3001.824 801.472, 2971.946 794.665, 2965.611 787.182, 2964.619 786.010, 2961.362 773.576, 2953.900 758.606, 2949.004 741.629, 2947.834 733.965, 2943.698 720.624, 2937.626 710.755, 2923.320 691.612, 2919.127 669.029, 2904.850 638.205, 2887.906 613.624, 2881.448 602.918, 2877.378 592.977, 2875.326 584.295, 2874.500 574.998)
LINESTRING (866.412 1379.422, 785.021 1369.717)
LINESTRING (1132.337 1553.802, 1168.440 1567.235, 1205.987 1585.956, 1219.817 1593.379, 1226.638 1598.151, 1242.034 1610.417, 1270.722 1631.776, 1280.139 1633.885, 1290.332 1634.244, 1314.454 1629.147, 1325.870 1628.824, 1331.196 1628.817, 1369.290 1612.081, 1396.184 1601.250, 1473.044 1572.833)
LINESTRING (1140.053 792.844, 1142.921 798.479, 1147.949 805.446, 1152.733 810.512, 1157.748 815.175, 1162.060 818.152, 1167.547 821.235, 1180.423 824.482, 1191.371 826.636, 1192.510 837.015, 1195.115 867.976, 1198.399 876.585, 1201.564 893.010, 1205.444 922.678, 1206.845 942.806, 1207.191 960.765, 1207.816 968.890, 1208.828 985.865, 1208.678 1002.878, 1210.240 1040.446, 1210.981 1054.876, 1211.670 1069.173, 1211.876 1074.800, 1211.989 1094.524, 1209.199 1106.797, 1210.340 1130.928)
LINESTRING (860.976 911.296, 924.442 901.855)
LINESTRING (2077.176 951.502, 2071.668 915.129, 2061.038 833.080)
LINESTRING (3090.131 1743.145, 3074.306 1702.801, 3052.897 1625.397, 3035.324 1537.015, 3011.479 1450.901, 2998.222 1408.007, 2987.625 1366.306, 2983.747 1352.407, 2980.442 1341.459, 2978.210 1334.729, 2974.843 1325.721, 2963.623 1312.221)
LINESTRING (2388.581 1274.315, 2372.367 1171.752, 2370.758 1161.568, 2362.591 1100.109, 2358.752 1072.501, 2344.911 989.920, 2341.585 970.982, 2340.825 963.678, 2342.437 951.034)
LINESTRING (2303.480 833.412, 2301.150 826.739, 2275.562 726.111)
LINESTRING (3080.836 1161.277, 3065.489 1161.895, 3056.791 1168.463, 3049.569 1174.812, 3043.482 1179.028, 3023.241 1186.750, 3013.370 1189.788, 3006.380 1197.208, 3004.840 1206.494, 3004.374 1223.001, 3001.963 1237.872, 3001.269 1243.434, 3000.029 1249.446, 2995.964 1261.636)
LINESTRING (2793.500 1347.185, 2834.147 1346.764, 2872.389 1345.755, 2894.232 1341.967, 2914.729 1333.510, 2963.623 1312.221)
LINESTRING (3135.302 1535.223, 3139.177 1547.449, 3142.076 1567.069, 3146.578 1584.040, 3152.510 1603.319, 3154.815 1622.703, 3150.816 1645.498, 3146.408 1660.086, 3131.096 1664.727, 3117.450 1672.924, 3110.455 1680.699, 3106.162 1679.716, 3097.875 1686.788, 3091.987 1694.703, 3085.041 1703.907, 3074.306 1702.801)
LINESTRING (1619.157 1616.939, 1620.565 1605.959, 1620.045 1601.822, 1619.596 1600.764, 1618.243 1600.605, 1599.399 1601.518, 1581.699 1603.201, 1580.555 1603.140, 1580.231 1601.847, 1579.595 1589.289, 1579.261 1587.964, 1578.244 1587.856, 1566.358 1588.418, 1558.567 1589.124, 1547.037 1588.329, 1545.622 1586.597, 1545.101 1585.951, 1545.333 1566.233, 1546.669 1557.260, 1542.165 1543.071, 1478.223 1564.993)
LINESTRING (1561.259 521.978, 1541.061 528.516, 1532.139 531.698, 1515.860 538.537, 1506.842 541.165, 1480.545 550.358, 1465.283 553.693, 1435.771 562.908, 1432.583 557.012, 1418.525 561.815)
LINESTRING (711.746 2041.097, 726.553 2011.370, 759.611 1957.133, 766.733 1942.961, 780.160 1894.647, 780.413 1889.424, 785.286 1863.713, 793.175 1830.813, 803.376 1793.160, 826.818 1711.595, 832.439 1685.829, 834.936 1675.921, 840.137 1622.567, 843.972 1611.022, 843.561 1593.330, 841.906 1582.770, 832.028 1532.228, 823.566 1527.989)
LINESTRING (1972.915 481.606, 1973.432 500.582)
LINESTRING (2362.591 1100.109, 2367.710 1099.385, 2406.410 1093.593, 2440.549 1085.236, 2441.233 1076.805, 2469.985 1070.483, 2480.453 1096.084, 2486.573 1120.280)
LINESTRING (2480.453 1096.084, 2538.503 1082.270, 2542.986 1081.201)
LINESTRING (1373.637 804.394, 1380.213 829.371, 1404.953 894.957, 1421.712 944.673, 1431.879 986.190, 1438.673 1007.662, 1454.911 1086.952, 1472.936 1102.430)
LINESTRING (1525.507 1141.470, 1526.156 1152.111, 1529.429 1207.298, 1537.546 1216.661, 1560.576 1218.872)
LINESTRING (1828.315 1252.047, 1817.918 1251.902, 1793.689 1253.608, 1767.479 1253.956, 1751.085 1256.630, 1752.012 1271.744, 1741.023 1273.014, 1727.354 1274.465)
LINESTRING (2124.115 570.885, 2119.221 562.131, 2118.087 559.941, 2113.081 548.728)
LINESTRING (2004.649 476.817, 1979.982 480.534, 1972.915 481.606, 1959.475 484.716, 1902.953 493.635, 1862.104 499.680, 1820.206 506.171)
LINESTRING (3255.049 1281.152, 3158.927 1315.039, 3151.603 1316.069, 3141.696 1316.381, 3132.845 1315.349, 3092.630 1301.124)
LINESTRING (796.816 34.547, 795.700 40.935, 794.338 48.733, 792.153 61.252, 791.934 83.973, 795.685 119.240, 795.187 135.338, 795.462 143.147, 796.066 164.759, 795.001 181.286, 791.248 210.959, 777.513 290.717, 773.410 325.094, 770.515 390.529, 771.510 416.945, 774.885 440.681, 781.824 484.713, 787.068 525.245, 792.380 570.009, 800.056 628.183, 803.649 647.705, 827.728 705.132, 834.384 727.935, 841.772 763.761, 853.033 816.588, 854.990 829.018, 856.070 842.235, 856.468 851.837, 857.058 876.043, 856.376 883.788, 855.464 894.217, 847.512 912.634)
LINESTRING (822.891 292.663, 819.057 307.199, 819.293 328.607, 820.926 353.341, 826.244 393.539, 831.643 433.138, 834.241 454.945, 837.020 479.076, 842.036 515.267, 844.427 534.894, 849.775 563.711, 859.837 612.465, 864.800 640.545)
LINESTRING (1723.639 1218.563, 1708.005 1219.188, 1686.440 1216.602, 1665.349 1210.508, 1645.844 1200.680)
LINESTRING (1723.639 1218.563, 1724.616 1199.943, 1721.468 1173.202, 1720.971 1149.194, 1719.411 1127.462, 1712.406 1040.986, 1705.122 1016.828, 1703.871 1014.074, 1696.398 980.499)
LINESTRING (1941.635 648.406, 1948.965 701.177, 1949.082 702.517, 1952.516 743.650)
LINESTRING (1340.280 698.100, 1302.040 709.519, 1239.426 730.017, 1237.010 730.815, 1208.577 739.529, 1190.675 743.764, 1183.487 745.403, 1172.387 747.939, 1140.157 754.510, 1131.360 754.598, 1123.690 751.944, 1099.134 760.084, 1085.614 762.364, 1077.596 764.569, 1058.381 774.464, 1045.329 788.507, 1032.658 798.744, 1025.789 804.900, 1018.828 813.629, 1010.088 825.740, 1007.974 834.790, 1007.732 843.703, 1001.480 853.851)
LINESTRING (1421.712 944.673, 1342.662 968.344, 1330.975 971.231, 1318.745 971.986, 1293.224 962.230, 1288.430 961.410, 1261.592 962.067, 1228.211 966.670, 1207.816 968.890)
LINESTRING (2079.220 1369.748, 2080.423 1377.699)
LINESTRING (1451.077 664.053, 1446.293 644.659, 1435.429 596.934, 1423.857 575.151, 1418.525 561.815)
LINESTRING (2425.141 936.196, 2425.890 926.822, 2424.482 915.394, 2422.835 904.556, 2420.950 892.192, 2419.354 874.284, 2404.151 721.506)
LINESTRING (2736.849 919.323, 2726.330 803.860, 2719.807 758.015, 2718.362 716.367)
LINESTRING (2791.266 997.173, 2788.949 995.011, 2779.691 974.226, 2762.814 913.306)
LINESTRING (1745.225 1583.050, 1728.009 1586.943, 1682.774 1597.182, 1679.750 1598.155, 1679.094 1587.060, 1678.663 1585.780, 1676.081 1585.937, 1656.038 1588.595)
LINESTRING (667.197 1259.126, 662.274 1258.319, 659.715 1235.791, 659.111 1220.595, 660.526 1210.956, 660.666 1208.239, 659.537 1186.424, 658.688 1172.849, 657.854 1166.721, 656.972 1162.112, 655.702 1157.985, 653.523 1153.737, 652.104 1150.964, 651.082 1149.105)
LINESTRING (1034.265 444.012, 1041.645 447.068, 1056.316 447.387, 1060.194 448.254, 1064.719 452.392, 1080.516 457.815, 1115.579 458.529, 1129.688 460.297, 1133.730 460.840, 1141.204 459.961, 1147.689 456.060, 1150.787 455.396, 1154.441 454.260, 1153.096 449.004, 1161.747 444.773, 1176.819 436.210, 1191.289 426.270, 1198.936 420.713, 1218.764 407.319, 1230.210 399.072, 1242.102 393.767)
LINESTRING (1207.018 314.127, 1192.606 318.314, 1191.726 317.429, 1190.009 315.912, 1186.875 311.079, 1181.718 314.785, 1174.338 318.233, 1170.827 320.387, 1168.259 322.982, 1164.351 327.879, 1160.817 331.950, 1150.107 339.943, 1132.799 348.759, 1114.695 356.222, 1104.673 361.236, 1096.131 365.509, 1084.480 373.172, 1065.093 385.673, 1057.166 388.775, 1056.203 397.631, 1055.951 398.632, 1053.998 406.505, 1046.191 424.831, 1042.498 433.094, 1040.436 437.333, 1034.265 444.012, 1029.573 454.981, 1023.731 466.232, 1009.770 486.704, 996.796 508.625, 990.728 515.635, 979.986 524.161, 974.997 527.853, 966.039 534.171, 950.349 542.189, 941.232 549.086, 931.206 555.906, 919.152 560.073, 905.820 563.880, 889.884 559.047, 873.863 560.996, 849.775 563.711)
LINESTRING (2368.691 610.829, 2362.285 533.133, 2358.061 531.506, 2355.053 491.098)
LINESTRING (2594.568 1040.758, 2593.137 1033.430, 2581.557 974.034, 2575.301 942.015)
LINESTRING (2469.985 1070.483, 2427.648 958.016, 2425.141 936.196)
LINESTRING (1060.138 619.747, 1089.406 578.496, 1090.268 574.484, 1092.997 569.227, 1099.665 562.087, 1103.319 548.118, 1104.022 545.471, 1105.101 541.444, 1109.253 536.367, 1114.082 530.394, 1120.894 524.382, 1134.405 514.943, 1149.816 510.963, 1161.130 507.450, 1166.653 500.969, 1169.571 495.897, 1178.635 492.238, 1267.643 460.184)
LINESTRING (2505.177 475.773, 2502.833 461.532, 2495.885 446.755, 2488.481 431.153, 2484.705 411.711, 2486.056 397.253, 2488.025 372.425, 2491.422 350.260, 2493.427 341.821, 2493.812 338.225, 2494.343 333.010, 2496.205 321.326, 2496.439 314.618, 2496.092 299.275, 2493.112 272.464, 2492.398 256.306, 2489.516 196.160)
LINESTRING (2271.486 865.942, 2296.853 878.239, 2303.166 881.866, 2309.019 887.958, 2312.478 893.574, 2316.336 902.342, 2317.726 908.817, 2319.912 929.455, 2320.523 938.811)
LINESTRING (2068.769 823.655, 2072.506 819.969)
LINESTRING (2060.344 809.053, 2047.385 814.904)
LINESTRING (2072.506 819.969, 2060.344 809.053, 2064.771 793.101)
LINESTRING (2076.791 796.472, 2064.771 793.101)
LINESTRING (2049.500 819.541, 2047.385 814.904)
LINESTRING (2079.030 815.934, 2072.506 819.969)
LINESTRING (1337.003 445.279, 1335.195 449.348, 1337.650 458.635, 1332.265 462.233, 1329.700 467.188, 1336.533 490.045, 1338.237 495.596)
LINESTRING (1472.936 1102.430, 1452.603 1109.890, 1444.651 1113.324, 1438.925 1117.192, 1429.772 1130.827, 1416.097 1140.446, 1414.788 1146.437, 1412.962 1148.423, 1407.764 1154.202, 1390.385 1171.285, 1377.512 1182.666, 1363.836 1195.808, 1349.104 1211.082, 1339.060 1222.247, 1330.323 1236.729, 1316.939 1258.922, 1305.982 1276.837, 1286.455 1309.198, 1271.766 1336.218, 1271.197 1337.157, 1260.581 1359.079, 1252.575 1383.647, 1240.393 1400.736, 1231.648 1418.843, 1221.898 1436.320, 1213.674 1455.073, 1199.587 1489.953, 1189.883 1521.515, 1184.227 1535.523, 1175.953 1542.718, 1164.038 1548.356, 1157.695 1549.696, 1142.729 1552.883, 1132.337 1553.802)
LINESTRING (1065.290 1274.950, 1101.828 1283.335, 1133.644 1279.717, 1160.610 1270.513, 1191.402 1255.528, 1214.191 1243.157, 1219.565 1238.728, 1220.287 1229.565, 1227.430 1223.305, 1238.193 1219.201, 1240.930 1218.166, 1253.836 1203.526, 1265.063 1199.471, 1279.576 1194.794, 1321.438 1187.282, 1363.807 1173.590, 1377.512 1182.666)
LINESTRING (942.027 1803.882, 937.593 1759.083, 934.962 1739.892, 933.875 1721.090, 912.499 1652.089, 910.938 1646.847, 902.884 1599.915, 889.979 1553.737, 881.325 1504.010)
LINESTRING (840.137 1622.567, 809.815 1614.286, 799.191 1620.583, 796.647 1629.916, 784.942 1672.909, 777.423 1716.930)
LINESTRING (663.597 1717.880, 687.508 1692.582, 725.745 1649.001, 757.188 1614.867, 823.566 1527.989, 839.908 1510.100, 850.364 1503.794, 856.474 1501.992)
LINESTRING (889.105 1723.591, 879.519 1664.213, 875.540 1638.092, 870.870 1593.397, 856.474 1501.992)
LINESTRING (1253.669 1138.976, 1251.080 1131.443, 1234.883 1127.000, 1210.340 1130.928, 1196.131 1133.307, 1173.187 1137.324, 1152.764 1147.590, 1123.457 1165.137, 1105.824 1173.126, 1076.908 1172.504, 1065.903 1169.719, 1059.955 1168.981, 1043.406 1167.579, 1027.429 1164.719, 1008.219 1153.414, 953.035 1136.764)
LINESTRING (2008.439 1224.347, 2017.782 1222.380, 2021.747 1220.286, 2025.232 1216.936, 2027.446 1212.939, 2028.198 1208.806, 2027.931 1204.410, 2026.918 1201.000, 2025.003 1198.000, 2022.505 1195.674, 2019.617 1193.652, 2015.302 1192.559, 2003.017 1193.536)
LINESTRING (2361.748 1465.854, 2354.662 1485.677, 2358.622 1515.688, 2377.263 1524.387, 2441.896 1514.728, 2466.462 1511.057, 2467.047 1509.076, 2469.940 1499.229)
LINESTRING (2003.656 1068.723, 2001.817 1046.751, 1999.204 1012.267, 1998.621 1002.811, 2002.782 1000.526, 2075.195 982.614)
LINESTRING (2472.054 1417.162, 2512.978 1408.137, 2553.838 1400.930, 2562.238 1405.813)
LINESTRING (2585.821 1537.543, 2628.064 1530.484, 2636.678 1527.219, 2642.651 1523.347, 2647.817 1518.135, 2652.691 1511.098, 2655.109 1504.682, 2656.618 1498.178, 2643.185 1406.283, 2641.246 1399.339, 2637.608 1394.390, 2631.440 1388.291, 2624.703 1383.850, 2619.049 1381.489, 2598.756 1377.422)
LINESTRING (2585.821 1537.543, 2582.579 1516.742, 2577.107 1494.476, 2562.238 1405.813, 2585.165 1384.589)
LINESTRING (2399.224 1379.824, 2396.449 1355.737, 2395.041 1344.375, 2389.067 1313.461, 2388.748 1310.373)
LINESTRING (2478.451 1458.797, 2472.054 1417.162, 2463.926 1364.268)
LINESTRING (2361.748 1465.854, 2356.876 1430.426, 2353.118 1404.424, 2354.422 1395.895, 2362.486 1388.471, 2381.047 1382.665, 2399.224 1379.824, 2420.474 1376.686, 2439.283 1380.385, 2446.350 1388.024, 2456.143 1453.007, 2410.583 1459.126, 2361.748 1465.854)
LINESTRING (2046.847 1215.211, 2046.333 1220.881, 2043.371 1226.440, 2041.090 1229.109, 2013.870 1235.598, 2010.880 1234.786, 2009.990 1233.147, 2008.439 1224.347, 2003.017 1193.536, 1992.464 1131.578)
LINESTRING (1953.917 1137.724, 1992.464 1131.578, 2103.172 1113.595)
LINESTRING (2511.186 1639.594, 2509.917 1632.563, 2491.397 1506.239, 2577.107 1494.476)
LINESTRING (2612.092 569.740, 2586.169 570.238, 2579.521 572.368, 2578.086 585.763, 2579.779 671.602, 2580.147 696.365, 2581.002 705.562, 2582.501 719.992)
LINESTRING (2622.620 829.743, 2617.384 805.212, 2608.788 781.670, 2620.271 778.255, 2617.716 767.408, 2617.266 761.097, 2617.632 756.870, 2619.285 752.215, 2622.283 748.584, 2626.632 745.643, 2631.784 743.734, 2654.019 741.159, 2676.797 739.330, 2680.367 740.057, 2682.880 741.319, 2685.791 743.607, 2688.184 746.212, 2689.787 748.827, 2691.210 754.094, 2691.565 759.109, 2691.137 763.193, 2690.706 767.022, 2688.739 769.620, 2686.796 773.935, 2688.964 779.580, 2702.556 778.186, 2707.594 783.847, 2708.192 816.198, 2698.806 827.962, 2682.990 840.545, 2663.118 853.748, 2639.248 846.327, 2628.625 841.208, 2622.620 829.743)
LINESTRING (2608.788 781.670, 2593.405 786.246, 2587.689 786.579)
LINESTRING (2663.118 853.748, 2666.203 889.733, 2669.215 924.777)
LINESTRING (2242.393 530.526, 2231.432 523.816, 2206.035 528.873, 2196.876 523.369)
LINESTRING (965.744 412.452, 959.647 419.484, 948.169 429.693, 939.488 439.643, 929.408 456.161, 923.636 461.016, 913.190 467.377, 897.044 473.806, 893.717 476.445, 890.699 480.054, 887.892 486.055, 857.461 483.682, 855.906 481.066, 837.020 479.076)
LINESTRING (1215.029 637.785, 1219.695 656.516, 1226.605 692.083, 1237.010 730.815)
LINESTRING (1714.769 925.558, 1709.841 930.834, 1704.389 933.868, 1696.410 936.748, 1679.591 943.051, 1662.673 949.234, 1661.381 954.294, 1655.358 958.798, 1616.276 983.571, 1590.150 1004.442, 1578.166 1013.028, 1569.948 1022.195, 1547.405 1031.015, 1528.895 1042.673, 1526.147 1044.406, 1512.598 1056.782, 1506.139 1065.459, 1487.900 1087.507, 1472.936 1102.430)
LINESTRING (1239.426 730.017, 1250.060 759.559, 1263.915 792.382, 1270.094 822.163)
LINESTRING (1856.925 945.995, 1888.993 939.151, 1895.108 937.670, 1925.168 930.344)
LINESTRING (1946.245 741.641, 1945.214 744.847, 1942.877 750.664, 1940.922 752.663, 1935.852 754.772, 1929.047 759.142, 1926.603 765.093, 1926.346 767.934, 1919.245 770.824, 1922.853 775.739, 1924.048 785.918, 1922.312 789.499, 1922.076 791.741, 1913.347 795.994, 1905.473 810.907, 1906.794 820.231, 1908.490 842.516, 1915.187 872.744, 1919.677 895.976, 1925.168 930.344, 1929.464 948.105, 1932.779 969.780)
LINESTRING (1016.008 735.629, 1025.513 722.532, 1031.114 711.717, 1052.572 695.652, 1054.750 691.909, 1057.631 686.971, 1060.402 681.215, 1064.377 670.477, 1066.066 666.343, 1066.977 659.426, 1065.938 647.749, 1060.138 619.747)
LINESTRING (1252.575 1383.647, 1261.402 1399.395, 1272.430 1407.433, 1286.620 1413.732, 1294.760 1431.916, 1300.899 1449.507, 1308.418 1467.678, 1310.459 1483.475, 1311.851 1505.786, 1313.381 1515.949, 1314.282 1529.080, 1315.844 1555.212, 1313.655 1568.861, 1313.910 1580.228, 1314.454 1629.147)
LINESTRING (1331.196 1628.817, 1316.632 1656.290, 1314.055 1660.403, 1306.391 1671.048, 1303.056 1675.970, 1297.781 1680.375, 1289.821 1691.012, 1279.799 1705.213, 1277.976 1714.669, 1276.670 1722.998, 1273.976 1735.724, 1263.851 1751.766, 1245.010 1785.869, 1243.470 1788.650, 1224.483 1816.450)
LINESTRING (1192.255 1663.863, 1163.464 1659.327, 1142.917 1656.862, 1142.382 1655.285, 1147.400 1637.218, 1149.414 1622.995, 1149.811 1599.540, 1150.942 1594.294, 1157.401 1578.491, 1168.440 1567.235)
LINESTRING (1647.431 1500.390, 1650.136 1516.411, 1650.882 1521.199, 1651.741 1540.647, 1651.797 1541.843, 1653.369 1564.440, 1656.038 1588.595, 1655.539 1596.115, 1650.782 1603.761, 1646.296 1606.737, 1635.332 1612.639, 1619.157 1616.939)
LINESTRING (2244.742 873.422, 2240.569 886.345, 2235.169 909.768, 2234.987 912.330, 2236.195 919.229)
LINESTRING (780.071 1508.531, 766.026 1502.674, 759.802 1501.230)
LINESTRING (823.566 1527.989, 817.986 1525.961)
LINESTRING (1650.882 1521.199, 1648.595 1521.242, 1612.547 1526.224)
LINESTRING (817.986 1525.961, 780.071 1508.531)
LINESTRING (2822.133 975.919, 2806.180 971.172)
LINESTRING (2316.096 1239.921, 2317.558 1245.852)
LINESTRING (2029.589 1608.044, 2022.094 1588.565, 2019.976 1556.346, 2018.996 1523.624, 2017.908 1511.892, 2007.482 1386.410)
LINESTRING (1317.369 856.033, 1319.549 878.333, 1324.979 903.160, 1325.750 911.139, 1334.426 944.620, 1342.662 968.344)
LINESTRING (1080.320 946.741, 1089.961 945.666, 1099.038 943.757, 1105.096 942.477, 1113.922 937.346, 1122.937 930.252, 1126.393 928.375, 1131.367 927.155, 1152.107 927.024, 1164.469 927.298, 1185.118 925.606, 1205.444 922.678, 1226.975 917.683, 1256.360 913.633, 1289.807 910.935)
LINESTRING (1315.357 1011.773, 1333.565 1006.868, 1352.639 999.635, 1370.053 994.343, 1400.518 988.572, 1410.558 989.963, 1431.879 986.190)
LINESTRING (1106.202 856.521, 1106.417 882.904, 1112.034 898.375, 1120.741 924.696, 1122.937 930.252)
LINESTRING (1373.637 804.394, 1331.621 812.285, 1312.189 814.281, 1295.164 817.751, 1270.094 822.163, 1257.624 824.805, 1248.945 826.277, 1200.991 834.128, 1192.510 837.015, 1181.041 839.999, 1161.562 845.032, 1146.532 849.472, 1125.365 855.072, 1116.278 856.272, 1106.202 856.521, 1090.528 856.382, 1079.762 855.289, 1069.879 853.840, 1051.888 850.198, 1031.332 846.448, 1015.320 846.136, 1001.480 853.851)
LINESTRING (1223.006 342.797, 1228.709 358.023, 1242.102 393.767, 1253.047 422.230, 1267.643 460.184, 1288.803 521.442)
LINESTRING (1752.415 1524.073, 1768.776 1519.782, 1787.798 1518.147, 1801.095 1517.621, 1805.913 1515.106, 1823.742 1511.404, 1833.113 1508.627, 1853.093 1504.209, 1858.382 1502.995, 1872.127 1499.205)
LINESTRING (1749.194 1440.272, 1744.774 1443.701, 1740.265 1447.198, 1739.702 1448.547, 1739.117 1452.644, 1739.364 1459.877)
LINESTRING (1769.958 1601.616, 1816.442 1593.998, 1815.406 1612.685, 1815.825 1613.732, 1822.904 1631.576, 1826.067 1632.830, 1828.071 1632.935, 1837.982 1631.458, 1847.169 1628.994, 1907.443 1610.736)
LINESTRING (1647.431 1500.390, 1644.983 1491.603, 1639.024 1464.866, 1637.295 1426.558, 1636.548 1416.672, 1636.449 1410.866, 1638.182 1388.402, 1638.226 1372.166, 1640.288 1309.669, 1641.069 1296.205, 1643.068 1281.594, 1645.025 1253.807)
LINESTRING (1749.194 1440.272, 1748.249 1436.040, 1747.505 1430.698, 1744.930 1416.227, 1743.219 1407.950, 1739.917 1394.442, 1736.399 1371.640, 1734.756 1348.224, 1732.043 1323.715, 1730.662 1315.068, 1727.354 1274.465, 1726.140 1254.279, 1723.649 1220.724, 1723.639 1218.563)
LINESTRING (1672.795 989.034, 1661.381 954.294)
LINESTRING (695.607 1603.338, 685.564 1601.726, 662.482 1599.285, 657.713 1600.282, 654.655 1600.923, 615.319 1617.690, 588.153 1630.177, 574.966 1637.939, 569.755 1644.860, 566.515 1650.146, 560.022 1668.466, 539.297 1731.011, 537.549 1735.080, 520.178 1771.957, 507.753 1810.594)
LINESTRING (848.426 2471.153, 823.741 2451.789, 760.643 2392.873, 739.933 2374.286, 713.525 2350.093, 692.440 2330.768, 664.561 2292.167, 627.420 2231.374, 617.815 2212.114, 612.090 2198.141, 595.542 2148.168, 564.444 2056.484, 550.586 1994.229, 547.655 1980.572, 546.295 1957.795, 546.554 1912.222, 548.743 1893.663, 554.129 1866.626, 568.896 1828.311, 590.755 1773.619, 627.193 1707.688, 633.256 1698.950, 680.407 1644.618, 691.577 1626.500, 704.474 1605.566, 725.623 1570.842, 733.345 1557.947, 751.733 1521.865, 756.384 1512.925, 759.802 1501.230, 760.479 1497.353, 763.766 1473.958, 762.632 1466.150, 766.909 1441.578, 769.910 1411.759, 764.733 1369.609)
LINESTRING (476.422 1708.596, 477.352 1702.422, 482.076 1683.849, 486.587 1674.168, 503.263 1643.362, 513.586 1624.580, 517.044 1620.753, 543.462 1608.376, 569.594 1596.744, 591.242 1586.760, 638.202 1564.313, 642.566 1563.245, 650.469 1561.318, 672.541 1556.326, 679.939 1555.703, 686.718 1555.964, 712.697 1562.554, 725.623 1570.842)
LINESTRING (695.607 1603.338, 704.474 1605.566)
LINESTRING (1584.031 1936.890, 1564.584 1936.237, 1554.110 1935.461, 1533.339 1933.907, 1509.959 1931.923, 1497.823 1929.363, 1454.329 1914.789, 1439.975 1911.562, 1433.809 1910.716, 1425.874 1910.260, 1403.351 1911.123, 1394.823 1910.576, 1387.729 1908.911, 1379.801 1906.150, 1377.148 1904.657, 1369.852 1900.535, 1361.925 1894.904, 1354.775 1889.184, 1328.597 1865.939, 1322.983 1862.193, 1316.723 1858.733, 1310.061 1855.533, 1289.582 1847.260, 1271.102 1840.155, 1255.148 1833.925, 1242.086 1827.134, 1224.483 1816.450, 1185.907 1790.927, 1158.538 1772.231, 1147.323 1764.883, 1131.451 1754.585, 1116.756 1744.514, 1107.280 1738.206, 1095.790 1729.543, 1075.607 1714.173, 1060.364 1702.271, 1051.409 1695.822, 1041.782 1687.799, 1036.160 1682.745, 1032.382 1677.666, 1029.393 1671.911, 1027.748 1667.723, 1025.405 1660.918, 1018.840 1626.011, 1010.097 1586.270, 1005.600 1557.641, 1000.595 1530.082, 994.521 1512.280, 987.132 1489.220, 981.618 1473.372, 978.129 1459.999, 972.969 1435.469, 970.456 1426.294, 965.656 1413.605, 962.499 1405.681, 957.678 1395.042)
LINESTRING (722.423 1404.646, 733.690 1402.097, 742.023 1402.059)
LINESTRING (744.271 1374.822, 743.587 1383.154, 742.023 1402.059, 736.926 1417.933, 728.787 1443.467)
LINESTRING (722.423 1404.646, 724.198 1416.778, 725.333 1439.015)
LINESTRING (1616.276 983.571, 1613.452 979.720, 1608.294 969.717, 1604.592 967.307, 1603.254 958.892, 1600.919 942.512)
LINESTRING (1648.069 895.521, 1629.061 899.638, 1602.867 904.796)
LINESTRING (1600.919 942.512, 1592.451 921.251)
LINESTRING (1001.480 853.851, 977.948 869.657, 947.594 882.841, 930.896 887.814)
LINESTRING (826.244 393.539, 858.203 391.537, 890.901 393.036, 905.143 394.414, 928.093 398.641, 952.426 405.099, 965.744 412.452, 968.699 415.026, 998.681 421.329, 1026.843 440.135, 1034.265 444.012)
LINESTRING (1075.572 618.936, 1077.707 626.454, 1083.638 645.267, 1086.366 655.779, 1094.727 674.149)
LINESTRING (794.467 917.432, 803.092 914.222, 799.866 881.973, 807.944 857.637, 814.093 835.056, 812.439 830.967, 806.652 802.589, 799.572 786.229, 795.888 778.002, 784.417 770.059, 777.679 749.207, 762.011 745.245, 701.853 739.969, 681.860 733.474)
LINESTRING (735.274 818.334, 760.072 801.291)
LINESTRING (666.060 771.426, 681.272 780.924, 701.405 791.872, 712.897 799.870, 721.375 808.142, 735.274 818.334, 737.843 825.081, 734.806 830.874)
LINESTRING (1645.844 1200.680, 1589.983 1173.376, 1525.507 1141.470, 1494.791 1123.207, 1476.192 1122.654)
LINESTRING (764.733 1369.609, 760.589 1370.220, 744.271 1374.822, 742.166 1374.530, 738.818 1374.199, 735.052 1372.877, 728.850 1360.817, 723.530 1348.368, 716.742 1335.983, 711.006 1323.429, 709.718 1316.598, 706.853 1292.634, 698.715 1262.492, 697.377 1259.840, 692.246 1256.110, 667.197 1259.126, 659.431 1259.555, 652.459 1260.338, 645.877 1262.911, 641.489 1267.981, 640.856 1295.717, 638.021 1306.827, 634.445 1316.395, 626.818 1329.001, 612.977 1343.033, 599.286 1375.039, 595.479 1377.186, 589.984 1377.073, 539.326 1363.887, 507.413 1359.773, 495.026 1359.789, 474.852 1362.240, 456.484 1359.812, 424.146 1362.785, 411.536 1369.498, 382.146 1380.210, 349.184 1384.412, 329.520 1388.773, 318.243 1392.808, 309.982 1398.064, 303.913 1404.941, 292.273 1423.975, 285.267 1431.585, 276.141 1436.332, 266.050 1438.323, 206.488 1443.834, 164.453 1447.353, 140.449 1448.128, 63.427 1454.071, 10.000 1457.515)
LINESTRING (794.467 917.432, 769.708 917.918, 734.100 913.389, 697.336 912.311, 683.195 914.634, 669.787 917.190, 648.912 922.532, 639.473 924.635, 620.435 928.732, 614.846 930.360, 611.054 931.465)
LINESTRING (847.512 912.634, 860.976 911.296)
LINESTRING (794.467 917.432, 791.431 928.268, 795.497 953.490, 804.222 992.622)
LINESTRING (760.589 1370.220, 756.828 1311.349, 751.860 1295.061, 748.810 1282.746, 744.909 1250.862, 744.815 1239.094, 744.849 1202.169, 746.395 1180.571, 749.056 1158.260, 750.842 1141.911, 752.336 1132.205, 754.007 1122.507, 757.799 1108.514, 768.337 1086.737)
LINESTRING (1271.197 1337.157, 1249.982 1312.005, 1251.887 1305.606, 1264.300 1297.457)
LINESTRING (1171.026 1429.030, 1156.793 1451.146, 1138.100 1442.969, 1133.583 1453.715, 1112.918 1447.760, 1103.595 1461.175, 1101.889 1471.195, 1088.805 1473.580)
LINESTRING (1171.026 1429.030, 1183.294 1432.573, 1188.698 1436.123, 1193.386 1439.937, 1213.674 1455.073)
LINESTRING (1663.172 575.679, 1685.227 565.702, 1693.257 562.234, 1704.287 557.429, 1720.015 552.149, 1731.898 546.910, 1739.802 543.621, 1741.793 542.796, 1744.580 546.770, 1748.703 554.016, 1763.813 547.537, 1768.868 552.953, 1782.378 549.122, 1823.100 538.147)
LINESTRING (2393.188 1301.846, 2410.788 1305.141, 2417.459 1306.878, 2420.795 1307.752, 2428.416 1309.732, 2515.624 1333.165, 2539.436 1340.730, 2555.603 1344.510, 2582.887 1347.751)
LINESTRING (1739.364 1459.877, 1744.194 1492.746, 1752.415 1524.073, 1758.363 1553.658, 1765.810 1586.136, 1768.596 1596.526, 1769.958 1601.616, 1773.526 1615.165, 1775.222 1621.602, 1786.062 1685.042, 1789.929 1695.904, 1795.120 1711.991, 1795.125 1713.065, 1800.250 1741.620, 1801.083 1759.228, 1802.723 1769.479, 1807.092 1790.364, 1807.662 1793.060, 1817.063 1833.590, 1821.044 1855.611)
LINESTRING (1099.134 760.084, 1108.362 781.323, 1110.747 782.587, 1113.367 789.488, 1120.162 805.928)
LINESTRING (2049.739 710.115, 2128.945 707.037)
LINESTRING (1001.480 853.851, 1002.447 841.670, 991.958 824.881, 990.089 798.709, 1004.183 756.470, 1007.649 748.876, 1013.996 738.504, 1016.008 735.629)
LINESTRING (1189.531 768.193, 1187.610 763.322, 1183.487 745.403)
LINESTRING (1313.099 608.478, 1263.515 624.109, 1253.326 626.942, 1215.029 637.785)
LINESTRING (1438.925 1117.192, 1441.119 1106.767, 1441.728 1097.971, 1441.519 1090.627)
LINESTRING (1085.614 762.364, 1088.173 772.004, 1089.931 781.521, 1091.640 787.448, 1094.289 797.142, 1099.869 809.854, 1105.876 832.855, 1106.019 849.675, 1106.202 856.521)
LINESTRING (887.892 486.055, 875.980 498.421, 872.741 503.884, 868.767 514.666, 872.920 545.483, 873.863 560.996)
LINESTRING (1004.183 756.470, 992.387 756.478, 983.710 757.384, 980.490 757.716, 964.898 761.411, 960.122 762.640, 951.699 764.806, 935.075 767.296, 918.122 768.882, 901.625 770.538)
LINESTRING (2872.607 457.013, 2867.136 387.682, 2860.017 346.488, 2858.748 338.050, 2849.609 274.609, 2843.871 240.744, 2833.847 173.858, 2830.366 144.261, 2824.084 99.377, 2820.293 72.344, 2819.070 63.618, 2817.769 54.293, 2815.792 40.191, 2810.400 10.000)
LINESTRING (1178.635 492.238, 1175.438 484.303, 1170.856 473.816, 1168.836 468.214, 1163.706 463.153, 1154.441 454.260)
LINESTRING (1113.367 789.488, 1094.289 797.142)
LINESTRING (2271.486 865.942, 2278.659 866.132, 2285.929 865.512, 2292.258 863.874, 2297.194 860.581, 2300.780 856.709, 2303.047 852.212, 2303.700 846.618, 2303.480 833.412)
LINESTRING (2457.499 1159.364, 2444.363 1156.518, 2435.179 1151.335, 2430.469 1150.923, 2414.955 1153.817, 2408.400 1109.279, 2410.309 1106.073, 2439.592 1099.656, 2441.874 1096.300, 2440.549 1085.236)
LINESTRING (2324.575 953.860, 2329.287 963.825, 2331.402 972.739, 2341.413 1029.807, 2348.631 1068.727, 2349.386 1074.191, 2363.107 1173.242, 2379.139 1276.195)
LINESTRING (2344.658 945.352, 2346.982 940.045, 2348.838 937.316, 2353.487 933.939, 2358.068 932.857, 2363.792 931.659)
LINESTRING (2457.250 1169.275, 2459.599 1173.742, 2463.305 1177.171, 2467.938 1179.180, 2472.992 1179.532, 2477.866 1178.213, 2482.028 1175.342, 2485.000 1171.267, 2486.407 1166.660, 2486.272 1161.853, 2484.613 1157.343, 2481.593 1153.583, 2477.524 1150.979, 2472.833 1149.791, 2468.015 1150.155, 2463.553 1152.023, 2459.928 1155.197, 2457.499 1159.364, 2456.521 1164.298, 2457.250 1169.275)
LINESTRING (2779.691 974.226, 2722.440 994.620, 2702.347 1000.214, 2690.474 1003.268, 2682.581 1005.946, 2678.797 1009.777, 2679.559 1014.343, 2681.806 1017.803, 2691.628 1029.305, 2699.688 1038.150, 2711.577 1050.045, 2739.785 1103.662, 2743.774 1147.436, 2737.474 1149.749, 2741.214 1177.392, 2755.738 1176.452, 2761.895 1172.334)
LINESTRING (2582.422 1207.372, 2586.201 1222.714, 2595.873 1239.781, 2602.023 1266.293, 2607.643 1292.214, 2618.522 1347.209)
LINESTRING (2678.066 1189.091, 2678.918 1193.024, 2682.455 1210.086, 2684.588 1217.582, 2686.339 1223.708, 2693.140 1271.888, 2696.499 1296.167, 2698.845 1313.434, 2701.960 1345.928)
LINESTRING (2049.739 710.115, 2046.414 709.995, 2040.730 709.784)
LINESTRING (2217.299 521.682, 2213.650 502.217, 2214.173 480.589, 2215.808 452.275, 2219.424 389.912, 2224.518 365.041)
LINESTRING (1089.406 578.496, 1095.717 604.219)
LINESTRING (1288.803 521.442, 1292.304 532.897)
LINESTRING (1292.304 532.897, 1304.381 577.723, 1307.220 587.636, 1313.099 608.478, 1322.031 637.667, 1325.820 649.960, 1333.933 676.234, 1340.280 698.100, 1348.022 724.679, 1361.214 765.224, 1373.637 804.394)
LINESTRING (2275.562 726.111, 2261.872 679.144, 2239.732 586.271, 2217.299 521.682)
LINESTRING (2800.509 900.226, 2810.150 952.788, 2809.872 957.701, 2809.229 961.910, 2806.180 971.172)
LINESTRING (2874.500 574.998, 2876.111 560.758, 2875.862 533.068, 2875.788 497.961, 2872.607 457.013)
LINESTRING (2124.115 570.885, 2164.936 554.181, 2188.297 543.688, 2208.043 531.472, 2217.299 521.682)
LINESTRING (3095.425 438.944, 3094.203 421.584, 3091.060 405.193, 3089.448 393.978, 3088.408 380.561, 3088.262 371.287, 3089.246 367.473, 3088.759 328.782, 3086.490 302.626, 3050.087 232.397)
LINESTRING (2806.180 971.172, 2801.777 979.576, 2794.810 991.595, 2791.266 997.173, 2790.437 1002.149, 2790.526 1007.966, 2792.212 1020.222, 2796.821 1043.664, 2810.272 1094.202, 2811.596 1099.426, 2812.262 1104.193, 2812.732 1108.974, 2812.922 1113.559, 2812.944 1128.885, 2809.714 1173.433)
LINESTRING (3051.952 1287.648, 3054.262 1296.482, 3058.444 1303.772, 3069.872 1318.111, 3079.953 1333.489, 3088.598 1352.698, 3090.569 1356.960, 3092.357 1360.825, 3095.241 1375.625, 3095.825 1393.913, 3096.519 1402.181, 3097.466 1423.911, 3101.390 1461.558, 3103.724 1473.661, 3108.284 1488.415, 3120.158 1512.301, 3121.800 1515.614, 3124.685 1521.050, 3135.302 1535.223)
LINESTRING (2040.371 788.094, 2049.903 794.191, 2056.741 797.300, 2071.551 803.459, 2088.454 806.962)
LINESTRING (2103.172 1113.595, 2092.134 1047.155, 2087.326 1016.480, 2081.815 981.348, 2077.176 951.502)
LINESTRING (2004.649 476.817, 2016.253 575.264, 2018.301 587.936)
LINESTRING (2963.623 1312.221, 2971.862 1308.108, 2977.290 1305.541, 2982.508 1303.364, 2986.257 1301.274, 2990.203 1299.902, 3010.233 1294.100, 3051.952 1287.648)
LINESTRING (2125.593 1245.074, 2136.098 1297.082, 2137.654 1304.829, 2138.383 1308.387, 2144.530 1338.867, 2147.566 1353.885)
LINESTRING (1974.575 337.674, 1979.953 347.253, 1985.395 374.418, 1989.696 391.746, 2004.649 476.817)
LINESTRING (2128.685 814.889, 2184.946 832.461, 2251.237 857.974, 2271.486 865.942)
LINESTRING (1560.496 1823.047, 1550.492 1808.445, 1535.457 1782.886, 1521.464 1754.964, 1506.918 1719.868, 1506.616 1720.082, 1495.107 1689.965, 1489.529 1675.169, 1482.106 1638.080, 1476.062 1597.980, 1473.044 1572.833)
LINESTRING (1705.122 1016.828, 1724.784 1014.375, 1738.691 1012.999, 1758.847 1012.024, 1775.766 1011.593, 1792.175 1009.994, 1827.402 1005.455, 1843.649 1004.977, 1858.634 1002.378, 1868.746 1000.400, 1878.631 999.135, 1882.057 998.700, 1902.766 993.496, 1901.437 988.616, 1901.730 978.295, 1902.738 973.449, 1907.982 971.017, 1932.779 969.780, 1959.565 966.044, 2077.176 951.502)
LINESTRING (2827.000 771.294, 2828.897 786.018, 2832.536 812.830, 2838.753 858.680, 2844.279 874.873, 2847.191 884.430, 2858.318 905.589, 2873.466 925.064, 2885.532 941.999, 2898.459 966.380)
LINESTRING (2501.157 1271.138, 2519.431 1266.677)
LINESTRING (2515.624 1333.165, 2501.157 1271.138, 2497.460 1252.438)
LINESTRING (2077.176 951.502, 2187.565 936.051)
LINESTRING (2071.668 915.129, 2138.880 914.232, 2144.498 917.568)
LINESTRING (2247.057 957.668, 2230.882 962.011, 2220.590 963.748)
LINESTRING (2504.039 945.370, 2515.204 986.553, 2519.313 1000.006)
LINESTRING (2441.233 1076.805, 2397.145 966.887, 2395.596 963.905, 2392.961 960.905, 2376.718 948.006, 2368.665 941.156, 2366.670 932.263)
LINESTRING (2390.088 721.632, 2386.856 693.694, 2382.809 658.753)
LINESTRING (2837.335 561.208, 2828.967 581.845, 2825.639 583.753, 2821.408 596.067, 2817.084 607.385, 2810.813 605.309, 2808.121 604.637, 2797.776 601.819, 2793.212 602.014, 2787.707 605.513, 2783.406 605.505, 2776.906 604.020, 2769.963 601.156, 2767.487 600.380, 2762.288 629.286, 2755.692 692.454, 2758.226 709.773, 2764.731 710.893, 2779.255 706.916)
LINESTRING (2787.707 605.513, 2789.708 592.453, 2795.242 577.240, 2801.291 573.878, 2808.992 549.836, 2837.335 561.208, 2870.455 574.233)
LINESTRING (2441.452 483.004, 2445.203 527.368, 2447.651 556.347, 2451.097 597.137)
LINESTRING (2754.611 547.230, 2755.032 532.463, 2757.114 515.934, 2762.969 476.525, 2763.115 467.702, 2762.865 456.601)
LINESTRING (2648.619 386.271, 2626.403 388.136, 2610.807 388.714, 2603.486 389.933, 2589.151 388.943, 2572.993 388.776, 2562.040 389.878, 2535.868 393.161, 2486.056 397.253, 2440.358 402.177, 2434.642 400.326, 2423.161 404.661, 2401.185 410.325, 2381.085 415.464, 2366.229 420.421, 2360.760 423.676, 2337.422 427.153, 2336.697 429.656, 2324.632 433.101, 2331.538 448.422, 2295.425 463.277, 2310.546 495.075, 2310.653 498.609)
LINESTRING (2744.221 457.144, 2742.007 430.744, 2738.722 388.677, 2736.956 379.238, 2728.036 372.444, 2719.831 372.523, 2719.163 358.957, 2715.661 351.690, 2715.124 349.958, 2714.700 344.888, 2713.355 332.982, 2712.553 327.718, 2710.990 314.320, 2710.171 311.416, 2707.627 295.548, 2706.166 288.953, 2704.416 282.139, 2703.539 269.872, 2701.128 258.712, 2699.413 247.964, 2698.428 221.282, 2699.401 218.132, 2703.953 215.577, 2704.846 213.825, 2704.362 200.001, 2703.524 180.475)
LINESTRING (1716.526 289.667, 1717.994 307.522, 1719.142 321.469, 1720.361 326.949, 1722.337 335.865, 1727.642 357.325, 1729.987 370.103, 1732.045 377.755, 1735.849 391.954, 1736.118 395.751, 1734.929 397.463, 1737.393 408.156, 1741.166 415.020, 1745.009 432.720, 1743.866 442.865)
LINESTRING (1743.866 442.865, 1718.109 447.640, 1712.808 448.698, 1699.952 451.268, 1687.025 455.169, 1673.826 459.284, 1669.241 460.843, 1648.340 467.956, 1628.057 475.548, 1614.314 480.303, 1602.122 484.548, 1591.700 488.381, 1579.944 492.765, 1552.734 502.303)
LINESTRING (856.474 1501.992, 854.192 1490.986, 863.708 1450.827, 865.582 1422.254, 867.475 1420.056, 878.609 1417.863, 884.388 1416.387, 890.278 1413.702, 907.790 1400.550, 912.187 1399.015, 919.488 1401.320, 933.704 1393.023, 941.773 1383.171)
LINESTRING (796.647 1629.916, 767.063 1618.621, 757.188 1614.867)
LINESTRING (995.138 1630.870, 994.220 1638.651, 996.106 1645.995, 996.649 1661.768, 1003.734 1692.157, 1012.437 1713.924, 1012.760 1726.664, 1015.058 1746.025)
LINESTRING (2177.404 522.516, 2151.938 531.208, 2113.081 548.728, 2079.618 565.510, 2071.485 568.713, 2063.180 572.295, 2042.591 581.276, 2035.727 507.110, 2045.047 486.093, 2123.339 459.368)
LINESTRING (2123.339 459.368, 2190.759 440.283, 2177.404 522.516)
LINESTRING (2151.938 531.208, 2135.898 523.028, 2119.917 531.480, 2114.323 534.294, 2113.081 548.728)
LINESTRING (2113.081 548.728, 2108.634 558.209, 2102.761 565.802, 2091.512 571.907, 2082.828 567.239, 2079.618 565.510)
LINESTRING (2113.081 548.728, 2106.442 535.698, 2104.083 524.770, 2106.933 509.571, 2112.680 498.478, 2121.635 487.617, 2126.343 472.736, 2124.346 463.743, 2123.339 459.368)
LINESTRING (1902.953 493.635, 1905.961 546.897, 1907.035 572.016, 1908.426 597.242, 1909.983 610.120, 1914.102 615.648, 1922.714 615.043, 1923.828 615.726, 1924.483 616.747, 1928.182 630.438, 1932.388 652.356)
LINESTRING (1970.827 751.977, 1967.814 781.906, 1966.773 798.077, 1967.564 812.639, 1967.786 836.052, 1972.672 878.872, 1973.331 882.298, 1970.485 883.379, 1948.798 887.798, 1919.677 895.976)
LINESTRING (1967.786 836.052, 1958.553 837.420, 1952.077 838.428, 1941.594 840.677, 1931.252 843.124, 1929.319 837.343, 1923.713 838.495, 1908.490 842.516)
LINESTRING (1963.791 1066.576, 1959.518 1008.034, 1960.548 1001.847, 1961.421 994.288, 1959.565 966.044)
LINESTRING (2092.134 1047.155, 2124.423 1039.832)
LINESTRING (1925.168 930.344, 1939.353 927.689, 1962.304 923.386)
LINESTRING (2087.326 1016.480, 2160.572 1004.662)
LINESTRING (1642.180 863.797, 1656.346 860.444, 1675.102 855.931, 1677.936 871.263, 1696.818 868.710, 1698.707 879.168, 1699.539 883.733, 1701.053 891.292)
LINESTRING (1636.842 1698.281, 1688.013 1680.025, 1694.048 1677.870, 1698.281 1675.086, 1699.735 1671.797, 1697.687 1656.942, 1698.242 1651.404, 1701.330 1647.893, 1775.222 1621.602)
LINESTRING (963.507 636.082, 964.704 648.511, 968.420 649.058, 975.091 652.136, 978.587 652.475)
LINESTRING (1132.337 1553.802, 1129.423 1565.677, 1125.956 1566.711, 1114.065 1578.389, 1118.823 1580.152, 1119.523 1584.464, 1117.869 1587.512, 1117.940 1594.848, 1131.576 1595.979, 1142.248 1597.472, 1149.811 1599.540)
LINESTRING (856.474 1501.992, 861.188 1501.273, 881.325 1504.010, 909.933 1505.943, 956.797 1520.103)
LINESTRING (945.674 643.143, 944.181 629.267, 949.351 625.118, 950.364 619.197, 949.929 607.656, 941.594 606.197, 930.884 607.009, 920.892 609.762, 907.396 610.281, 905.867 613.106, 888.627 613.144, 884.955 615.821, 874.104 615.704)
LINESTRING (1001.480 853.851, 1009.226 865.525, 1015.418 884.013, 1019.942 898.867, 1025.947 912.393, 1030.260 919.736, 1032.706 953.391, 1034.491 974.179, 1034.854 980.468, 1036.513 987.837, 1041.365 992.812)
LINESTRING (864.800 640.545, 870.910 664.464, 882.524 697.794, 896.226 745.911, 901.625 770.538, 907.941 808.086, 911.107 820.221, 915.279 834.526, 924.997 870.574, 930.896 887.814, 933.248 901.047)
LINESTRING (1168.440 1567.235, 1178.240 1550.532, 1184.227 1535.523)
LINESTRING (1289.807 910.935, 1300.827 911.193, 1312.213 912.212, 1325.750 911.139)
LINESTRING (1149.816 510.963, 1155.811 546.022, 1172.955 540.433, 1184.394 577.500)
LINESTRING (1112.147 599.073, 1115.076 609.051, 1119.170 619.157, 1123.565 633.225, 1130.727 646.935, 1138.663 661.011, 1142.200 666.481, 1155.157 661.249, 1168.167 657.701)
LINESTRING (1094.727 674.149, 1097.197 675.921, 1100.267 676.821, 1116.840 672.725, 1129.306 670.570, 1137.660 668.394, 1142.200 666.481)
LINESTRING (1190.675 743.764, 1180.637 703.808, 1175.165 680.290, 1168.167 657.701, 1165.063 646.452)
LINESTRING (1097.934 612.633, 1095.717 604.219)
LINESTRING (1667.862 350.210, 1669.273 356.041, 1686.954 351.433, 1690.797 364.811, 1692.793 372.264, 1694.095 378.031, 1695.283 387.013, 1701.063 413.619, 1705.505 425.427, 1708.673 432.764, 1712.160 440.285, 1714.112 443.129, 1718.109 447.640)
LINESTRING (1487.983 776.814, 1491.250 792.727, 1493.631 795.909, 1495.388 798.178, 1497.077 800.527, 1499.542 806.222, 1502.866 812.682, 1503.777 816.559, 1507.142 830.321, 1507.525 833.806, 1505.450 837.126, 1499.511 837.728, 1495.971 840.669, 1493.102 843.612)
LINESTRING (1601.096 375.982, 1577.011 388.281, 1578.833 393.098, 1580.498 403.770, 1583.108 412.134, 1590.023 442.337, 1589.558 443.706, 1593.487 457.582, 1593.959 458.263, 1597.384 468.467, 1602.122 484.548)
LINESTRING (1656.790 403.045, 1661.116 420.749, 1665.655 439.604, 1673.826 459.284)
LINESTRING (1846.242 355.522, 1842.888 371.282, 1842.037 376.115, 1839.920 390.794, 1818.434 410.692, 1817.397 412.036, 1817.352 443.298, 1817.562 462.955, 1818.549 483.144, 1818.906 491.217, 1819.411 503.611, 1820.206 506.171)
LINESTRING (1820.206 506.171, 1820.963 519.714, 1823.100 538.147, 1825.517 556.200, 1828.332 587.445, 1832.819 611.132, 1842.394 630.427, 1844.999 642.083, 1844.999 643.468, 1844.505 645.614, 1842.735 647.444, 1830.847 659.432, 1831.036 666.023, 1829.526 673.889)
LINESTRING (1743.866 442.865, 1759.013 443.411, 1767.748 443.823, 1784.670 441.430, 1797.304 439.972, 1804.808 443.415, 1817.352 443.298)
LINESTRING (457.173 828.622, 459.571 823.724, 480.577 815.710, 499.094 808.173, 507.267 803.627, 509.533 798.421, 521.688 784.412, 535.856 773.345, 561.521 756.312, 572.608 747.105, 574.959 744.468, 594.028 727.615, 595.244 717.813, 598.800 717.498, 616.681 714.558, 639.478 706.963, 651.688 707.637, 664.741 712.976, 682.392 718.461, 689.163 720.961)
LINESTRING (646.812 437.925, 669.408 457.871, 673.226 478.664, 687.316 572.733, 687.682 591.423, 683.428 606.907, 684.255 618.975, 686.321 627.159, 686.635 635.610, 687.064 651.019, 685.791 656.688, 685.657 659.117, 687.182 661.678, 692.611 664.872, 696.195 667.970, 696.126 671.584, 695.515 678.795, 699.218 691.223, 707.859 702.751)
LINESTRING (816.701 644.344, 874.104 615.704)
LINESTRING (644.825 885.054, 644.708 873.707, 644.287 860.359, 644.303 852.203, 644.874 845.036, 647.385 834.030, 648.865 827.593, 649.251 822.723, 650.174 805.966, 657.560 786.548, 666.060 771.426, 673.080 751.946, 681.860 733.474, 689.163 720.961, 698.084 710.554, 707.859 702.751, 746.213 686.751, 753.950 681.347, 763.624 671.961, 776.269 659.818, 789.818 651.785, 800.005 648.785, 803.649 647.705)
LINESTRING (683.428 606.907, 691.044 602.059, 706.297 594.524, 717.926 589.543, 731.028 582.669, 758.108 574.493, 792.380 570.009)
LINESTRING (2113.081 548.728, 2133.631 552.004, 2148.887 546.122, 2151.938 531.208)
LINESTRING (2079.618 565.510, 2078.999 554.857, 2084.266 547.671, 2086.416 544.738, 2097.712 542.079, 2113.081 548.728)
LINESTRING (2983.747 1352.407, 3018.871 1344.715, 3035.535 1341.584, 3052.058 1338.201, 3079.953 1333.489)
LINESTRING (2982.508 1303.364, 2988.201 1280.370, 2991.085 1269.049, 2995.964 1261.636)
LINESTRING (1920.093 1406.701, 1928.905 1443.062, 1937.341 1477.865, 1942.566 1478.448, 1943.386 1481.428, 1944.124 1484.200)
LINESTRING (2158.433 887.168, 2155.898 895.093, 2161.473 896.724, 2169.013 872.507, 2184.946 832.461)
LINESTRING (1876.923 1205.658, 1879.905 1226.827, 1884.060 1251.527)
LINESTRING (1854.815 1421.858, 1920.093 1406.701, 1986.591 1391.262, 2007.482 1386.410, 2039.246 1379.038, 2079.220 1369.748, 2128.238 1358.372, 2147.566 1353.885)
LINESTRING (1739.364 1459.877, 1727.159 1464.500, 1698.883 1476.701, 1686.986 1482.183, 1647.431 1500.390)
LINESTRING (2414.955 1153.817, 2375.452 1160.783, 2370.758 1161.568)
LINESTRING (2090.872 1281.454, 2088.769 1262.533, 2093.050 1256.812, 2099.314 1251.883, 2104.760 1249.825)
LINESTRING (2486.573 1120.280, 2496.681 1138.993, 2521.086 1166.796, 2522.759 1167.993, 2524.228 1168.693)
LINESTRING (2496.681 1138.993, 2523.139 1130.065, 2532.208 1123.270, 2539.003 1118.180, 2557.026 1109.755, 2550.541 1094.939, 2542.986 1081.201)
LINESTRING (3051.952 1287.648, 2995.964 1261.636, 2951.539 1245.318, 2925.307 1232.488, 2889.406 1214.947, 2886.576 1213.556, 2832.516 1186.443, 2809.714 1173.433)
LINESTRING (2654.019 741.159, 2653.701 734.447)
LINESTRING (2015.695 633.186, 2033.172 632.437)
LINESTRING (2002.946 629.869, 2005.552 632.914)
LINESTRING (2042.784 627.795, 2049.129 627.298, 2054.002 626.622, 2058.512 623.956, 2069.760 623.547, 2077.338 622.313, 2086.471 620.193, 2095.744 615.988, 2104.691 613.173)
LINESTRING (2620.271 778.255, 2624.914 780.963, 2628.842 781.153, 2634.236 779.616, 2673.809 776.295, 2680.819 775.369, 2683.883 775.161, 2686.796 773.935)
LINESTRING (3217.223 1497.163, 3213.582 1488.358, 3208.470 1482.244, 3204.848 1478.481, 3201.885 1473.800, 3196.525 1459.644, 3189.470 1434.717, 3186.860 1426.242, 3183.018 1417.163, 3177.419 1407.187, 3170.357 1397.698, 3165.971 1394.322, 3157.946 1390.165, 3154.089 1389.364, 3146.948 1388.630, 3134.702 1388.054, 3112.927 1391.054, 3105.934 1392.468, 3101.797 1394.297, 3099.379 1396.369, 3096.519 1402.181)
LINESTRING (748.670 1464.193, 737.007 1463.800, 730.381 1463.193, 724.706 1462.174)
LINESTRING (3044.032 445.693, 3051.355 481.587, 3056.296 490.308, 3058.190 498.306, 3065.904 508.496, 3068.347 519.866, 3071.347 526.574, 3074.646 534.862)
LINESTRING (2859.547 971.243, 2862.552 983.303, 2863.783 988.972, 2868.307 1011.218, 2872.637 1018.462, 2878.079 1022.665, 2880.059 1026.827, 2880.571 1031.785, 2880.680 1036.216, 2880.754 1045.247, 2881.220 1059.214, 2882.211 1074.028, 2883.086 1085.409, 2884.724 1097.078)
LINESTRING (3090.826 948.725, 3089.850 936.426, 3091.237 923.807, 3094.629 905.598, 3093.184 897.240, 3088.049 895.315, 3080.776 892.123, 3076.474 886.939, 3070.482 886.533, 3064.779 886.345, 3063.620 881.618, 3062.371 873.933, 3059.901 861.998, 3060.895 857.452, 3079.605 850.249, 3082.370 844.693)
LINESTRING (3026.728 986.377, 3019.005 986.305, 2982.963 997.611, 2978.000 1006.200, 2986.290 1026.877)
LINESTRING (3095.425 438.944, 3103.415 442.603, 3104.702 450.265, 3104.889 461.810, 3106.061 470.371, 3114.768 525.385, 3107.300 529.587, 3111.102 546.634, 3113.614 556.607, 3115.588 565.390)
LINESTRING (1816.442 1593.998, 1814.984 1586.160, 1813.755 1578.520, 1811.895 1561.546, 1808.469 1547.596, 1801.095 1517.621)
LINESTRING (1483.931 1289.796, 1519.745 1285.691, 1525.663 1286.463, 1547.261 1285.712, 1557.056 1290.088, 1576.886 1290.570)
LINESTRING (919.399 982.535, 910.191 1007.175, 905.708 1037.590, 892.202 1121.023, 874.602 1230.877, 872.800 1249.708, 872.166 1265.908, 874.677 1310.024, 876.823 1336.912, 878.210 1345.226, 880.990 1352.325, 888.534 1370.850, 888.379 1380.338)
LINESTRING (847.512 912.634, 794.467 917.432)
LINESTRING (1369.290 1612.081, 1364.634 1600.520, 1364.015 1597.824, 1369.552 1593.792, 1366.583 1578.706)
LINESTRING (2294.367 1421.672, 2310.736 1418.578, 2315.551 1451.979, 2327.455 1529.224, 2328.953 1539.210, 2340.751 1613.031, 2351.401 1685.173, 2347.758 1689.223, 2339.040 1690.639, 2334.712 1685.744, 2325.086 1615.683, 2313.310 1541.984, 2299.380 1454.339, 2296.511 1435.672, 2294.367 1421.672)
LINESTRING (2299.380 1454.339, 2315.551 1451.979)
LINESTRING (2325.086 1615.683, 2340.751 1613.031)
LINESTRING (2313.310 1541.984, 2328.953 1539.210)
LINESTRING (2202.107 1440.553, 2204.439 1455.371, 2210.411 1493.256, 2198.882 1495.419)
LINESTRING (2441.896 1514.728, 2436.380 1533.975, 2425.845 1538.164, 2429.235 1545.952, 2426.007 1551.471, 2429.346 1585.834, 2406.219 1594.473, 2411.028 1624.527, 2421.417 1622.690, 2466.240 1614.742, 2471.347 1645.624)
LINESTRING (2460.956 1558.507, 2462.549 1575.529, 2456.760 1579.099, 2457.637 1582.711, 2457.237 1585.874, 2456.161 1588.737, 2453.698 1591.796, 2449.826 1594.265, 2444.915 1595.728, 2439.068 1595.808, 2434.508 1594.108, 2431.214 1590.485, 2429.346 1585.834, 2430.155 1580.105, 2433.093 1575.676, 2439.560 1572.574, 2445.356 1571.641, 2449.846 1571.835, 2452.985 1573.532, 2455.354 1575.827, 2456.760 1579.099)
LINESTRING (2745.105 1362.317, 2757.345 1371.791, 2762.279 1377.808, 2764.671 1383.970, 2766.638 1390.138, 2783.236 1479.121, 2790.661 1490.611, 2799.740 1498.222, 2836.526 1489.554, 2847.219 1487.524, 2854.173 1488.338, 2859.123 1491.185, 2864.599 1495.754, 2871.774 1504.034, 2875.710 1511.394, 2877.823 1518.779, 2913.036 1778.446, 2890.107 1792.987, 2837.973 1797.033)
LINESTRING (2598.756 1377.422, 2612.601 1372.257, 2622.532 1366.448, 2675.186 1359.801, 2711.844 1361.274, 2732.958 1361.153, 2745.105 1362.317, 2747.806 1369.494, 2767.314 1504.826, 2777.139 1573.033, 2802.029 1575.077, 2805.144 1574.968, 2808.454 1576.164, 2820.040 1662.854, 2835.260 1776.723, 2837.973 1797.033, 2840.671 1813.375)
LINESTRING (1340.280 698.100, 1361.919 692.329, 1378.019 687.553, 1400.692 680.991, 1405.033 679.668, 1411.152 677.789, 1418.623 675.259, 1427.586 672.155, 1429.254 671.578, 1430.531 671.173, 1441.825 667.616, 1451.077 664.053, 1456.861 662.245, 1464.099 659.985, 1476.514 654.772, 1477.867 654.199, 1484.435 651.250, 1498.724 647.507, 1503.129 646.494, 1511.279 643.844, 1524.941 639.623, 1535.224 636.445, 1551.878 631.108, 1567.133 626.588, 1583.859 621.427, 1604.730 615.035, 1630.124 606.851, 1659.473 597.229, 1672.017 592.779, 1686.786 588.088)
LINESTRING (1095.717 604.219, 1112.147 599.073, 1184.394 577.500, 1208.201 570.147, 1204.536 558.273, 1232.319 550.311, 1292.304 532.897)
LINESTRING (1215.029 637.785, 1209.644 635.632, 1171.701 644.277, 1165.063 646.452)
LINESTRING (2022.094 625.097, 2002.946 629.869, 1969.347 638.097, 1941.635 648.406, 1932.388 652.356, 1914.177 659.964, 1890.053 660.017, 1869.367 662.661, 1850.193 664.829, 1841.397 666.368, 1836.741 667.773, 1829.526 673.889)
LINESTRING (2310.653 498.609, 2264.715 509.753, 2217.299 521.682)
LINESTRING (1358.232 436.210, 1367.346 467.779, 1375.474 497.267, 1386.763 529.316, 1390.194 534.223, 1391.912 539.385, 1384.803 541.666, 1386.355 552.760, 1390.774 569.289)
LINESTRING (1817.147 681.750, 1815.933 696.805, 1814.030 701.895, 1812.688 706.867, 1806.770 721.222, 1787.810 759.160, 1784.656 767.182, 1782.684 773.005, 1778.084 782.066, 1773.398 803.618, 1765.742 818.484, 1761.643 826.010, 1757.545 833.557, 1752.619 844.064, 1746.238 857.749, 1742.186 866.448, 1733.192 890.287, 1720.751 918.040, 1714.769 925.558, 1717.543 967.520, 1696.398 980.499)
LINESTRING (1618.146 1017.755, 1621.383 1039.542, 1619.775 1061.794, 1620.982 1084.307, 1642.761 1084.451, 1643.767 1119.744)
LINESTRING (1902.766 993.496, 1904.601 997.837, 1906.389 1007.409, 1908.410 1017.455, 1911.873 1041.278, 1913.164 1061.385, 1913.771 1078.354, 1916.168 1092.750, 1918.440 1100.953)
LINESTRING (3092.630 1301.124, 3051.952 1287.648)
LINESTRING (2213.316 1699.195, 2175.670 1505.012, 2165.639 1447.989, 2153.972 1381.647, 2147.566 1353.885)
LINESTRING (2870.455 574.233, 2863.715 589.916, 2855.593 605.475, 2843.419 625.510, 2785.177 699.322, 2779.255 706.916, 2775.334 711.613, 2772.471 717.913)
LINESTRING (2833.655 454.618, 2795.658 455.036)
LINESTRING (3257.388 420.154, 3229.443 419.968, 3209.140 421.806, 3196.258 423.932, 3135.156 434.015, 3095.425 438.944, 3044.032 445.693, 3003.592 453.568, 2998.556 453.194, 2990.050 452.179, 2980.233 452.667, 2872.607 457.013)
LINESTRING (552.077 495.141, 562.759 508.746, 566.470 514.668, 574.573 525.018, 579.188 529.221, 587.843 535.351, 595.072 541.014, 601.740 549.633, 610.808 559.193, 619.375 569.592, 627.201 574.216, 634.961 576.159, 641.462 578.418, 647.839 582.409, 652.441 584.229, 653.364 586.089, 661.842 586.526, 671.917 588.992, 677.610 589.855, 684.256 591.171, 687.682 591.423)
LINESTRING (595.227 465.766, 614.022 476.899, 627.502 478.065, 642.579 479.220, 659.389 481.614, 671.221 481.296, 673.226 478.664)
LINESTRING (2061.038 833.080, 2061.518 822.058, 2064.855 815.829, 2068.860 811.541, 2074.608 809.213, 2088.454 806.962)
LINESTRING (2582.501 719.992, 2584.775 719.707, 2620.513 718.588, 2651.735 717.608, 2718.362 716.367)
LINESTRING (2304.575 724.418, 2275.562 726.111)
LINESTRING (2822.133 975.919, 2839.828 974.537, 2859.547 971.243, 2898.459 966.380, 2915.761 963.696, 2990.402 955.044, 3019.210 954.242, 3022.481 953.998, 3030.930 953.784, 3090.826 948.725, 3133.531 942.869, 3174.697 937.024, 3186.606 934.446)
LINESTRING (795.888 778.002, 811.757 771.544, 841.772 763.761)
LINESTRING (1644.983 1491.603, 1633.674 1496.180, 1631.612 1493.969, 1629.760 1491.967, 1628.689 1490.751, 1626.247 1485.299, 1625.117 1481.303, 1624.720 1480.433, 1623.361 1480.585, 1614.555 1482.102, 1595.368 1486.044)
LINESTRING (1418.525 561.815, 1410.776 564.216, 1394.747 568.414, 1390.774 569.289, 1335.118 580.858, 1307.220 587.636)
LINESTRING (1891.502 1307.345, 1918.072 1301.661, 1918.391 1295.407, 1940.106 1289.480, 1945.782 1320.110)
LINESTRING (1724.616 1199.943, 1733.641 1199.997, 1745.968 1198.454, 1760.005 1197.242)
LINESTRING (1732.043 1323.715, 1726.724 1324.209, 1711.457 1324.928, 1707.700 1325.700)
LINESTRING (1940.106 1289.480, 1944.761 1288.031, 1950.961 1286.361, 1956.370 1285.246, 1964.098 1284.187)
LINESTRING (2795.658 455.036, 2762.865 456.601, 2744.221 457.144, 2699.379 459.683, 2666.335 461.696, 2631.272 463.836, 2577.957 467.854, 2552.093 470.545, 2520.146 474.095, 2505.177 475.773, 2466.608 479.779, 2441.452 483.004, 2355.053 491.098, 2310.653 498.609)
LINESTRING (751.733 1521.865, 735.344 1520.562, 733.529 1517.706, 733.887 1505.710, 733.953 1503.393, 730.574 1500.104)
LINESTRING (730.574 1500.104, 728.988 1488.025)
LINESTRING (728.988 1488.025, 730.404 1487.030, 729.193 1483.611, 728.647 1477.657, 728.255 1472.110, 730.381 1463.193)
LINESTRING (1672.795 989.034, 1676.346 1014.241)
LINESTRING (1676.346 1014.241, 1687.236 1014.358, 1703.871 1014.074)
LINESTRING (1696.398 980.499, 1672.795 989.034)
LINESTRING (2362.285 533.133, 2325.262 537.018)
LINESTRING (960.836 1637.937, 995.138 1630.870, 1018.840 1626.011)
LINESTRING (2189.941 552.143, 2200.648 547.487)
LINESTRING (2249.793 506.167, 2234.184 505.760)
LINESTRING (2206.035 528.873, 2200.648 547.487)
LINESTRING (2198.392 513.751, 2196.876 523.369)
LINESTRING (2259.652 523.176, 2242.393 530.526)
LINESTRING (2231.432 523.816, 2234.184 505.760)
LINESTRING (2186.805 527.618, 2196.876 523.369)
LINESTRING (1983.752 315.618, 1990.652 347.738, 1995.951 374.617, 1994.154 375.871, 1998.063 392.020, 1999.986 391.284, 2007.682 431.096, 2013.162 445.948, 2025.570 458.201, 2026.966 460.043, 2028.317 485.247, 2019.053 503.792, 2021.194 511.786, 2029.941 583.732, 2033.557 587.771, 2048.521 604.511, 2055.501 603.551, 2119.221 562.131, 2171.618 540.802, 2177.069 538.378, 2180.908 535.666, 2186.805 527.618, 2198.392 513.751, 2202.628 504.728, 2205.120 493.656, 2207.166 455.784, 2210.015 400.103, 2220.124 327.113, 2221.634 310.580, 2222.175 294.615)
LINESTRING (2242.029 547.896, 2242.213 539.704, 2241.793 534.978, 2242.393 530.526)
LINESTRING (2222.909 496.272, 2226.395 503.073, 2234.184 505.760)
LINESTRING (2219.417 553.270, 2213.262 548.866, 2209.399 547.677, 2200.648 547.487)
LINESTRING (1854.815 1421.858, 1862.460 1465.227, 1872.127 1499.205, 1881.984 1544.882, 1886.113 1556.129, 1887.814 1562.234, 1888.322 1564.033, 1889.497 1566.998, 1891.771 1577.517, 1897.363 1592.678, 1901.370 1603.628, 1907.443 1610.736, 1917.597 1626.223, 1921.030 1631.384, 1922.906 1635.093, 1924.926 1645.793, 1925.082 1649.969, 1923.081 1668.758, 1923.230 1677.521, 1926.059 1688.165, 1929.997 1730.921, 1928.350 1740.995, 1930.974 1755.443, 1932.875 1773.990, 1933.342 1778.505, 1935.574 1814.756)
LINESTRING (1473.044 1572.833, 1478.223 1564.993, 1479.477 1550.747, 1478.556 1541.174, 1468.568 1478.144, 1464.169 1437.922, 1460.612 1405.800, 1459.100 1387.613, 1460.386 1377.899, 1469.862 1341.819, 1481.997 1306.234, 1483.931 1289.796, 1484.395 1284.082, 1485.082 1255.060)
LINESTRING (1904.263 1355.520, 1974.987 1343.326, 1978.871 1347.506, 1980.400 1350.444, 1986.591 1391.262)
LINESTRING (1015.032 1378.915, 1032.627 1373.929, 1041.743 1372.684, 1050.448 1371.722, 1058.834 1370.488, 1087.243 1368.024, 1105.390 1362.987, 1126.847 1357.716, 1130.556 1357.754, 1148.231 1362.896, 1151.892 1363.743, 1156.298 1364.303, 1168.876 1363.809, 1178.832 1363.417, 1181.385 1360.501, 1182.667 1353.324, 1185.420 1343.357, 1188.468 1340.511)
LINESTRING (1088.805 1473.580, 1066.827 1478.969, 1041.686 1485.333, 1049.040 1518.699, 1057.082 1537.671, 1057.180 1540.518)
LINESTRING (1485.732 465.533, 1489.673 459.483, 1493.888 455.414, 1499.088 453.403, 1508.177 450.142, 1515.399 447.472, 1518.157 446.459, 1519.763 449.917, 1541.802 442.378)
LINESTRING (2887.906 613.624, 2909.861 598.409, 2913.939 597.256, 2917.878 596.116, 2945.404 592.373, 2958.853 599.315, 2964.322 598.244, 2969.572 597.707, 2971.576 604.329, 2988.444 601.595, 3014.769 595.895)
LINESTRING (809.590 1361.920, 813.357 1318.260, 833.666 1213.223, 841.083 1147.438, 844.982 1113.318, 846.906 1081.908, 847.242 1071.918)
LINESTRING (744.849 1202.169, 827.733 1212.141, 833.666 1213.223)
LINESTRING (1813.755 1578.520, 1822.564 1575.108, 1826.845 1571.558, 1830.455 1570.844, 1836.360 1570.663, 1836.720 1569.594, 1836.524 1568.234, 1835.637 1563.991, 1836.406 1558.960, 1835.698 1557.629, 1832.618 1557.438, 1829.585 1557.790, 1824.185 1558.817, 1813.307 1561.715, 1811.895 1561.546)
LINESTRING (1836.406 1558.960, 1838.898 1556.554, 1845.179 1555.715, 1848.598 1554.083, 1855.413 1551.884, 1866.975 1547.847, 1881.984 1544.882)
LINESTRING (1866.975 1547.847, 1862.170 1546.971, 1857.614 1544.108, 1853.859 1537.100, 1847.427 1539.139, 1848.323 1532.522, 1852.709 1531.597, 1854.480 1530.575, 1855.599 1529.518, 1853.514 1522.022, 1847.384 1522.306, 1841.956 1522.768, 1835.081 1518.352, 1831.225 1519.136, 1828.612 1511.969, 1833.113 1508.627)
LINESTRING (1823.279 1484.093, 1821.101 1471.955, 1820.171 1468.167, 1828.934 1465.620, 1822.643 1455.633, 1815.462 1445.458, 1812.206 1431.706, 1812.638 1427.977)
LINESTRING (1833.113 1508.627, 1834.060 1503.638, 1837.228 1502.354, 1837.876 1500.638, 1836.568 1499.504, 1835.899 1494.559, 1838.358 1491.943, 1838.724 1485.533, 1836.868 1483.996, 1834.907 1482.682, 1823.279 1484.093, 1806.645 1486.471, 1807.813 1495.454, 1808.516 1502.093, 1799.896 1502.090, 1796.275 1501.275, 1793.489 1501.656, 1791.911 1501.623, 1784.663 1500.935, 1787.798 1518.147)
LINESTRING (1834.060 1503.638, 1836.589 1501.731, 1836.690 1501.242, 1836.503 1500.546, 1827.832 1501.119, 1825.764 1502.067, 1824.961 1503.896, 1817.633 1505.326, 1814.463 1502.865, 1808.516 1502.093)
LINESTRING (3124.685 1521.050, 3112.836 1528.658, 3102.730 1532.519, 3096.450 1535.563)
LINESTRING (757.760 831.100, 777.729 812.207, 785.957 801.666, 787.204 797.659, 795.319 787.485, 799.572 786.229)
LINESTRING (1651.797 1541.843, 1625.505 1544.797)
LINESTRING (3047.146 1312.824, 3058.959 1311.954)
LINESTRING (3058.959 1311.954, 3069.872 1318.111)
LINESTRING (2991.390 1321.961, 3002.238 1319.741)
LINESTRING (2974.843 1325.721, 2991.390 1321.961, 2992.247 1312.408)
LINESTRING (2999.374 1305.673, 3002.238 1319.741, 3007.333 1344.783, 3051.818 1335.822, 3047.146 1312.824, 3043.860 1296.701, 2999.374 1305.673)
LINESTRING (1027.019 1437.173, 1022.809 1424.387, 1021.732 1407.790, 1015.322 1389.172, 1015.032 1378.915, 1015.693 1373.907, 1006.447 1354.885, 995.817 1336.458)
LINESTRING (1065.342 1396.917, 1043.067 1401.546, 1030.770 1402.313, 1021.732 1407.790)
LINESTRING (2288.896 917.334, 2289.347 928.687, 2292.007 931.354, 2305.166 930.100, 2319.912 929.455)
LINESTRING (2363.792 931.659, 2366.670 932.263, 2373.408 933.822, 2384.270 936.965, 2391.515 938.805, 2395.578 939.492, 2400.206 939.706, 2425.141 936.196, 2436.861 936.469, 2489.573 943.340, 2504.039 945.370, 2526.307 948.069, 2533.915 948.354, 2541.018 947.747, 2550.671 946.130, 2575.301 942.015, 2603.218 937.346)
LINESTRING (2287.042 931.799, 2292.007 931.354, 2292.415 934.540)
LINESTRING (2262.790 887.105, 2268.728 875.576, 2271.486 865.942)
LINESTRING (2365.354 985.396, 2353.442 988.418, 2349.769 988.878, 2344.911 989.920)
LINESTRING (2542.986 1081.201, 2550.324 1084.126, 2583.963 1069.449, 2585.988 1071.837, 2566.140 1080.231, 2558.607 1092.646, 2550.541 1094.939)
LINESTRING (2331.800 860.419, 2334.176 872.599, 2313.976 876.166)
LINESTRING (2236.195 919.229, 2241.347 930.263, 2247.057 957.668)
LINESTRING (2240.569 886.345, 2227.592 882.965, 2214.144 877.508)
LINESTRING (1840.018 1344.665, 1819.019 1349.562)
LINESTRING (2075.195 982.614, 2081.815 981.348, 2146.184 972.278)
LINESTRING (931.388 646.421, 931.170 641.382, 930.973 637.794, 929.517 634.445, 928.375 632.488, 928.845 630.786, 927.728 620.595, 931.659 615.997, 930.884 607.009)
LINESTRING (944.181 629.267, 936.127 631.029, 936.205 631.649, 934.563 632.082, 932.096 632.647, 928.375 632.488, 923.461 632.312, 914.041 632.287, 911.988 638.621, 913.689 645.346)
LINESTRING (1435.429 596.934, 1423.545 598.438)
LINESTRING (714.493 1415.305, 715.705 1415.278, 715.700 1412.740, 715.703 1404.384, 715.698 1393.302, 693.328 1393.877, 693.470 1404.912, 693.215 1412.862, 693.441 1415.651, 696.221 1415.524)
LINESTRING (722.423 1404.646, 719.101 1393.355, 718.001 1387.962, 717.662 1385.551, 713.579 1374.137)
LINESTRING (1300.827 911.193, 1297.382 895.926)
LINESTRING (1133.226 965.495, 1142.048 962.270, 1146.825 960.354)
LINESTRING (1207.191 960.765, 1194.010 961.921, 1183.342 963.608)
LINESTRING (1126.393 928.375, 1129.270 948.904, 1133.226 965.495, 1134.664 971.791, 1135.747 978.082, 1135.176 981.769, 1135.365 984.061)
LINESTRING (1266.162 1538.319, 1314.282 1529.080)
LINESTRING (1906.861 1222.602, 1903.044 1195.237, 1900.962 1182.178, 1901.487 1180.210, 1903.503 1179.029, 1896.155 1129.317)
LINESTRING (1879.905 1226.827, 1905.105 1224.011, 1906.861 1222.602)
LINESTRING (1796.487 1092.916, 1823.397 1091.815, 1824.132 1093.645)
LINESTRING (1825.577 1092.528, 1824.132 1093.645, 1823.585 1096.135, 1796.757 1097.511, 1796.487 1092.916)
LINESTRING (692.500 1071.526, 693.613 1072.796, 695.962 1072.930, 701.839 1072.117, 735.127 1057.207, 738.246 1056.699, 740.900 1057.449, 757.712 1070.781)
LINESTRING (2915.761 963.696, 2918.450 980.138, 2920.805 990.877, 2928.682 1021.777, 2936.792 1054.590, 2933.885 1061.290, 2902.713 1073.118)
LINESTRING (1828.444 1072.896, 1793.840 1075.354)
LINESTRING (2827.383 175.774, 2864.028 424.505, 2868.483 454.742)
LINESTRING (1431.742 431.832, 1445.524 439.965, 1457.811 447.686, 1465.403 452.558, 1472.229 456.908, 1485.732 465.533, 1504.383 477.035, 1519.913 486.729, 1540.234 499.903, 1552.734 502.303, 1575.081 520.791, 1594.061 533.940, 1617.220 547.696, 1654.797 570.574, 1663.172 575.679, 1686.786 588.088, 1719.828 608.990, 1753.845 630.499, 1772.599 641.668, 1780.763 647.219, 1786.908 652.299, 1794.381 657.105, 1807.536 661.967, 1821.086 668.320, 1829.526 673.889, 1839.824 681.905, 1899.977 714.892, 1911.140 723.427, 1924.097 731.129, 1937.825 738.953, 1946.245 741.641, 1952.516 743.650, 1970.827 751.977, 2006.582 768.753, 2025.047 776.080, 2029.076 777.166, 2032.886 776.627)
LINESTRING (2222.909 496.272, 2225.220 458.962, 2225.931 451.804, 2229.570 414.996, 2236.045 346.721, 2239.502 310.270)
LINESTRING (2249.793 506.167, 2302.816 497.441, 2310.546 495.075)
LINESTRING (924.442 901.855, 933.248 901.047)
LINESTRING (1653.369 1564.440, 1620.389 1565.125)
LINESTRING (3135.302 1535.223, 3144.503 1534.466, 3176.277 1517.633, 3211.268 1500.923, 3217.223 1497.163)
LINESTRING (1765.810 1586.136, 1749.360 1589.022, 1746.721 1588.592, 1746.020 1586.341, 1745.225 1583.050, 1743.646 1575.048)
LINESTRING (1446.567 492.966, 1445.203 486.956, 1440.084 474.072, 1453.744 466.847, 1466.231 460.404, 1472.229 456.908)
LINESTRING (1739.117 1452.644, 1733.029 1447.375, 1722.513 1447.198)
LINESTRING (2809.714 1173.433, 2761.895 1172.334)
LINESTRING (725.069 1440.604, 719.906 1438.846, 701.243 1432.111, 688.065 1430.620, 673.452 1422.255)
LINESTRING (693.441 1415.651, 647.504 1410.811, 640.628 1409.986, 634.109 1407.117, 619.068 1399.190, 604.957 1389.367, 600.821 1386.199, 597.657 1382.098, 595.479 1377.186)
LINESTRING (2115.687 1246.163, 2125.593 1245.074)
LINESTRING (2104.760 1249.825, 2115.687 1246.163)
LINESTRING (2577.957 467.854, 2575.363 437.481, 2572.181 424.725, 2572.238 422.386, 2571.464 403.956, 2571.420 395.701, 2571.805 389.900, 2589.151 388.943)
LINESTRING (2575.363 437.481, 2569.333 437.929)
LINESTRING (3074.646 534.862, 3071.968 538.855, 3067.063 543.000, 3067.145 547.553, 3064.970 548.647, 3060.141 548.945, 3048.181 548.465, 3045.290 549.823, 3043.271 557.286, 3044.459 561.947, 3037.229 562.677, 3035.931 567.315, 3030.189 567.925, 3027.706 568.790, 3024.993 568.794, 3011.694 569.219, 3010.219 568.064, 3003.685 569.206, 3007.418 579.007, 3007.335 581.579, 3011.523 584.193, 3012.340 591.374, 3014.769 595.895, 3030.927 607.655, 3041.555 610.990, 3040.763 616.597, 3038.766 624.913, 3037.082 632.372, 3041.200 639.298, 3044.243 648.332, 3045.680 652.524, 3048.483 654.791, 3050.939 659.877, 3051.198 663.686, 3051.670 667.990, 3045.098 670.584, 3041.975 671.579, 3021.300 677.922, 3010.623 671.020, 3002.105 672.055, 2997.317 674.558, 2988.922 680.258, 2977.451 687.462, 2972.978 689.296, 2969.955 691.842, 2961.970 697.879, 2957.978 700.227, 2953.929 704.227, 2953.019 704.772, 2953.138 706.266, 2953.936 709.835, 2954.701 712.429, 2955.362 713.893, 2954.328 715.448, 2952.861 722.859, 2950.820 727.231, 2953.125 733.583, 2949.881 740.188, 2949.004 741.629)
LINESTRING (3135.371 1418.464, 3135.560 1394.647, 3138.275 1394.809, 3143.537 1395.203, 3148.545 1395.778, 3153.212 1396.645, 3155.389 1397.247, 3159.395 1398.822, 3161.204 1399.839, 3162.877 1401.035, 3164.395 1402.422, 3165.748 1404.022, 3168.354 1407.820, 3172.341 1414.515, 3177.191 1423.769, 3179.577 1428.856, 3180.664 1431.191, 3181.705 1433.770, 3183.421 1438.800, 3188.812 1456.723, 3192.855 1468.238, 3195.087 1473.571, 3196.486 1476.389, 3197.704 1478.179, 3206.907 1486.986, 3209.609 1489.886, 3210.201 1490.664, 3210.799 1491.853, 3210.982 1492.914, 3210.877 1493.902, 3210.544 1494.804, 3210.041 1495.576, 3208.745 1496.679, 3188.063 1506.779, 3173.723 1514.033, 3147.219 1527.492, 3144.326 1528.684, 3141.417 1528.690, 3138.460 1528.099, 3135.791 1526.207, 3127.509 1514.772, 3124.748 1509.756, 3120.521 1502.068, 3114.478 1490.603, 3108.364 1472.523, 3106.434 1463.318, 3104.793 1452.159, 3103.332 1429.549, 3102.641 1420.117, 3101.684 1403.419, 3103.277 1398.665, 3105.597 1396.683, 3110.013 1395.050, 3114.921 1394.096, 3135.560 1394.647)
LINESTRING (3174.164 1495.653, 3179.095 1491.331, 3179.920 1490.367, 3180.584 1489.150, 3181.478 1485.990, 3181.828 1481.963, 3181.816 1479.669, 3181.431 1474.566, 3180.605 1468.881, 3178.643 1459.510, 3177.751 1456.309, 3175.431 1450.278, 3174.051 1447.471, 3171.012 1442.260, 3169.401 1439.877, 3166.158 1435.610, 3163.062 1432.029, 3159.191 1428.047, 3156.756 1425.942, 3153.778 1423.832, 3150.399 1421.872, 3146.737 1420.205, 3142.923 1418.982, 3141.004 1418.576, 3137.204 1418.306, 3135.371 1418.464, 3133.630 1418.776, 3130.614 1419.626, 3128.105 1420.801, 3126.035 1422.315, 3125.120 1423.214, 3123.501 1425.297, 3122.075 1427.776, 3120.744 1430.676, 3120.109 1432.557, 3118.999 1437.936, 3117.731 1448.414, 3116.865 1462.389, 3116.806 1467.454, 3117.019 1470.089, 3117.918 1472.360, 3119.986 1476.487, 3121.785 1479.654, 3123.477 1482.235, 3140.070 1502.190, 3141.550 1503.710, 3142.617 1504.527, 3144.553 1505.464, 3147.155 1506.083, 3150.670 1506.390, 3153.241 1506.211, 3155.838 1505.721, 3159.727 1504.505, 3162.257 1503.417, 3165.841 1501.529, 3166.976 1500.849, 3170.407 1498.652, 3174.164 1495.653)
LINESTRING (1823.533 1137.028, 1826.320 1138.109, 1828.708 1138.220, 1832.871 1137.598)
LINESTRING (1338.237 495.596, 1331.647 504.108, 1326.113 508.362, 1319.621 511.765, 1288.803 521.442)
LINESTRING (1369.614 432.585, 1358.232 436.210, 1340.258 442.397, 1337.003 445.279)
LINESTRING (1722.513 1447.198, 1721.353 1448.189, 1727.159 1464.500)
LINESTRING (775.614 1048.703, 772.592 1053.399, 757.712 1070.781, 746.420 1090.131, 737.954 1106.294, 728.131 1127.098, 719.509 1159.110, 713.322 1172.461, 706.843 1186.059, 699.368 1208.293, 692.246 1256.110)
LINESTRING (768.337 1086.737, 769.285 1080.363, 770.754 1074.580, 772.113 1070.184, 772.771 1069.266, 774.052 1065.580, 774.594 1063.401, 774.649 1061.682, 772.592 1053.399)
LINESTRING (1773.398 803.618, 1767.468 802.004, 1759.366 798.757, 1758.699 799.742, 1756.311 801.071, 1753.541 801.940)
LINESTRING (1784.656 767.182, 1771.091 770.571, 1764.291 772.404, 1754.556 774.532, 1752.371 774.883, 1749.015 766.030, 1752.714 762.467, 1759.332 760.293, 1757.687 753.998, 1754.259 747.817, 1748.349 741.925)
LINESTRING (1752.371 774.883, 1751.212 773.026)
LINESTRING (1751.212 773.026, 1749.968 771.503, 1741.037 774.750, 1737.827 777.299, 1737.218 781.762)
LINESTRING (1737.827 777.299, 1734.589 779.959)
LINESTRING (1751.212 773.026, 1752.258 776.658, 1752.811 778.202)
LINESTRING (1778.084 782.066, 1791.704 782.002, 1791.325 768.764)
LINESTRING (1757.545 833.557, 1757.815 831.670)
LINESTRING (1421.734 480.907, 1430.147 479.428, 1429.179 474.310)
LINESTRING (1445.203 486.956, 1451.765 484.329, 1451.429 482.859)
LINESTRING (1504.383 477.035, 1497.017 482.898, 1486.570 486.322)
LINESTRING (1794.053 775.697, 1802.199 774.865, 1818.941 772.364, 1832.606 769.118, 1835.011 768.276, 1843.481 768.149, 1849.016 766.854, 1853.384 764.589, 1861.251 761.423, 1867.788 758.374, 1873.441 755.626, 1876.956 761.640, 1890.803 758.746, 1896.988 755.969, 1905.225 748.874, 1910.756 747.225, 1913.664 747.119, 1914.660 742.827, 1918.578 742.242)
LINESTRING (1466.231 460.404, 1470.767 473.263, 1471.872 476.140, 1467.751 477.693, 1468.349 479.613, 1482.390 474.976, 1476.418 471.080, 1470.767 473.263)
LINESTRING (1835.011 768.276, 1835.166 773.106)
LINESTRING (1835.166 773.106, 1835.250 777.781, 1835.803 782.206, 1835.834 784.444, 1826.960 787.525, 1822.881 786.373, 1822.116 780.931, 1818.329 781.692, 1812.447 784.310, 1798.917 788.729)
LINESTRING (776.038 1047.988, 789.862 1050.557, 799.838 1052.358, 809.868 1055.168, 815.211 1057.111, 828.957 1057.653)
LINESTRING (772.771 1069.266, 779.210 1073.444, 787.679 1074.635, 798.007 1075.501, 806.537 1076.081, 817.562 1077.436, 830.657 1079.384, 846.906 1081.908)
LINESTRING (752.336 1132.205, 764.897 1134.780, 770.618 1135.510, 795.957 1139.948, 815.291 1143.073, 821.155 1144.887, 841.083 1147.438)
LINESTRING (770.618 1135.510, 772.164 1130.325, 774.044 1120.059, 775.688 1114.119)
LINESTRING (795.957 1139.948, 803.988 1110.160)
LINESTRING (815.291 1143.073, 818.097 1113.401)
LINESTRING (1429.179 474.310, 1430.526 472.563, 1438.694 470.490, 1440.084 474.072)
LINESTRING (3030.930 953.784, 3030.647 970.643, 3026.728 986.377, 3024.782 1000.633, 3024.276 1004.740, 3025.779 1018.095, 3028.682 1039.388, 3030.302 1056.953, 3034.261 1067.416, 3037.640 1075.094, 3041.069 1081.386, 3046.378 1081.646, 3068.401 1080.128, 3111.258 1074.658, 3137.511 1070.921, 3205.796 1059.055)
LINESTRING (2297.604 841.504, 2270.940 732.889, 2244.688 638.565, 2226.662 567.367, 2219.417 553.270)
LINESTRING (2322.166 951.521, 2324.575 953.860, 2328.141 955.706, 2332.095 956.350, 2336.061 955.720, 2339.626 953.887, 2342.437 951.034, 2343.900 948.332, 2344.658 945.352, 2344.621 941.961, 2343.679 938.694, 2341.884 935.804, 2339.387 933.500, 2336.358 931.945, 2332.630 931.232, 2328.868 931.638, 2325.397 933.148, 2322.531 935.614, 2320.523 938.811, 2319.610 942.037, 2319.597 945.384, 2320.460 948.630, 2322.166 951.521)
LINESTRING (2336.358 931.945, 2334.146 926.025, 2329.494 916.879, 2324.456 906.886, 2317.390 889.949, 2313.976 876.166, 2308.817 852.277, 2303.480 833.412)
LINESTRING (1856.925 945.995, 1825.628 948.031)
LINESTRING (1907.982 971.017, 1901.332 967.251, 1895.108 937.670)
LINESTRING (1878.631 999.135, 1874.756 979.772, 1873.275 975.360, 1901.332 967.251)
LINESTRING (2404.151 721.506, 2422.806 721.861, 2432.869 722.045, 2460.867 722.572, 2504.193 723.166, 2508.510 722.952, 2545.870 721.456, 2582.501 719.992)
LINESTRING (1547.321 1565.252, 1545.333 1566.233)
LINESTRING (3134.702 1388.054, 3123.698 1385.377, 3117.978 1383.217, 3113.439 1380.131, 3108.068 1374.608, 3103.816 1369.413, 3099.843 1362.286, 3097.728 1354.724, 3097.003 1348.506, 3097.164 1340.103, 3099.465 1317.066, 3098.623 1310.262, 3096.818 1305.223, 3092.630 1301.124)
LINESTRING (1578.122 1525.034, 1571.743 1499.346)
LINESTRING (1542.165 1543.071, 1543.171 1542.370, 1559.862 1534.760, 1564.392 1527.849, 1578.122 1525.034, 1586.348 1527.293, 1612.547 1526.224)
LINESTRING (1619.157 1616.939, 1618.520 1640.929, 1622.820 1666.779, 1633.997 1687.127, 1636.842 1698.281)
LINESTRING (2579.779 671.602, 2636.888 666.701, 2639.984 665.949, 2640.886 664.086, 2641.104 660.537, 2635.731 626.002)
LINESTRING (3095.167 1183.101, 3080.836 1161.277)
LINESTRING (2737.474 1149.749, 2721.801 1146.794, 2703.290 1147.567, 2695.124 1149.784)
LINESTRING (3019.210 954.242, 3012.037 931.600, 2999.066 897.368, 3000.245 895.578, 3001.717 892.201, 3006.964 889.237, 3008.835 885.455, 3005.189 870.444, 3003.894 852.831, 3008.099 845.858, 3013.447 840.921, 3017.188 838.243, 3017.460 836.522, 3017.238 834.663, 3016.149 819.906, 3016.020 813.281, 3015.821 801.537)
LINESTRING (2782.154 777.822, 2797.649 777.877)
LINESTRING (2797.649 777.877, 2804.308 775.803, 2817.482 772.011, 2827.000 771.294)
LINESTRING (3037.640 1075.094, 3022.058 1079.483, 2990.541 1086.284)
LINESTRING (910.622 835.133, 870.878 840.379)
LINESTRING (1188.468 1340.511, 1199.097 1338.182, 1222.188 1333.398, 1225.725 1330.967, 1230.502 1322.579, 1233.484 1320.754, 1249.982 1312.005)
LINESTRING (1271.766 1336.218, 1320.889 1338.912, 1357.614 1340.901, 1362.579 1341.165, 1368.228 1338.128, 1371.166 1330.918)
LINESTRING (2632.220 931.986, 2640.251 958.938, 2634.360 960.936, 2647.711 1004.782)
LINESTRING (2684.588 1217.582, 2733.634 1216.803)
LINESTRING (873.863 560.996, 875.644 577.827, 876.795 590.544, 884.955 615.821, 898.756 632.464, 903.340 639.482, 913.689 645.346, 918.239 647.056, 931.388 646.421, 932.700 646.425, 939.647 645.254, 945.674 643.143, 963.507 636.082, 994.141 630.242, 1006.311 627.348, 1026.103 624.261, 1060.138 619.747)
LINESTRING (803.649 647.705, 812.151 645.515, 816.701 644.344)
LINESTRING (2868.483 454.742, 2870.040 493.740, 2869.909 532.683, 2870.403 561.002, 2870.461 563.771, 2870.455 574.233)
LINESTRING (2040.371 788.094, 2050.749 804.818, 2055.289 814.453, 2058.611 823.650, 2061.038 833.080)
LINESTRING (2388.748 1310.373, 2392.001 1306.638, 2393.188 1301.846)
LINESTRING (2383.236 1302.503, 2386.465 1308.587, 2388.748 1310.373)
LINESTRING (2380.079 1282.211, 2379.947 1289.116, 2375.608 1295.670, 2369.561 1301.337, 2355.880 1307.730)
LINESTRING (2417.459 1306.878, 2404.423 1297.636, 2396.657 1290.074, 2390.118 1281.397)
LINESTRING (2411.570 1469.274, 2410.583 1459.126)
LINESTRING (2469.940 1499.229, 2464.253 1467.713)
LINESTRING (2456.143 1453.007, 2464.253 1467.713)
LINESTRING (2337.733 1434.034, 2356.876 1430.426)
LINESTRING (2120.077 610.990, 2128.829 609.818)
LINESTRING (2104.691 613.173, 2106.463 616.507, 2109.608 618.614, 2113.381 619.005, 2116.893 617.583, 2119.319 614.691, 2120.077 610.990, 2118.197 606.251, 2113.773 603.696, 2108.704 604.408, 2105.174 608.102, 2104.691 613.173)
LINESTRING (2159.553 607.702, 2176.474 605.975)
LINESTRING (2155.710 603.621, 2154.855 595.199, 2149.199 574.709)
LINESTRING (2137.306 609.425, 2151.236 608.946)
LINESTRING (2133.463 605.355, 2130.189 592.434, 2132.593 585.032, 2139.461 580.904, 2149.199 574.709, 2189.941 552.143)
LINESTRING (2155.953 611.996, 2157.826 611.216, 2159.126 609.669, 2159.553 607.702, 2159.014 605.759, 2157.622 604.282, 2155.710 603.621, 2153.702 603.926, 2152.071 605.123, 2151.179 606.930, 2151.236 608.946, 2152.226 610.706, 2153.928 611.802, 2155.953 611.996)
LINESTRING (2155.953 611.996, 2157.622 619.387, 2132.564 619.674, 2133.715 613.729)
LINESTRING (2133.715 613.729, 2135.589 612.961, 2136.889 611.403, 2137.306 609.425, 2136.766 607.482, 2135.375 606.016, 2133.463 605.355, 2131.661 605.579, 2130.116 606.531, 2129.110 608.030, 2128.829 609.818, 2129.599 611.990, 2131.404 613.451, 2133.715 613.729)
LINESTRING (2033.172 632.437, 2042.784 627.795)
LINESTRING (2005.552 632.914, 2015.695 633.186)
LINESTRING (2018.301 587.936, 2022.094 625.097)
LINESTRING (2059.040 607.769, 2124.115 570.885)
LINESTRING (2018.301 587.936, 2022.909 594.622, 2028.728 600.305, 2035.545 604.766, 2043.092 607.821, 2049.472 608.421, 2059.040 607.769)
LINESTRING (2726.330 803.860, 2755.557 799.761, 2760.483 801.533, 2761.588 805.208, 2760.301 885.226, 2761.860 913.530)
LINESTRING (2864.028 424.505, 2833.492 437.565, 2833.655 454.618)
LINESTRING (2395.041 1344.375, 2349.420 1356.069, 2320.435 1364.754, 2313.065 1367.481, 2306.905 1371.388, 2305.616 1373.767, 2305.131 1377.197, 2305.634 1380.083, 2310.816 1384.035, 2314.269 1387.733, 2316.580 1392.301, 2320.573 1413.169, 2310.736 1418.578)
LINESTRING (2165.639 1447.989, 2169.091 1447.299, 2202.107 1440.553, 2294.367 1421.672)
LINESTRING (2489.573 943.340, 2489.410 905.365, 2488.584 902.672, 2484.042 895.797, 2482.025 893.298, 2480.504 876.485, 2478.970 873.248, 2476.238 871.745, 2470.292 871.150, 2439.318 870.077)
LINESTRING (2590.574 821.680, 2559.043 821.656, 2523.182 820.959)
LINESTRING (2466.608 479.779, 2473.189 520.459, 2472.386 538.955, 2476.021 582.656)
LINESTRING (870.878 840.379, 856.070 842.235)
LINESTRING (915.279 834.526, 910.622 835.133)
LINESTRING (1921.030 1631.384, 1933.123 1624.281, 1928.195 1607.250, 1920.943 1594.782, 1920.179 1592.288, 1916.881 1582.603, 1912.780 1562.557, 1908.321 1551.680, 1886.113 1556.129)
LINESTRING (2538.375 1623.598, 2597.093 1614.142, 2765.499 1577.215, 2777.139 1573.033)
LINESTRING (2597.093 1614.142, 2585.821 1537.543)
LINESTRING (2585.165 1384.589, 2598.756 1377.422, 2596.111 1347.637)
LINESTRING (2582.887 1347.751, 2596.111 1347.637, 2618.522 1347.209, 2701.960 1345.928, 2793.500 1347.185)
LINESTRING (2393.188 1301.846, 2390.118 1281.397, 2388.581 1274.315)
LINESTRING (2379.139 1276.195, 2380.079 1282.211, 2383.236 1302.503)
LINESTRING (2317.558 1245.852, 2336.101 1312.422)
LINESTRING (2103.172 1113.595, 2125.593 1245.074)
LINESTRING (1884.060 1251.527, 1891.502 1307.345, 1885.671 1307.868, 1865.526 1312.488, 1836.274 1318.274)
LINESTRING (1854.815 1421.858, 1846.962 1377.826, 1843.131 1368.115, 1842.696 1361.605, 1842.616 1360.775, 1841.851 1353.161, 1840.018 1344.665, 1836.274 1318.274, 1829.298 1259.027, 1828.315 1252.047, 1827.687 1240.065)
LINESTRING (1645.025 1253.807, 1645.065 1227.963, 1645.844 1200.680)
LINESTRING (1485.082 1255.060, 1484.549 1247.155, 1476.192 1122.654, 1472.936 1102.430)
LINESTRING (954.818 1379.356, 962.247 1370.898, 967.311 1365.553, 974.181 1358.067, 995.817 1336.458, 1010.517 1319.578, 1016.128 1311.654, 1025.905 1298.288, 1039.641 1283.038, 1065.290 1274.950, 1091.735 1262.263)
LINESTRING (957.678 1395.042, 950.395 1386.133, 941.773 1383.171, 888.379 1380.338, 866.412 1379.422)
LINESTRING (956.797 1520.103, 975.106 1524.782, 1000.595 1530.082)
LINESTRING (805.879 1001.221, 793.585 1024.407, 776.038 1047.988, 775.614 1048.703)
LINESTRING (857.410 991.778, 859.838 958.931, 861.130 941.027, 861.414 929.464, 858.672 920.869, 847.512 912.634)
LINESTRING (933.248 901.047, 934.292 920.249, 933.279 931.932, 931.396 947.040, 926.416 964.264, 919.399 982.535)
LINESTRING (953.035 1136.764, 915.303 1125.493, 892.202 1121.023)
LINESTRING (950.395 1386.133, 954.818 1379.356)
LINESTRING (769.910 1411.759, 758.186 1410.525, 742.023 1402.059)
LINESTRING (847.242 1071.918, 850.569 1039.247, 854.452 1011.157, 857.410 991.778)
LINESTRING (804.222 992.622, 805.879 1001.221)
LINESTRING (1195.449 1610.659, 1200.409 1594.899, 1204.347 1587.929, 1205.987 1585.956)
LINESTRING (2946.287 623.878, 2944.133 611.274, 2946.245 596.905, 2945.404 592.373)
LINESTRING (2631.272 463.836, 2630.135 438.308, 2638.900 435.894, 2656.068 434.209, 2658.058 444.177, 2668.631 442.726, 2672.064 435.542, 2674.431 430.445, 2676.315 429.733, 2675.797 425.728, 2675.185 419.154, 2675.186 414.876, 2672.985 408.978)
LINESTRING (2440.358 402.177, 2442.834 423.830)
LINESTRING (2443.852 648.755, 2446.534 651.611, 2447.912 655.016, 2449.025 659.212, 2449.136 667.367, 2450.540 673.398, 2488.009 666.172, 2492.256 667.310, 2494.342 669.842, 2497.682 686.896, 2500.888 689.157, 2506.570 689.212, 2512.413 690.185)
LINESTRING (2508.510 722.952, 2507.836 703.934, 2509.587 697.061, 2512.413 690.185, 2518.350 689.451, 2524.313 690.621, 2529.688 696.388, 2536.291 705.385, 2545.870 721.456)
LINESTRING (2578.086 585.763, 2577.650 585.614, 2572.052 583.053, 2565.971 583.402, 2509.944 587.324)
LINESTRING (844.982 1113.318, 873.984 1118.781)
LINESTRING (873.984 1118.781, 892.202 1121.023)
LINESTRING (2364.223 1071.517, 2358.752 1072.501, 2355.024 1073.172, 2349.386 1074.191, 2339.814 1075.929)
LINESTRING (2393.726 1273.358, 2388.581 1274.315, 2379.139 1276.195, 2369.840 1277.763)
LINESTRING (2393.726 1273.358, 2377.110 1170.978, 2375.452 1160.783, 2367.710 1099.385, 2364.223 1071.517, 2349.769 988.878, 2346.987 970.055)
LINESTRING (2346.987 970.055, 2341.585 970.982, 2331.402 972.739, 2320.460 974.628)
LINESTRING (2320.460 974.628, 2326.132 1000.693, 2327.500 1006.958, 2339.215 1071.105, 2339.814 1075.929, 2343.250 1100.074, 2353.866 1174.742, 2369.840 1277.763, 2370.413 1282.143, 2369.531 1285.446, 2367.840 1287.963, 2366.533 1289.034)
LINESTRING (2366.533 1289.034, 2369.561 1301.337, 2370.326 1304.652, 2372.276 1312.382)
LINESTRING (2353.866 1174.742, 2363.107 1173.242, 2367.506 1172.539, 2372.367 1171.752, 2377.110 1170.978)
LINESTRING (2144.498 917.568, 2169.989 916.488, 2175.076 910.601, 2190.271 909.595, 2190.764 916.814, 2159.989 919.462, 2160.032 922.631, 2144.983 924.144, 2144.498 917.568)
LINESTRING (2523.956 1017.895, 2526.011 1026.134, 2538.503 1082.270)
LINESTRING (2554.537 980.088, 2581.557 974.034)
LINESTRING (2554.537 980.088, 2552.164 970.268, 2553.794 963.929, 2550.671 946.130)
LINESTRING (2469.320 763.093, 2475.288 763.134, 2475.463 773.039, 2469.310 773.189, 2469.320 763.093)
LINESTRING (2469.320 763.093, 2469.392 755.335, 2469.469 747.954, 2468.641 745.859, 2457.634 743.638, 2424.511 744.135, 2423.347 740.504, 2422.806 721.861)
LINESTRING (2469.392 755.335, 2459.517 755.193, 2457.352 751.931, 2457.634 743.638)
LINESTRING (2128.945 707.037, 2130.838 706.978)
LINESTRING (2999.066 897.368, 2976.991 903.043, 2965.914 902.240, 2959.471 876.640, 2955.987 867.756)
LINESTRING (983.710 757.384, 974.738 711.750)
LINESTRING (960.122 762.640, 955.228 728.830)
LINESTRING (992.977 723.401, 1001.011 723.058, 999.317 736.158, 1013.996 738.504)
LINESTRING (2251.237 857.974, 2247.867 866.109)
LINESTRING (2247.867 866.109, 2244.742 873.422)
LINESTRING (1116.307 648.319, 1112.608 638.319, 1123.565 633.225)
LINESTRING (1075.572 618.936, 1060.138 619.747)
LINESTRING (1075.572 618.936, 1097.934 612.633, 1115.076 609.051)
LINESTRING (1528.895 1042.673, 1526.107 1037.868, 1520.128 1029.096, 1515.591 1022.631, 1513.155 1019.783)
LINESTRING (1191.371 826.636, 1192.537 817.511, 1196.063 815.678, 1197.866 810.567, 1197.397 793.640, 1198.079 793.021, 1212.174 791.686)
LINESTRING (2132.593 585.032, 2124.004 587.321, 2111.504 590.650, 2086.711 600.210, 2062.036 614.100, 2045.338 621.310, 2042.784 627.795)
LINESTRING (2015.695 633.186, 2020.935 717.037, 2024.444 764.397, 2025.047 776.080)
LINESTRING (2042.784 627.795, 2039.006 637.177, 2037.129 649.903, 2040.193 695.064, 2040.730 709.784, 2041.390 719.117, 2044.327 776.636, 2047.674 782.685, 2054.927 789.457)
LINESTRING (2025.047 776.080, 2029.107 783.760, 2034.945 789.409, 2040.285 798.412, 2043.439 806.902)
LINESTRING (1924.097 731.129, 1919.583 735.003, 1918.578 742.242)
LINESTRING (3103.724 1473.661, 3108.364 1472.523, 3117.019 1470.089)
LINESTRING (3124.748 1509.756, 3120.158 1512.301, 3115.723 1514.722)
LINESTRING (3090.569 1356.960, 3097.728 1354.724)
LINESTRING (2126.343 472.736, 2126.780 488.821, 2123.669 496.443, 2118.566 504.093, 2112.003 508.172, 2106.933 509.571)
LINESTRING (1105.824 1173.126, 1104.578 1162.859, 1102.682 1152.601, 1094.515 1123.911, 1094.341 1116.311)
LINESTRING (2080.423 1377.699, 2080.680 1383.502, 2081.539 1403.017, 2081.666 1405.852, 2081.810 1409.108, 2082.256 1415.773)
LINESTRING (2081.810 1409.108, 2090.259 1408.948, 2090.691 1419.581, 2096.134 1419.507, 2099.112 1419.466, 2099.097 1416.252, 2098.723 1407.658, 2098.335 1398.709, 2097.929 1389.229, 2093.167 1389.349, 2089.647 1389.430, 2090.028 1402.834, 2081.539 1403.017)
LINESTRING (2099.097 1416.252, 2105.961 1416.236, 2105.744 1407.551, 2105.522 1398.511, 2105.296 1389.227, 2097.929 1389.229)
LINESTRING (2098.723 1407.658, 2105.744 1407.551)
LINESTRING (2098.335 1398.709, 2105.522 1398.511)
LINESTRING (2082.256 1415.773, 2082.604 1430.386)
LINESTRING (2082.604 1430.386, 2096.474 1429.974, 2120.578 1429.257, 2119.543 1409.124)
LINESTRING (2080.680 1383.502, 2092.998 1382.769, 2117.614 1381.302, 2118.362 1397.050)
LINESTRING (2096.134 1419.507, 2096.474 1429.974)
LINESTRING (2060.702 1406.095, 2043.903 1407.233)
LINESTRING (2062.990 1406.086, 2081.666 1405.852)
LINESTRING (2093.167 1389.349, 2092.998 1382.769)
LINESTRING (2482.025 893.298, 2475.180 893.945, 2473.744 892.801, 2473.035 890.717, 2470.292 871.150)
LINESTRING (3056.593 1114.753, 3044.133 1086.929, 3041.069 1081.386)
LINESTRING (3036.217 1395.333, 3045.777 1399.924, 3051.158 1400.405, 3067.719 1399.116, 3095.825 1393.913)
LINESTRING (1390.385 1171.285, 1391.991 1187.731, 1392.828 1196.263, 1393.187 1198.641, 1393.299 1199.670, 1393.524 1201.684)
LINESTRING (1698.883 1476.701, 1712.164 1520.314, 1697.879 1524.278, 1696.311 1531.503, 1651.741 1540.647)
LINESTRING (2925.307 1232.488, 2927.855 1223.322, 2927.809 1219.898, 2926.298 1216.107, 2905.769 1204.152)
LINESTRING (2889.406 1214.947, 2893.846 1204.968, 2896.386 1197.364, 2896.801 1193.779, 2895.830 1190.601, 2892.100 1178.872, 2891.848 1177.002, 2892.176 1167.756, 2892.647 1163.272, 2894.604 1161.406, 2901.045 1158.559, 2912.222 1153.664)
LINESTRING (1152.764 1147.590, 1147.915 1138.492, 1144.144 1129.612, 1141.381 1122.347, 1137.639 1114.186)
LINESTRING (1661.381 954.294, 1658.799 946.528, 1648.069 895.521)
LINESTRING (2868.483 454.742, 2833.655 454.618)
LINESTRING (2060.702 1406.095, 2062.990 1406.086)
LINESTRING (2386.856 693.694, 2407.769 689.641, 2414.236 687.968, 2417.359 684.778)
LINESTRING (2358.291 698.606, 2386.856 693.694)
LINESTRING (1464.579 1000.968, 1449.272 936.316, 1449.231 933.291, 1451.198 932.211, 1455.002 929.787, 1490.886 922.845)
LINESTRING (1438.673 1007.662, 1464.579 1000.968, 1471.919 1015.473, 1476.497 1021.328, 1479.837 1023.255, 1485.932 1024.623, 1490.948 1023.634, 1514.116 1006.427)
LINESTRING (2799.740 1498.222, 2788.313 1501.403, 2767.314 1504.826)
LINESTRING (2169.409 1293.179, 2172.200 1292.432, 2201.758 1284.470)
LINESTRING (2161.267 1294.211, 2169.409 1293.179)
LINESTRING (2168.157 1303.303, 2204.484 1295.614)
LINESTRING (2162.992 1304.205, 2168.157 1303.303)
LINESTRING (2136.098 1297.082, 2161.267 1294.211)
LINESTRING (2138.383 1308.387, 2162.992 1304.205)
LINESTRING (3006.926 484.087, 2991.172 485.298, 2993.205 507.168)
LINESTRING (672.541 1556.326, 677.630 1589.923)
LINESTRING (972.969 1435.469, 961.899 1448.055, 961.688 1452.070, 962.846 1454.492, 978.129 1459.999)
LINESTRING (1357.614 1340.901, 1358.441 1350.132, 1359.784 1353.127, 1362.532 1354.242, 1379.547 1353.000, 1383.306 1353.813, 1386.207 1355.346, 1387.970 1357.328, 1388.863 1369.949)
LINESTRING (1815.825 1613.732, 1789.993 1616.380, 1788.327 1611.383, 1773.526 1615.165)
LINESTRING (1887.814 1562.234, 1871.873 1566.985)
LINESTRING (1829.585 1557.790, 1826.766 1544.176, 1808.469 1547.596)
LINESTRING (1686.986 1482.183, 1679.267 1422.081, 1714.146 1418.843, 1715.131 1429.557, 1747.505 1430.698)
LINESTRING (1714.146 1418.843, 1710.128 1370.415)
LINESTRING (1655.539 1596.115, 1659.477 1607.088, 1661.610 1613.021)
LINESTRING (1811.391 847.580, 1802.703 851.268)
LINESTRING (1762.400 856.751, 1746.238 857.749)
LINESTRING (1590.465 578.848, 1581.642 543.906, 1575.081 520.791)
LINESTRING (1581.642 543.906, 1589.388 540.586, 1594.061 533.940)
LINESTRING (1643.884 576.010, 1654.797 570.574)
LINESTRING (2491.397 1506.239, 2467.047 1509.076)
LINESTRING (2666.335 461.696, 2666.532 466.713, 2666.540 469.495, 2666.575 470.580, 2666.672 473.405, 2666.863 478.001, 2668.173 480.742, 2670.548 483.481, 2675.650 488.010, 2678.409 493.624, 2682.004 495.437, 2687.104 498.415, 2692.267 498.743, 2698.389 499.236, 2704.427 500.838, 2708.166 503.780, 2710.352 507.096, 2713.883 514.396, 2714.376 521.581, 2714.551 527.197, 2711.921 532.508, 2706.473 535.131, 2699.912 537.913, 2693.551 542.311, 2691.112 548.561, 2694.965 591.761, 2695.881 596.702, 2698.000 600.252)
LINESTRING (1238.193 1219.201, 1239.573 1228.502, 1239.667 1235.338, 1242.900 1242.375, 1247.218 1249.397, 1262.598 1259.015, 1267.219 1259.428)
LINESTRING (1300.522 1068.383, 1319.404 1063.680, 1321.440 1060.449, 1322.880 1055.409, 1326.605 1051.579, 1331.877 1049.800, 1335.281 1047.748, 1338.223 1037.922, 1333.565 1006.868)
LINESTRING (2797.415 1307.347, 2849.471 1311.880)
LINESTRING (2693.140 1271.888, 2742.604 1266.371)
LINESTRING (2970.959 1292.495, 2968.345 1287.433)
LINESTRING (2977.290 1305.541, 2970.959 1292.495)
LINESTRING (2968.345 1287.433, 2964.785 1289.631, 2962.721 1290.812, 2948.058 1298.270, 2935.283 1304.550)
LINESTRING (1601.140 699.860, 1596.379 701.466, 1584.600 705.639)
LINESTRING (1566.939 756.891, 1562.845 741.001)
LINESTRING (1519.980 768.308, 1518.476 758.576, 1514.845 743.411, 1513.391 731.617, 1510.507 728.432)
LINESTRING (1510.507 728.432, 1499.411 729.892, 1499.435 740.951, 1489.257 741.723, 1482.685 749.349, 1471.668 755.817)
LINESTRING (1486.164 777.227, 1483.224 769.266, 1480.271 768.254, 1479.528 765.106, 1477.278 760.682, 1472.481 761.180, 1471.668 755.817)
LINESTRING (1384.857 767.492, 1382.807 764.750)
LINESTRING (1375.045 761.155, 1382.807 764.750)
LINESTRING (1361.214 765.224, 1371.608 761.524, 1375.045 761.155)
LINESTRING (1458.249 694.352, 1459.240 701.176)
LINESTRING (1411.152 677.789, 1412.734 683.785, 1415.698 692.753, 1418.585 700.482, 1419.998 707.101, 1421.796 715.210, 1412.981 717.570, 1397.773 721.225)
LINESTRING (1378.019 687.553, 1378.436 688.511, 1382.713 698.304, 1385.060 700.422, 1389.029 710.042)
LINESTRING (1463.312 693.152, 1458.249 694.352, 1451.462 695.698, 1448.909 692.962, 1440.269 695.142)
LINESTRING (1476.241 703.846, 1473.523 703.462, 1470.182 701.502, 1469.399 699.762, 1468.479 695.941, 1463.312 693.152, 1461.674 679.444)
LINESTRING (1418.623 675.259, 1420.965 683.483, 1423.682 688.111, 1424.462 688.854, 1429.910 687.006, 1432.216 688.260, 1434.378 689.859, 1435.951 689.539, 1438.710 689.279, 1439.536 692.038, 1440.269 695.142, 1440.731 697.119, 1437.510 703.192, 1430.911 711.772, 1421.796 715.210)
LINESTRING (1441.825 667.616, 1442.357 669.049, 1445.870 678.531, 1448.182 683.109, 1449.280 686.219)
LINESTRING (1449.280 686.219, 1452.906 683.111, 1461.674 679.444, 1468.545 673.488, 1466.223 665.264, 1464.099 659.985)
LINESTRING (1484.375 673.481, 1483.757 683.075, 1485.272 692.142, 1476.241 703.846, 1470.301 709.447, 1469.603 718.931, 1463.566 720.333, 1464.984 726.630, 1466.379 734.834, 1460.348 740.934, 1458.302 746.392, 1457.519 751.833, 1460.243 762.024, 1462.975 764.137, 1467.258 781.565)
LINESTRING (1477.867 654.199, 1478.666 663.541, 1480.296 671.587, 1484.375 673.481, 1486.956 674.676, 1492.625 675.983, 1495.215 681.378, 1498.917 688.829, 1503.501 693.011)
LINESTRING (1503.129 646.494, 1503.993 654.118, 1504.750 661.078, 1508.032 668.868, 1509.776 672.988, 1511.839 678.911, 1520.938 676.381)
LINESTRING (1549.464 675.857, 1554.664 673.879, 1560.332 672.161, 1563.275 672.487, 1565.525 684.757)
LINESTRING (1535.224 636.445, 1535.697 640.794, 1537.409 645.503, 1540.787 655.197, 1545.248 667.636, 1548.849 674.159, 1549.464 675.857, 1551.361 681.095, 1552.570 685.101, 1548.725 686.661)
LINESTRING (1579.305 600.057, 1583.799 599.076)
LINESTRING (1564.598 535.275, 1554.092 538.034)
LINESTRING (1551.878 631.108, 1551.378 629.896, 1550.644 627.413, 1550.075 625.481, 1548.147 619.401, 1550.869 618.644, 1548.213 608.385)
LINESTRING (1524.941 639.623, 1524.498 637.568, 1517.607 600.449, 1529.809 597.678, 1535.745 596.809, 1537.219 602.873)
LINESTRING (1499.529 604.078, 1498.208 598.377)
LINESTRING (1502.109 610.979, 1499.529 604.078)
LINESTRING (1511.279 643.844, 1511.031 643.006, 1510.327 640.599, 1508.051 631.433, 1508.138 630.545, 1506.302 623.267, 1505.295 619.613, 1502.109 610.979)
LINESTRING (1498.724 647.507, 1497.933 644.438, 1493.032 621.510, 1474.092 624.197, 1472.492 616.151, 1477.538 614.386, 1476.727 610.641)
LINESTRING (1476.514 654.772, 1476.341 653.655, 1474.531 646.798, 1473.204 641.386)
LINESTRING (1427.377 647.612, 1436.888 645.664, 1446.293 644.659)
LINESTRING (1415.951 655.216, 1416.778 659.415, 1429.012 656.831, 1427.377 647.612, 1426.667 644.740, 1414.145 647.239, 1415.951 655.216)
LINESTRING (1400.692 680.991, 1398.195 672.925, 1400.638 670.564, 1399.337 658.425, 1398.081 652.469, 1395.725 636.721, 1392.682 619.863, 1390.694 610.149, 1390.381 606.729, 1376.329 609.094, 1370.526 610.226, 1368.733 600.388)
LINESTRING (1361.919 692.329, 1361.611 691.491, 1358.597 681.015)
LINESTRING (1337.836 647.323, 1340.668 656.028, 1341.923 659.745)
LINESTRING (1334.518 636.952, 1337.836 647.323, 1325.820 649.960)
LINESTRING (1322.031 637.667, 1334.518 636.952, 1349.120 635.854, 1353.979 638.480, 1356.314 639.711)
LINESTRING (1349.897 670.153, 1351.078 669.970)
LINESTRING (1333.933 676.234, 1341.031 673.067)
LINESTRING (1341.031 673.067, 1349.897 670.153)
LINESTRING (1335.118 580.858, 1336.430 588.786, 1338.612 598.231)
LINESTRING (1465.283 553.693, 1467.448 564.091, 1468.892 570.887)
LINESTRING (1541.791 556.577, 1539.840 549.533, 1549.114 546.835)
LINESTRING (1535.302 560.201, 1541.791 556.577, 1543.334 562.617, 1547.866 561.558, 1551.778 578.548, 1573.662 573.350)
LINESTRING (1515.860 538.537, 1520.269 548.594, 1524.570 560.149, 1534.070 556.672, 1535.302 560.201, 1537.354 568.861)
LINESTRING (1541.061 528.516, 1545.284 540.892)
LINESTRING (1399.337 658.425, 1407.061 657.066, 1408.529 656.947, 1409.973 656.572, 1413.886 655.610, 1415.951 655.216)
LINESTRING (1736.735 658.782, 1737.957 658.666)
LINESTRING (1750.514 678.962, 1751.823 684.462)
LINESTRING (1763.425 658.793, 1763.440 657.020, 1759.864 657.346, 1760.123 658.938, 1758.084 659.188)
LINESTRING (1780.763 647.219, 1775.458 651.613, 1773.758 652.080, 1767.234 653.887, 1767.649 659.023, 1763.425 658.793)
LINESTRING (1753.845 630.499, 1747.164 636.021, 1747.685 639.482, 1748.812 642.548, 1750.013 645.246, 1750.184 649.145, 1752.795 651.093)
LINESTRING (1794.381 657.105, 1792.901 657.780, 1784.882 660.604, 1786.255 665.816, 1784.586 666.382, 1773.635 669.724)
LINESTRING (1777.157 693.546, 1774.830 686.386)
LINESTRING (1751.823 684.462, 1755.853 700.022)
LINESTRING (1749.133 673.163, 1750.195 677.991)
LINESTRING (1738.996 676.925, 1741.030 674.238, 1749.133 673.163)
LINESTRING (1731.647 653.089, 1729.761 642.864)
LINESTRING (1731.733 654.351, 1731.647 653.089)
LINESTRING (1729.459 639.533, 1726.809 626.814)
LINESTRING (1724.552 708.950, 1719.513 697.561, 1714.368 684.078, 1719.741 682.475, 1721.778 682.170, 1738.996 676.925, 1737.996 668.029)
LINESTRING (1708.582 674.295, 1707.126 670.248)
LINESTRING (1709.427 685.609, 1704.442 687.406, 1700.785 678.247)
LINESTRING (1710.169 687.217, 1709.427 685.609, 1712.186 684.684, 1708.582 674.295)
LINESTRING (1621.576 730.033, 1619.858 723.407)
LINESTRING (1623.646 738.593, 1621.576 730.033)
LINESTRING (1619.858 723.407, 1619.077 720.437, 1629.323 718.191, 1633.406 734.647)
LINESTRING (1668.384 687.501, 1668.354 682.404, 1669.916 681.984, 1669.529 680.371)
LINESTRING (1626.825 693.546, 1635.561 691.176, 1637.978 698.413, 1660.785 692.892, 1665.837 690.218, 1668.648 689.504, 1672.373 688.566, 1673.971 695.016, 1681.505 704.277, 1687.929 720.335)
LINESTRING (1598.432 687.231, 1614.060 685.454)
LINESTRING (1595.387 673.043, 1616.868 669.424, 1615.292 661.622, 1593.910 665.317)
LINESTRING (1637.366 632.950, 1637.443 633.492, 1638.842 634.813)
LINESTRING (1630.124 606.851, 1633.279 620.417, 1635.876 619.938, 1641.878 618.847, 1642.962 628.152)
LINESTRING (1709.741 631.481, 1711.897 625.423)
LINESTRING (1711.897 625.423, 1712.883 619.646, 1719.828 608.990)
LINESTRING (1689.582 648.103, 1706.057 644.109, 1703.934 633.832, 1709.741 631.481)
LINESTRING (1693.553 668.705, 1692.473 663.334)
LINESTRING (1692.473 663.334, 1691.550 658.581)
LINESTRING (1691.550 658.581, 1690.120 651.376)
LINESTRING (1690.120 651.376, 1689.582 648.103, 1685.767 627.399)
LINESTRING (1685.213 622.985, 1666.800 627.371)
LINESTRING (1685.767 627.399, 1685.213 622.985)
LINESTRING (1678.552 671.648, 1686.808 670.271)
LINESTRING (1663.380 613.144, 1666.621 626.520)
LINESTRING (1659.473 597.229, 1661.709 605.665)
LINESTRING (1668.117 650.735, 1668.656 652.667, 1670.158 652.181)
LINESTRING (1670.158 652.181, 1670.904 651.927, 1672.409 658.046, 1672.062 665.863, 1673.522 672.349, 1677.588 671.827, 1678.876 681.562, 1687.574 680.035, 1691.663 694.873)
LINESTRING (1666.621 626.520, 1666.800 627.371, 1667.516 632.082, 1669.434 639.669, 1667.196 640.431, 1667.476 642.134, 1665.983 643.284)
LINESTRING (1675.200 609.835, 1675.868 612.519)
LINESTRING (1674.334 603.574, 1675.200 609.835)
LINESTRING (1672.017 592.779, 1673.670 598.962, 1674.334 603.574)
LINESTRING (1618.003 695.373, 1626.825 693.546)
LINESTRING (1617.137 695.507, 1618.003 695.373)
LINESTRING (1608.473 697.355, 1617.137 695.507)
LINESTRING (1600.993 699.175, 1608.473 697.355)
LINESTRING (1398.081 652.469, 1381.994 655.305, 1379.905 650.391, 1374.696 646.750, 1370.048 642.936)
LINESTRING (1713.464 695.128, 1710.169 687.217)
LINESTRING (1720.243 710.483, 1713.464 695.128)
LINESTRING (1636.097 622.373, 1637.366 632.950)
LINESTRING (1635.876 619.938, 1636.097 622.373)
LINESTRING (1686.808 670.271, 1693.553 668.705)
LINESTRING (1677.588 671.827, 1678.552 671.648)
LINESTRING (1591.700 488.381, 1595.716 499.286, 1597.430 502.764)
LINESTRING (1614.314 480.303, 1619.697 496.674)
LINESTRING (1677.141 483.153, 1690.131 480.282)
LINESTRING (1669.241 460.843, 1673.114 471.406, 1673.818 471.652, 1677.141 483.153, 1679.616 491.675, 1680.942 497.087)
LINESTRING (1726.054 496.169, 1727.615 502.874)
LINESTRING (1712.808 448.698, 1719.644 472.553, 1718.806 473.273, 1723.945 489.881, 1726.054 496.169)
LINESTRING (1687.025 455.169, 1689.270 462.763, 1686.771 468.981, 1690.131 480.282, 1698.425 478.783, 1699.569 478.735, 1704.193 492.324)
LINESTRING (1727.615 502.874, 1730.851 513.712, 1724.481 515.262, 1728.173 529.197, 1716.566 533.634, 1720.015 552.149)
LINESTRING (1759.013 443.411, 1761.456 460.466)
LINESTRING (1817.562 462.955, 1812.822 463.219, 1807.185 463.562)
LINESTRING (1862.104 499.680, 1858.335 488.073, 1856.889 480.391, 1851.876 478.066, 1840.486 479.640, 1818.549 483.144)
LINESTRING (1819.411 503.611, 1807.590 506.078, 1803.883 499.014, 1804.931 494.900, 1804.711 493.207, 1818.906 491.217)
LINESTRING (1767.748 443.823, 1761.728 417.686)
LINESTRING (1739.802 543.621, 1737.048 527.635, 1734.469 527.958, 1733.554 523.804)
LINESTRING (1693.257 562.234, 1690.222 553.832, 1689.456 550.440, 1690.832 550.122, 1687.601 536.702, 1671.635 539.813, 1672.240 542.930)
LINESTRING (1573.184 465.197, 1577.087 478.675, 1579.944 492.765, 1585.615 507.869)
LINESTRING (1750.195 677.991, 1750.514 678.962)
LINESTRING (1737.996 668.029, 1737.218 660.870)
LINESTRING (1737.218 660.870, 1736.735 658.782, 1736.425 656.304, 1736.104 653.748, 1731.733 654.351, 1719.560 656.380)
LINESTRING (1668.778 665.144, 1672.062 665.863)
LINESTRING (1666.383 665.997, 1668.778 665.144, 1667.643 661.502)
LINESTRING (1666.879 667.652, 1666.383 665.997, 1661.088 667.532, 1659.974 663.979)
LINESTRING (1669.207 679.223, 1666.879 667.652)
LINESTRING (1638.990 641.305, 1639.188 654.279)
LINESTRING (1638.842 634.813, 1638.990 641.305)
LINESTRING (1737.957 658.666, 1739.799 658.485)
LINESTRING (1662.827 610.248, 1663.380 613.144)
LINESTRING (1661.709 605.665, 1662.827 610.248)
LINESTRING (1668.020 650.160, 1668.117 650.735)
LINESTRING (1665.983 643.284, 1668.020 650.160)
LINESTRING (1669.529 680.371, 1669.207 679.223)
LINESTRING (1668.648 689.504, 1668.384 687.501)
LINESTRING (1726.809 626.814, 1712.883 619.646)
LINESTRING (1729.761 642.864, 1729.459 639.533)
LINESTRING (2477.866 1178.213, 2482.989 1180.703, 2487.219 1184.990, 2490.493 1187.837, 2493.198 1196.677)
LINESTRING (2593.137 1033.430, 2569.484 1044.136)
LINESTRING (2526.011 1026.134, 2499.853 1030.347)
LINESTRING (2551.402 1163.091, 2542.909 1127.590)
LINESTRING (2542.512 1165.019, 2532.208 1123.270)
LINESTRING (2524.228 1168.693, 2526.212 1168.799, 2542.512 1165.019, 2551.402 1163.091, 2568.667 1158.479, 2570.492 1156.293, 2570.712 1152.921, 2561.867 1116.183, 2557.026 1109.755)
LINESTRING (780.271 1369.926, 776.800 1369.985, 772.502 1370.166, 764.733 1369.609)
LINESTRING (1000.595 1530.082, 1026.882 1534.674, 1057.180 1540.518, 1132.337 1553.802)
LINESTRING (2772.471 717.913, 2779.648 711.942, 2792.759 696.226, 2809.741 675.039, 2830.751 648.401, 2848.686 624.120, 2860.332 605.078, 2868.339 590.485, 2874.500 574.998)
LINESTRING (1918.440 1100.953, 1920.256 1107.544, 1923.133 1126.022, 1920.071 1126.396, 1896.155 1129.317, 1823.491 1142.569)
LINESTRING (1920.071 1126.396, 1926.982 1175.195, 1935.543 1235.673)
LINESTRING (1926.982 1175.195, 1903.503 1179.029)
LINESTRING (1885.671 1307.868, 1892.485 1351.049, 1842.616 1360.775)
LINESTRING (861.414 929.464, 864.713 913.339, 863.587 901.785, 861.709 893.599, 856.376 883.788)
LINESTRING (2586.871 775.076, 2575.443 775.298)
LINESTRING (2452.794 906.452, 2422.835 904.556)
LINESTRING (2241.724 449.084, 2251.721 445.190)
LINESTRING (2215.808 452.275, 2225.931 451.804, 2239.553 449.701, 2241.724 449.084, 2242.979 453.599, 2255.466 486.785)
LINESTRING (2047.385 814.904, 2043.439 806.902)
LINESTRING (2064.771 793.101, 2054.927 789.457)
LINESTRING (1310.459 1483.475, 1334.624 1483.652)
LINESTRING (1313.381 1515.949, 1333.496 1512.015, 1352.805 1509.090)
LINESTRING (2557.572 882.338, 2555.914 885.120, 2553.246 886.940, 2542.200 886.958, 2539.219 885.347)
LINESTRING (2596.819 880.340, 2579.049 882.754, 2571.641 882.667, 2557.572 882.338, 2557.517 874.637, 2556.357 872.015, 2554.321 870.270, 2551.490 869.521, 2543.658 869.495, 2540.769 870.266, 2538.632 871.935, 2537.683 874.674, 2537.727 882.209, 2539.219 885.347, 2539.339 898.467)
LINESTRING (2832.536 812.830, 2848.821 804.940, 2859.445 803.610, 2869.822 808.078, 2872.712 810.998)
LINESTRING (2722.440 994.620, 2715.931 1006.943, 2713.991 1010.782, 2710.662 1014.052, 2701.316 1017.205, 2696.705 1018.254)
LINESTRING (2035.751 1360.757, 2039.246 1379.038)
LINESTRING (2030.834 1349.498, 2034.155 1360.114, 2035.751 1360.757, 2038.787 1360.582, 2063.843 1355.230)
LINESTRING (2010.138 1354.913, 2030.834 1349.498, 2033.833 1346.698, 2047.012 1342.572)
LINESTRING (2172.200 1292.432, 2169.641 1286.294, 2164.066 1284.653, 2158.139 1281.775, 2156.648 1279.502, 2153.129 1244.287, 2147.297 1214.501, 2141.384 1168.659)
LINESTRING (2092.164 1312.421, 2137.654 1304.829)
LINESTRING (694.553 1119.515, 694.421 1117.123, 695.116 1109.556, 698.632 1101.351)
LINESTRING (629.430 1068.816, 652.320 1063.724, 666.636 1061.222, 685.420 1059.422, 688.057 1060.405, 689.634 1062.511, 692.500 1071.526)
LINESTRING (651.082 1149.105, 651.933 1145.736, 653.972 1140.544, 657.160 1137.818, 662.651 1132.677, 673.762 1126.618, 682.534 1125.488, 690.923 1120.939, 694.553 1119.515, 698.747 1121.829, 706.738 1122.705, 722.576 1125.490, 728.131 1127.098)
LINESTRING (2175.670 1505.012, 2099.958 1510.126)
LINESTRING (1928.905 1443.062, 1968.009 1436.542)
LINESTRING (1464.169 1437.922, 1515.106 1429.797)
LINESTRING (3044.133 1086.929, 2997.087 1105.677, 2972.615 1115.607)
LINESTRING (2412.480 1476.698, 2411.570 1469.274)
LINESTRING (696.221 1415.524, 702.492 1415.482)
LINESTRING (702.492 1415.482, 710.085 1415.366, 711.396 1415.348)
LINESTRING (711.396 1415.348, 714.493 1415.305)
LINESTRING (715.703 1404.384, 722.423 1404.646)
LINESTRING (728.787 1443.467, 725.069 1440.604)
LINESTRING (725.333 1439.015, 728.787 1443.467)
LINESTRING (733.690 1402.097, 738.091 1385.114)
LINESTRING (738.091 1385.114, 743.587 1383.154)
LINESTRING (733.690 1402.097, 730.680 1396.974, 726.575 1392.476, 722.233 1388.768, 717.662 1385.551)
LINESTRING (673.452 1422.255, 669.924 1418.137, 665.123 1415.410, 647.504 1410.811)
LINESTRING (724.706 1462.174, 728.787 1443.467)
LINESTRING (762.632 1466.150, 754.203 1464.948, 749.886 1464.453, 748.670 1464.193)
LINESTRING (749.886 1464.453, 752.258 1454.812, 756.913 1444.797, 761.055 1442.579, 766.909 1441.578)
LINESTRING (749.886 1464.453, 748.303 1470.537, 747.144 1475.850, 746.450 1478.420, 746.010 1482.315, 744.754 1484.228, 737.394 1487.554, 734.959 1488.374, 733.320 1488.951)
LINESTRING (733.320 1488.951, 731.717 1488.541, 730.404 1487.030)
LINESTRING (769.910 1411.759, 778.046 1405.973, 791.285 1396.947, 799.080 1386.478)
LINESTRING (799.080 1386.478, 802.085 1379.854, 807.413 1365.673)
LINESTRING (782.714 1376.154, 785.179 1376.840, 788.756 1377.378, 792.454 1378.003, 796.789 1378.453)
LINESTRING (772.502 1370.166, 778.691 1374.791, 782.714 1376.154)
LINESTRING (796.789 1378.453, 802.085 1379.854)
LINESTRING (785.021 1369.717, 780.271 1369.926)
LINESTRING (807.413 1365.673, 809.590 1361.920)
LINESTRING (3110.663 1170.169, 3095.167 1183.101)
LINESTRING (1901.332 967.251, 1898.428 977.021, 1900.428 978.279, 1901.730 978.295)
LINESTRING (1422.442 1659.014, 1412.488 1653.089, 1400.077 1620.501, 1396.184 1601.250)
LINESTRING (2027.378 588.211, 2011.735 589.622)
LINESTRING (2033.557 587.771, 2027.378 588.211)
LINESTRING (2002.946 629.869, 2012.181 619.326, 2013.977 607.876, 2011.735 589.622, 1999.893 493.272, 1996.696 486.688, 1987.690 483.044, 1980.468 483.597, 1979.982 480.534)
LINESTRING (2851.298 706.522, 2803.495 714.731, 2772.471 717.913)
LINESTRING (2917.878 596.116, 2921.273 603.484, 2923.278 604.421, 2925.141 605.758, 2928.148 610.804)
LINESTRING (1080.516 457.815, 1083.158 477.837, 1078.972 479.690, 1083.977 498.637, 1081.032 501.038, 1083.658 512.018, 1088.836 536.371, 1089.800 545.522, 1104.022 545.471)
LINESTRING (1251.794 452.334, 1242.677 430.562, 1241.330 427.355, 1253.047 422.230)
LINESTRING (1242.677 430.562, 1226.241 438.212, 1233.256 453.453)
LINESTRING (1281.562 583.777, 1304.381 577.723)
LINESTRING (1017.647 669.813, 1033.329 667.713, 1048.040 667.333, 1064.377 670.477)
LINESTRING (1054.750 691.909, 1059.228 696.990, 1062.336 702.044, 1064.854 708.759, 1071.901 731.280)
LINESTRING (1172.387 747.939, 1167.989 729.359, 1138.942 735.743)
LINESTRING (1208.577 739.529, 1213.231 758.780, 1220.300 757.154, 1224.915 772.184)
LINESTRING (1263.515 624.109, 1268.882 644.326)
LINESTRING (1515.399 447.472, 1510.655 433.818)
LINESTRING (1190.689 1292.629, 1221.619 1300.593, 1225.264 1303.169, 1228.079 1307.086, 1233.484 1320.754)
LINESTRING (1168.876 1363.809, 1168.494 1360.445, 1163.104 1337.857, 1150.019 1343.024, 1148.188 1338.262, 1145.159 1339.589, 1140.319 1328.319)
LINESTRING (1185.420 1343.357, 1182.977 1338.526, 1168.497 1301.157, 1160.069 1279.962)
LINESTRING (1105.390 1362.987, 1109.916 1397.356)
LINESTRING (724.359 1501.409, 725.058 1504.879, 733.887 1505.710)
LINESTRING (720.675 1488.117, 724.359 1501.409)
LINESTRING (1349.043 912.370, 1372.466 905.078, 1404.953 894.957)
LINESTRING (2404.151 721.506, 2390.088 721.632, 2317.220 722.982, 2304.575 724.418)
LINESTRING (1589.983 1173.376, 1605.110 1140.200)
LINESTRING (2672.985 408.978, 2660.585 410.997, 2653.070 413.272, 2639.216 415.699, 2640.502 422.453, 2641.624 432.433, 2642.130 434.798, 2656.068 434.209)
LINESTRING (1728.009 1586.943, 1732.685 1610.018, 1746.916 1606.398, 1749.252 1612.816, 1760.832 1608.579, 1758.463 1599.790, 1768.596 1596.526)
LINESTRING (1247.218 1249.397, 1244.036 1268.324, 1244.376 1292.999, 1249.982 1312.005)
LINESTRING (1200.152 1184.705, 1211.212 1204.367, 1215.733 1222.579, 1220.287 1229.565)
LINESTRING (1288.469 1127.172, 1293.928 1149.715, 1281.510 1153.266, 1282.906 1158.699, 1275.564 1160.485, 1278.741 1172.099)
LINESTRING (812.151 645.515, 817.249 657.591)
LINESTRING (806.165 662.797, 800.005 648.785)
LINESTRING (817.249 657.591, 806.165 662.797)
LINESTRING (1633.674 1496.180, 1628.419 1498.424, 1604.095 1504.598)
LINESTRING (1910.769 704.992, 1923.795 704.747, 1937.626 702.807, 1949.082 702.517)
LINESTRING (1911.140 723.427, 1912.530 717.601, 1913.750 710.215, 1910.769 704.992, 1903.313 701.404, 1884.113 690.086, 1875.832 683.894)
LINESTRING (1959.475 484.716, 1947.448 446.991, 1937.498 406.069, 1937.474 404.296, 1939.628 402.427, 1989.696 391.746)
LINESTRING (1914.177 659.964, 1909.695 640.233, 1908.527 637.046, 1908.109 635.312, 1906.996 630.440, 1905.379 626.861, 1897.277 625.099, 1889.501 624.031, 1885.753 621.212, 1885.224 616.387)
LINESTRING (3095.167 1183.101, 3123.166 1239.604)
LINESTRING (1484.549 1247.155, 1497.350 1246.436, 1513.695 1243.752, 1541.187 1240.493)
LINESTRING (2868.307 1011.218, 2865.325 1016.744, 2865.230 1024.247, 2867.136 1043.238, 2872.000 1079.609)
LINESTRING (3003.592 453.568, 3008.580 467.907, 3008.433 476.664, 3006.926 484.087, 3008.917 489.756, 3012.828 493.758, 3018.379 498.027, 3024.537 503.340, 3031.964 512.758, 3033.778 517.100, 3042.693 518.430, 3044.122 531.377, 3051.887 533.066, 3064.617 535.697, 3070.862 535.856, 3074.646 534.862)
LINESTRING (2626.314 895.208, 2666.203 889.733)
LINESTRING (2552.192 518.262, 2552.093 470.545)
LINESTRING (2521.943 516.170, 2520.146 474.095)
LINESTRING (2504.193 723.166, 2510.286 777.185)
LINESTRING (1372.466 905.078, 1351.940 833.904)
