tweet_id,label,split
592326564110585856,other_useful_information,test
592616512642420737,missing_trapped_or_found_people,train
592686635520827393,injured_or_dead_people,test
593301431366635520,donation_needs_or_offers_or_volunteering_services,train
592590231519555584,other_useful_information,test
592637329786830848,sympathy_and_emotional_support,train
592955183753203715,injured_or_dead_people,train
593831023286288386,donation_needs_or_offers_or_volunteering_services,test
592877872538324993,not_related_or_irrelevant,train
592645748459708416,injured_or_dead_people,train
593817049647820802,donation_needs_or_offers_or_volunteering_services,train
593470045814181888,other_useful_information,train
593155728128516097,other_useful_information,train
592329933268996096,donation_needs_or_offers_or_volunteering_services,train
593609036144214016,other_useful_information,train
592748010221740032,injured_or_dead_people,train
592341651512659968,other_useful_information,train
592380152480313344,sympathy_and_emotional_support,train
597666520702025728,donation_needs_or_offers_or_volunteering_services,test
593719989972013056,other_useful_information,train
592321122906935297,sympathy_and_emotional_support,train
592344656286908416,caution_and_advice,train
593145585206632449,donation_needs_or_offers_or_volunteering_services,train
592314725003722753,sympathy_and_emotional_support,train
592344219701784576,missing_trapped_or_found_people,train
592326586436820992,sympathy_and_emotional_support,train
592208578728984577,sympathy_and_emotional_support,train
592310973039550464,donation_needs_or_offers_or_volunteering_services,train
592909991968960512,donation_needs_or_offers_or_volunteering_services,train
593186333348114434,other_useful_information,train
593380623923941376,donation_needs_or_offers_or_volunteering_services,test
591940933039427584,displaced_people_and_evacuations,train
592700745964756992,sympathy_and_emotional_support,train
592111870376419328,not_related_or_irrelevant,train
592339417756348416,displaced_people_and_evacuations,train
592131874014629888,not_related_or_irrelevant,train
592648766169026561,missing_trapped_or_found_people,test
592137499322941440,not_related_or_irrelevant,test
592627603317641216,displaced_people_and_evacuations,test
593154950470848512,other_useful_information,train
592378631738949632,other_useful_information,test
593279330186178560,donation_needs_or_offers_or_volunteering_services,train
592340850090225666,sympathy_and_emotional_support,test
592720104372183040,not_related_or_irrelevant,train
592219472968097792,injured_or_dead_people,train
592153082634481664,injured_or_dead_people,train
592655359115952128,other_useful_information,train
592329254882381825,donation_needs_or_offers_or_volunteering_services,train
592338913575837697,donation_needs_or_offers_or_volunteering_services,train
592343436650356736,other_useful_information,test
592103300662624257,other_useful_information,train
592907239352074240,donation_needs_or_offers_or_volunteering_services,train
593780878779645954,missing_trapped_or_found_people,test
592137589601267713,other_useful_information,test
591944475611516928,infrastructure_and_utilities_damage,train
592695034924924929,sympathy_and_emotional_support,train
592235159044296704,other_useful_information,train
592648960969433088,not_related_or_irrelevant,train
593162119601790977,donation_needs_or_offers_or_volunteering_services,train
591921491442278400,other_useful_information,train
592390506690150403,sympathy_and_emotional_support,test
592338885927182337,sympathy_and_emotional_support,test
592330302694903808,injured_or_dead_people,train
592750556873121794,donation_needs_or_offers_or_volunteering_services,test
591977415473242113,other_useful_information,train
593111666042212352,donation_needs_or_offers_or_volunteering_services,train
592913734185652224,displaced_people_and_evacuations,test
592312180256710657,donation_needs_or_offers_or_volunteering_services,train
592164451404525569,other_useful_information,train
593164229789806593,donation_needs_or_offers_or_volunteering_services,train
592243142847397888,donation_needs_or_offers_or_volunteering_services,train
592159086088687616,sympathy_and_emotional_support,train
592341527478685697,missing_trapped_or_found_people,train
592203493647212545,sympathy_and_emotional_support,train
592591553287168000,donation_needs_or_offers_or_volunteering_services,train
592685210304696321,not_related_or_irrelevant,test
591927517520375809,injured_or_dead_people,train
592226159095492611,sympathy_and_emotional_support,train
591990088071979010,other_useful_information,train
592344443950338048,injured_or_dead_people,train
593466034495082496,other_useful_information,test
592797100133453825,donation_needs_or_offers_or_volunteering_services,train
592959812935294976,donation_needs_or_offers_or_volunteering_services,train
592271548926537728,donation_needs_or_offers_or_volunteering_services,train
592695939619520513,infrastructure_and_utilities_damage,train
593114266682728450,sympathy_and_emotional_support,train
592867848080465924,sympathy_and_emotional_support,train
597789995307413505,other_useful_information,test
592188182889943042,sympathy_and_emotional_support,test
592700759445250048,infrastructure_and_utilities_damage,train
593832138379661313,donation_needs_or_offers_or_volunteering_services,train
592336656658640896,other_useful_information,train
593075843871670272,donation_needs_or_offers_or_volunteering_services,train
600405858749526016,not_related_or_irrelevant,train
591986639817216000,sympathy_and_emotional_support,test
592333153437487105,sympathy_and_emotional_support,train
592213228521938944,sympathy_and_emotional_support,train
592141642615922688,sympathy_and_emotional_support,train
592909512350240769,donation_needs_or_offers_or_volunteering_services,train
592903934806720512,infrastructure_and_utilities_damage,test
593298855174795264,not_related_or_irrelevant,train
592687111804952578,donation_needs_or_offers_or_volunteering_services,train
593066729590358016,not_related_or_irrelevant,train
592339203234619392,donation_needs_or_offers_or_volunteering_services,test
591977397194395648,sympathy_and_emotional_support,train
592630549887356928,displaced_people_and_evacuations,train
591961175299993600,sympathy_and_emotional_support,train
592644197288644608,other_useful_information,train
593425928887369729,injured_or_dead_people,train
592692823016787969,donation_needs_or_offers_or_volunteering_services,train
591924112500523009,donation_needs_or_offers_or_volunteering_services,train
592344116857597952,donation_needs_or_offers_or_volunteering_services,train
592315941905567745,donation_needs_or_offers_or_volunteering_services,train
593696945740218368,donation_needs_or_offers_or_volunteering_services,train
593608686037180417,sympathy_and_emotional_support,train
592335488733749249,sympathy_and_emotional_support,train
593165958052761600,donation_needs_or_offers_or_volunteering_services,train
600332693126008832,sympathy_and_emotional_support,train
592176468601409536,infrastructure_and_utilities_damage,test
592344029775302656,infrastructure_and_utilities_damage,train
592891921401544706,donation_needs_or_offers_or_volunteering_services,train
593824070220689408,missing_trapped_or_found_people,train
593785051071942656,other_useful_information,test
591944570604101632,infrastructure_and_utilities_damage,train
592781058833326080,sympathy_and_emotional_support,train
591984989450829826,injured_or_dead_people,train
593373004563746817,not_related_or_irrelevant,train
592344880988299264,donation_needs_or_offers_or_volunteering_services,test
591915487350493184,sympathy_and_emotional_support,test
592335443141660672,donation_needs_or_offers_or_volunteering_services,test
591983027925950464,injured_or_dead_people,train
600456575065587712,donation_needs_or_offers_or_volunteering_services,train
593829038315143168,other_useful_information,train
591916893205762048,sympathy_and_emotional_support,train
592897154378813441,donation_needs_or_offers_or_volunteering_services,train
592299377449902080,injured_or_dead_people,train
593155015897812992,displaced_people_and_evacuations,train
592835687935844352,infrastructure_and_utilities_damage,train
592869795831402496,other_useful_information,train
592828952269463552,infrastructure_and_utilities_damage,train
593830830260113410,missing_trapped_or_found_people,train
593774892597796864,other_useful_information,train
592337263394222080,sympathy_and_emotional_support,train
592673231385055233,other_useful_information,test
593017309310025728,sympathy_and_emotional_support,train
592336565554139136,injured_or_dead_people,train
592866125182070788,donation_needs_or_offers_or_volunteering_services,train
591911478086664192,not_related_or_irrelevant,train
592674121022078976,sympathy_and_emotional_support,test
592791832620310529,sympathy_and_emotional_support,train
591906070877974528,sympathy_and_emotional_support,train
592697288771895296,other_useful_information,train
592658099313467394,not_related_or_irrelevant,train
592089733410455553,other_useful_information,train
592949786992508929,injured_or_dead_people,train
593160207775174657,donation_needs_or_offers_or_volunteering_services,train
592113014242877440,injured_or_dead_people,train
593148846080798721,other_useful_information,train
593276690635227136,not_related_or_irrelevant,test
592358000112861186,injured_or_dead_people,test
593812727438651394,other_useful_information,train
593465915238416384,missing_trapped_or_found_people,train
593745459874631680,not_related_or_irrelevant,test
592638136833867778,other_useful_information,train
593146051772616705,sympathy_and_emotional_support,train
592107163562086400,sympathy_and_emotional_support,train
592862990598279168,sympathy_and_emotional_support,train
592344542306705408,donation_needs_or_offers_or_volunteering_services,train
592143651817574402,not_related_or_irrelevant,train
592883809391083520,injured_or_dead_people,test
592380726642941952,donation_needs_or_offers_or_volunteering_services,train
593693482092523520,other_useful_information,train
593776885148086272,donation_needs_or_offers_or_volunteering_services,train
592335911683104768,injured_or_dead_people,test
591937345898831872,not_related_or_irrelevant,train
591960470283771904,other_useful_information,test
593766520934637569,donation_needs_or_offers_or_volunteering_services,train
592342776181858304,sympathy_and_emotional_support,test
593751877176598528,donation_needs_or_offers_or_volunteering_services,train
592616696885555201,not_related_or_irrelevant,train
593057434215718912,donation_needs_or_offers_or_volunteering_services,train
592752900960563202,displaced_people_and_evacuations,test
592945195605467136,donation_needs_or_offers_or_volunteering_services,test
592666409576038400,missing_trapped_or_found_people,train
592862623160471552,injured_or_dead_people,train
592622234239246337,donation_needs_or_offers_or_volunteering_services,train
593501207051669504,other_useful_information,train
592342861439488001,injured_or_dead_people,train
592896910962401281,injured_or_dead_people,train
593073081742036992,infrastructure_and_utilities_damage,train
593831108849991681,injured_or_dead_people,train
593044582000132096,donation_needs_or_offers_or_volunteering_services,train
592618328641810433,sympathy_and_emotional_support,test
592269665075888128,sympathy_and_emotional_support,train
592903422736736256,missing_trapped_or_found_people,train
592622034712145920,sympathy_and_emotional_support,train
593187840168624129,donation_needs_or_offers_or_volunteering_services,train
592744122366205952,other_useful_information,train
591984325173837824,sympathy_and_emotional_support,train
592344367634984961,donation_needs_or_offers_or_volunteering_services,train
592645260880281600,donation_needs_or_offers_or_volunteering_services,test
592344960873144320,donation_needs_or_offers_or_volunteering_services,train
593702475309297664,donation_needs_or_offers_or_volunteering_services,train
592892552698802176,donation_needs_or_offers_or_volunteering_services,train
593163087370326016,other_useful_information,train
592335758226100224,donation_needs_or_offers_or_volunteering_services,train
592698992095567872,injured_or_dead_people,train
593029346534686721,injured_or_dead_people,test
592266726097559553,not_related_or_irrelevant,train
592338915190841344,sympathy_and_emotional_support,train
592647742725304321,displaced_people_and_evacuations,train
592693881252229121,donation_needs_or_offers_or_volunteering_services,train
592305241837600768,missing_trapped_or_found_people,test
592344738361028608,other_useful_information,test
592166418684256257,donation_needs_or_offers_or_volunteering_services,train
593475044644388864,donation_needs_or_offers_or_volunteering_services,train
592305919997779970,other_useful_information,train
592344774822240256,donation_needs_or_offers_or_volunteering_services,train
592856275974782977,not_related_or_irrelevant,train
593313970380869632,other_useful_information,train
592401650880385025,donation_needs_or_offers_or_volunteering_services,train
593461551253704704,other_useful_information,train
592140944893288448,injured_or_dead_people,train
592902201238003713,sympathy_and_emotional_support,train
593150425949405185,not_related_or_irrelevant,train
592747318186741761,other_useful_information,train
592085547197276161,injured_or_dead_people,train
592104651790487552,donation_needs_or_offers_or_volunteering_services,train
593666659157680128,other_useful_information,train
592344769298325504,donation_needs_or_offers_or_volunteering_services,train
592108683628150784,sympathy_and_emotional_support,train
593771424143147008,other_useful_information,train
592344077095538688,sympathy_and_emotional_support,train
593492818884206593,other_useful_information,train
592344660972085248,not_related_or_irrelevant,test
592226854993403904,sympathy_and_emotional_support,train
593660335074086912,donation_needs_or_offers_or_volunteering_services,train
592681522446147586,infrastructure_and_utilities_damage,test
591963086095044609,sympathy_and_emotional_support,train
592342555544530944,donation_needs_or_offers_or_volunteering_services,train
592332031150804992,sympathy_and_emotional_support,test
592674453449998336,donation_needs_or_offers_or_volunteering_services,train
593359014001422336,other_useful_information,train
592245092087398400,sympathy_and_emotional_support,train
592770703000231937,donation_needs_or_offers_or_volunteering_services,train
593789957275131904,other_useful_information,train
592341030596452353,sympathy_and_emotional_support,test
593091355083169792,other_useful_information,train
593122521328656384,donation_needs_or_offers_or_volunteering_services,train
593784073815986176,missing_trapped_or_found_people,train
592251295194484737,displaced_people_and_evacuations,test
592341709532635138,donation_needs_or_offers_or_volunteering_services,train
593245959481643008,other_useful_information,train
592269529746677760,sympathy_and_emotional_support,train
592276631839866880,donation_needs_or_offers_or_volunteering_services,train
593310938763132928,donation_needs_or_offers_or_volunteering_services,train
592260300411404288,sympathy_and_emotional_support,train
591990933417291776,injured_or_dead_people,train
591991339870355457,donation_needs_or_offers_or_volunteering_services,train
591941137839042561,infrastructure_and_utilities_damage,train
592282360319647745,other_useful_information,train
593144053727891456,sympathy_and_emotional_support,train
593103929942081536,donation_needs_or_offers_or_volunteering_services,train
592672744908693504,injured_or_dead_people,train
592889407453167616,injured_or_dead_people,train
592105405523759104,sympathy_and_emotional_support,train
593193057937403904,other_useful_information,train
593256139644473344,donation_needs_or_offers_or_volunteering_services,train
592075388265832448,sympathy_and_emotional_support,train
593227515273043968,donation_needs_or_offers_or_volunteering_services,train
593525948282052609,displaced_people_and_evacuations,train
593019982289731585,displaced_people_and_evacuations,train
592623190343430144,injured_or_dead_people,train
591960518467952641,injured_or_dead_people,test
593183767101059072,other_useful_information,train
593356101359378433,missing_trapped_or_found_people,train
592342638923272193,sympathy_and_emotional_support,train
592315670815232000,sympathy_and_emotional_support,train
592344660321935361,other_useful_information,train
592779160344465410,other_useful_information,train
592272031439171584,sympathy_and_emotional_support,train
593183152316747776,other_useful_information,train
592974686796910592,displaced_people_and_evacuations,train
593809595841191937,donation_needs_or_offers_or_volunteering_services,train
593762355755888641,sympathy_and_emotional_support,train
593525437113860096,donation_needs_or_offers_or_volunteering_services,train
592302827357151232,donation_needs_or_offers_or_volunteering_services,train
593443169322143746,donation_needs_or_offers_or_volunteering_services,train
592344442872410114,injured_or_dead_people,train
592992170954600448,missing_trapped_or_found_people,train
593108456229445633,donation_needs_or_offers_or_volunteering_services,test
592613322207420416,sympathy_and_emotional_support,train
593322108110774272,donation_needs_or_offers_or_volunteering_services,train
592306011991605248,donation_needs_or_offers_or_volunteering_services,train
593185390632271872,not_related_or_irrelevant,train
592328147510697985,donation_needs_or_offers_or_volunteering_services,train
592219025758769152,not_related_or_irrelevant,train
592706192633376769,sympathy_and_emotional_support,train
592935929834315776,donation_needs_or_offers_or_volunteering_services,train
593828292584742912,other_useful_information,train
592343385085607936,donation_needs_or_offers_or_volunteering_services,test
593154170800050176,sympathy_and_emotional_support,train
592700487222370304,donation_needs_or_offers_or_volunteering_services,train
592340468920426496,donation_needs_or_offers_or_volunteering_services,train
592344732866490368,other_useful_information,train
592263149513875456,not_related_or_irrelevant,train
593181947129561088,donation_needs_or_offers_or_volunteering_services,train
592233715276873728,displaced_people_and_evacuations,train
592750115569475585,injured_or_dead_people,train
593824046111830017,other_useful_information,test
599919647467646977,donation_needs_or_offers_or_volunteering_services,train
592209718015209472,other_useful_information,train
592625076475981824,caution_and_advice,train
591952492470009856,injured_or_dead_people,train
591937360478232576,other_useful_information,train
591939350759403520,infrastructure_and_utilities_damage,train
593182250616913920,sympathy_and_emotional_support,train
591984998758002689,infrastructure_and_utilities_damage,test
593566192096256000,donation_needs_or_offers_or_volunteering_services,train
600202543348617216,other_useful_information,train
592330609210462208,donation_needs_or_offers_or_volunteering_services,train
592244109898850305,displaced_people_and_evacuations,test
591913889744359424,injured_or_dead_people,train
592700023827226625,sympathy_and_emotional_support,train
592109250366705664,donation_needs_or_offers_or_volunteering_services,train
592934073615548417,other_useful_information,train
592379067984252929,infrastructure_and_utilities_damage,train
593180374718488576,displaced_people_and_evacuations,train
592939161444687872,displaced_people_and_evacuations,train
592343805031878656,sympathy_and_emotional_support,train
592336789873950720,other_useful_information,train
592332880078077952,other_useful_information,train
591939069350817792,donation_needs_or_offers_or_volunteering_services,train
592071946965262337,sympathy_and_emotional_support,train
592822146264608770,donation_needs_or_offers_or_volunteering_services,train
592700411204771840,donation_needs_or_offers_or_volunteering_services,test
592996313437896704,infrastructure_and_utilities_damage,train
592278369909125120,other_useful_information,test
591933372605181954,donation_needs_or_offers_or_volunteering_services,train
593608382717698050,sympathy_and_emotional_support,train
592881607083741184,not_related_or_irrelevant,test
592332055477751808,donation_needs_or_offers_or_volunteering_services,train
592337229512515584,sympathy_and_emotional_support,train
591908818050805760,other_useful_information,train
593515635608457217,donation_needs_or_offers_or_volunteering_services,test
592637842515329024,donation_needs_or_offers_or_volunteering_services,train
593121436421730304,donation_needs_or_offers_or_volunteering_services,train
592667253818171394,other_useful_information,train
592343239476162561,injured_or_dead_people,train
592828455034744834,donation_needs_or_offers_or_volunteering_services,train
592229922258554880,injured_or_dead_people,train
593823502261587969,infrastructure_and_utilities_damage,train
592950303982559232,not_related_or_irrelevant,test
593310026867077120,displaced_people_and_evacuations,train
591918620533362688,other_useful_information,train
593799966344241153,injured_or_dead_people,train
593063165333639169,donation_needs_or_offers_or_volunteering_services,train
593501611974008833,not_related_or_irrelevant,train
593179726619004930,injured_or_dead_people,train
592087343273676802,sympathy_and_emotional_support,train
593828498596179968,donation_needs_or_offers_or_volunteering_services,train
592380603586097152,sympathy_and_emotional_support,train
599911736435609600,not_related_or_irrelevant,test
599901700728561665,sympathy_and_emotional_support,train
592328338229735424,donation_needs_or_offers_or_volunteering_services,train
593073769163333632,not_related_or_irrelevant,train
593600014212960257,sympathy_and_emotional_support,train
592759443076587521,donation_needs_or_offers_or_volunteering_services,train
592338437119807489,sympathy_and_emotional_support,train
592609405377449984,sympathy_and_emotional_support,train
592310486298918913,injured_or_dead_people,train
592141087818452993,injured_or_dead_people,train
593412565537001472,other_useful_information,train
593156830488109056,donation_needs_or_offers_or_volunteering_services,train
593795185257091072,other_useful_information,train
592250646662774784,other_useful_information,train
593107706594000896,donation_needs_or_offers_or_volunteering_services,train
592344386123505666,injured_or_dead_people,train
591929798588403712,missing_trapped_or_found_people,train
593155741474811904,sympathy_and_emotional_support,train
592375847069163520,donation_needs_or_offers_or_volunteering_services,train
593345715839082496,missing_trapped_or_found_people,train
592696532148822016,other_useful_information,train
592343602149367808,sympathy_and_emotional_support,train
592343322477232128,sympathy_and_emotional_support,test
593590668032872448,donation_needs_or_offers_or_volunteering_services,train
592268702487187456,injured_or_dead_people,train
600361190628405248,donation_needs_or_offers_or_volunteering_services,train
591983017750593536,sympathy_and_emotional_support,train
592903779281932289,missing_trapped_or_found_people,train
592344945849139200,displaced_people_and_evacuations,test
593711565376983041,sympathy_and_emotional_support,train
593083056786952193,sympathy_and_emotional_support,train
592592490605215744,sympathy_and_emotional_support,train
592236218349326337,other_useful_information,train
592343247143309313,donation_needs_or_offers_or_volunteering_services,train
591933613228175360,injured_or_dead_people,train
592150302402285570,injured_or_dead_people,train
592329718558498816,injured_or_dead_people,train
592695440346341376,displaced_people_and_evacuations,train
592085159672844288,displaced_people_and_evacuations,train
593442271292305408,donation_needs_or_offers_or_volunteering_services,test
592684751598813184,not_related_or_irrelevant,train
592398296825499648,injured_or_dead_people,train
593188956763742208,donation_needs_or_offers_or_volunteering_services,train
592927947910164480,injured_or_dead_people,test
592181225688682496,not_related_or_irrelevant,test
592699148396306435,donation_needs_or_offers_or_volunteering_services,train
593324254986276864,not_related_or_irrelevant,test
592133024952684544,sympathy_and_emotional_support,train
591911607992717312,other_useful_information,train
592170810804166656,not_related_or_irrelevant,train
592307229593706496,not_related_or_irrelevant,train
592815232323624960,sympathy_and_emotional_support,train
592339157877325825,other_useful_information,train
592960832041943041,donation_needs_or_offers_or_volunteering_services,train
593058057724108800,injured_or_dead_people,train
593119026890420225,donation_needs_or_offers_or_volunteering_services,train
593537231446380544,donation_needs_or_offers_or_volunteering_services,train
592705151334490112,injured_or_dead_people,train
592344610938191872,other_useful_information,train
593354939180560384,sympathy_and_emotional_support,train
593184950029045760,donation_needs_or_offers_or_volunteering_services,train
592344913691299842,donation_needs_or_offers_or_volunteering_services,train
592756654258655234,not_related_or_irrelevant,train
592085430696288256,other_useful_information,train
593349482806251520,not_related_or_irrelevant,train
593374312222044160,donation_needs_or_offers_or_volunteering_services,train
593062510955089920,donation_needs_or_offers_or_volunteering_services,train
592700874671190016,injured_or_dead_people,train
593101954454261762,caution_and_advice,train
593760928572657665,donation_needs_or_offers_or_volunteering_services,test
592343015756169216,infrastructure_and_utilities_damage,test
592684424749305856,donation_needs_or_offers_or_volunteering_services,test
592701016472219648,sympathy_and_emotional_support,train
593811011305541632,donation_needs_or_offers_or_volunteering_services,train
592259008527904769,other_useful_information,train
593306047567171584,donation_needs_or_offers_or_volunteering_services,train
591964116807483392,injured_or_dead_people,train
593413744589340673,caution_and_advice,train
592699153202991106,donation_needs_or_offers_or_volunteering_services,train
592287664788807680,other_useful_information,train
591949540309229568,injured_or_dead_people,train
592160377519017984,injured_or_dead_people,test
592652433244999680,missing_trapped_or_found_people,train
593074167118897153,missing_trapped_or_found_people,train
592118463583232000,injured_or_dead_people,train
593822628584017920,donation_needs_or_offers_or_volunteering_services,train
592077717719351298,infrastructure_and_utilities_damage,train
593182374201921536,donation_needs_or_offers_or_volunteering_services,train
592176792334643200,sympathy_and_emotional_support,train
592340672121671681,sympathy_and_emotional_support,train
592320294724874242,other_useful_information,train
593093645978497024,other_useful_information,train
593254575668203520,displaced_people_and_evacuations,test
593585184190009344,missing_trapped_or_found_people,train
592704809477767169,injured_or_dead_people,train
593592079604850688,not_related_or_irrelevant,train
593227960590577665,donation_needs_or_offers_or_volunteering_services,test
592680034718130178,donation_needs_or_offers_or_volunteering_services,test
592673447903416320,donation_needs_or_offers_or_volunteering_services,train
593633588479922176,donation_needs_or_offers_or_volunteering_services,train
592123596018946048,sympathy_and_emotional_support,train
592824313646075904,displaced_people_and_evacuations,train
593080695452471297,donation_needs_or_offers_or_volunteering_services,train
593801162362523649,donation_needs_or_offers_or_volunteering_services,train
593435065926856704,sympathy_and_emotional_support,train
592174200460341249,not_related_or_irrelevant,test
592357757229072385,caution_and_advice,train
592268439277981696,infrastructure_and_utilities_damage,train
592268965713354752,missing_trapped_or_found_people,train
592692934379761667,donation_needs_or_offers_or_volunteering_services,train
598079215129337856,donation_needs_or_offers_or_volunteering_services,train
592656633840402433,donation_needs_or_offers_or_volunteering_services,train
592257866796560384,other_useful_information,train
593202208767893505,donation_needs_or_offers_or_volunteering_services,train
592330168196182016,injured_or_dead_people,train
593461836848107520,donation_needs_or_offers_or_volunteering_services,train
592681191427481601,injured_or_dead_people,train
592343803979124737,other_useful_information,test
592159777041547264,donation_needs_or_offers_or_volunteering_services,train
592337820422836224,injured_or_dead_people,train
592356408823193600,injured_or_dead_people,train
591988602818560000,sympathy_and_emotional_support,train
593798414439096320,not_related_or_irrelevant,train
592159826433552384,other_useful_information,train
592107388880072704,displaced_people_and_evacuations,train
592691928417832964,donation_needs_or_offers_or_volunteering_services,train
593832460745646080,donation_needs_or_offers_or_volunteering_services,train
593822120003547136,other_useful_information,train
592620264330010624,donation_needs_or_offers_or_volunteering_services,test
592293488399491073,sympathy_and_emotional_support,train
592256527152484352,other_useful_information,test
591995695919333376,other_useful_information,train
592335673455022081,sympathy_and_emotional_support,train
592108587154997248,sympathy_and_emotional_support,train
593763810734780416,donation_needs_or_offers_or_volunteering_services,train
593182894224375808,sympathy_and_emotional_support,train
593157983766347776,infrastructure_and_utilities_damage,train
593828143774838785,missing_trapped_or_found_people,train
593143389715099648,other_useful_information,train
591924286123806720,sympathy_and_emotional_support,train
592672313050537987,donation_needs_or_offers_or_volunteering_services,train
591912927986323456,sympathy_and_emotional_support,train
593148406199033856,missing_trapped_or_found_people,train
592986411826946048,other_useful_information,train
593324104930893824,missing_trapped_or_found_people,train
593818357171933185,other_useful_information,train
592156154676973568,sympathy_and_emotional_support,train
593184937047494657,donation_needs_or_offers_or_volunteering_services,test
592342768711704576,donation_needs_or_offers_or_volunteering_services,test
592894982903754752,other_useful_information,train
593438598134767616,sympathy_and_emotional_support,train
592155361701953537,other_useful_information,test
592168712087568384,donation_needs_or_offers_or_volunteering_services,train
592607545354801152,donation_needs_or_offers_or_volunteering_services,train
593009420725919744,injured_or_dead_people,train
592688864516567043,donation_needs_or_offers_or_volunteering_services,test
600464994531155968,donation_needs_or_offers_or_volunteering_services,train
592913382736400384,displaced_people_and_evacuations,train
593829889897140224,donation_needs_or_offers_or_volunteering_services,train
593827744737153024,other_useful_information,train
593615184779816960,donation_needs_or_offers_or_volunteering_services,train
593358584416759808,donation_needs_or_offers_or_volunteering_services,train
593112804263067649,injured_or_dead_people,test
592696224286904321,donation_needs_or_offers_or_volunteering_services,train
593516466198024195,sympathy_and_emotional_support,train
597780713774022656,donation_needs_or_offers_or_volunteering_services,train
592252227835822080,sympathy_and_emotional_support,train
592261509658513408,sympathy_and_emotional_support,train
592701166737354752,donation_needs_or_offers_or_volunteering_services,train
592209579708055552,sympathy_and_emotional_support,train
593823854641872896,other_useful_information,train
592700268912979968,injured_or_dead_people,train
592688954543046656,other_useful_information,train
592268379500761088,displaced_people_and_evacuations,train
593185947820273665,donation_needs_or_offers_or_volunteering_services,train
593152175313915905,donation_needs_or_offers_or_volunteering_services,test
593796616420782080,not_related_or_irrelevant,train
592342259628113920,sympathy_and_emotional_support,train
592343076431011840,other_useful_information,train
592617823161167872,other_useful_information,train
592872744095744000,sympathy_and_emotional_support,test
592315810632310784,injured_or_dead_people,train
593409153235824641,donation_needs_or_offers_or_volunteering_services,train
593465194023677952,donation_needs_or_offers_or_volunteering_services,train
593186854079483905,injured_or_dead_people,train
593184435035570176,donation_needs_or_offers_or_volunteering_services,train
591909231797739520,injured_or_dead_people,train
592801896999563264,donation_needs_or_offers_or_volunteering_services,train
600342901684457472,donation_needs_or_offers_or_volunteering_services,train
593425888580100097,other_useful_information,train
592616965669318658,donation_needs_or_offers_or_volunteering_services,train
592864004059623424,sympathy_and_emotional_support,train
592614221583654912,infrastructure_and_utilities_damage,train
592953036512821249,sympathy_and_emotional_support,train
593015637431046145,sympathy_and_emotional_support,train
593828509409222656,donation_needs_or_offers_or_volunteering_services,train
593207091386548224,donation_needs_or_offers_or_volunteering_services,train
593147955395211264,injured_or_dead_people,train
593102819911020544,donation_needs_or_offers_or_volunteering_services,train
593130358742372353,not_related_or_irrelevant,train
592669693988724737,sympathy_and_emotional_support,train
592124252633071617,sympathy_and_emotional_support,train
592343665844051968,other_useful_information,test
592344667942825984,sympathy_and_emotional_support,test
592160724371185664,injured_or_dead_people,train
592912742010343424,other_useful_information,train
592343640267223040,injured_or_dead_people,train
592395828620169217,injured_or_dead_people,train
592868553231048704,donation_needs_or_offers_or_volunteering_services,train
592381426516955137,missing_trapped_or_found_people,train
592337706534838272,sympathy_and_emotional_support,train
591919579556786176,sympathy_and_emotional_support,test
592737382274879489,donation_needs_or_offers_or_volunteering_services,test
592259910441803777,not_related_or_irrelevant,train
592592445650640896,other_useful_information,train
592699058982133760,displaced_people_and_evacuations,train
592251762196750336,sympathy_and_emotional_support,test
593169678249435136,other_useful_information,train
593824607095771139,other_useful_information,train
593158065672749056,other_useful_information,train
592639708804460548,sympathy_and_emotional_support,train
592374679874207745,other_useful_information,train
593152607700529152,infrastructure_and_utilities_damage,train
592298358061957122,missing_trapped_or_found_people,train
593377856434089984,other_useful_information,test
593800034946154496,other_useful_information,train
593459058289549314,other_useful_information,train
593541643594248194,other_useful_information,train
591924882964754432,other_useful_information,train
593118860800327680,donation_needs_or_offers_or_volunteering_services,train
593059476648787968,other_useful_information,train
592793818094825476,donation_needs_or_offers_or_volunteering_services,train
592759520130105344,other_useful_information,train
593152505527144448,not_related_or_irrelevant,train
592929450431504384,other_useful_information,train
592742210573049856,donation_needs_or_offers_or_volunteering_services,train
592930444246536195,other_useful_information,train
592158975006613504,infrastructure_and_utilities_damage,train
593119932319162368,donation_needs_or_offers_or_volunteering_services,train
593458958028959745,donation_needs_or_offers_or_volunteering_services,train
593244672635576321,donation_needs_or_offers_or_volunteering_services,train
593826972049911808,missing_trapped_or_found_people,train
592337290401226752,donation_needs_or_offers_or_volunteering_services,train
593322344073953280,other_useful_information,train
591949250793058304,sympathy_and_emotional_support,train
593824958502993920,donation_needs_or_offers_or_volunteering_services,train
593025281570516992,injured_or_dead_people,train
592600881884897280,missing_trapped_or_found_people,train
592735133184163840,other_useful_information,test
593151719296610304,sympathy_and_emotional_support,train
592897979700420608,other_useful_information,train
592361479032147970,sympathy_and_emotional_support,train
592336650098708480,sympathy_and_emotional_support,test
592874066094202880,other_useful_information,test
592950888714661888,other_useful_information,train
591953648760037376,infrastructure_and_utilities_damage,train
600101493753171969,other_useful_information,test
593079853160759298,sympathy_and_emotional_support,train
592100562226786304,sympathy_and_emotional_support,train
592366953626521601,injured_or_dead_people,train
592344819537563648,donation_needs_or_offers_or_volunteering_services,train
591977887642746880,other_useful_information,test
592872152900206593,not_related_or_irrelevant,train
591906739529781249,other_useful_information,train
593166761815453696,other_useful_information,train
593072675767070720,injured_or_dead_people,train
592700983844675585,displaced_people_and_evacuations,train
592133038777114624,donation_needs_or_offers_or_volunteering_services,train
593188606459641858,donation_needs_or_offers_or_volunteering_services,train
592863475426316289,sympathy_and_emotional_support,test
592133076655812608,other_useful_information,train
593340639967772672,donation_needs_or_offers_or_volunteering_services,train
593355409450278912,other_useful_information,test
592329391495053312,injured_or_dead_people,test
592237137296261120,not_related_or_irrelevant,train
591909208620142592,other_useful_information,test
593414211658584064,missing_trapped_or_found_people,train
593798878077550592,donation_needs_or_offers_or_volunteering_services,test
592671977518817283,missing_trapped_or_found_people,train
593252016534593536,other_useful_information,train
593807965267861504,donation_needs_or_offers_or_volunteering_services,train
591909936205987841,other_useful_information,train
592361201750781953,injured_or_dead_people,train
592651449001095169,infrastructure_and_utilities_damage,test
592344945069060098,donation_needs_or_offers_or_volunteering_services,train
593117988397707264,donation_needs_or_offers_or_volunteering_services,test
592251659528503296,sympathy_and_emotional_support,train
592684662432071681,donation_needs_or_offers_or_volunteering_services,train
592701151168077825,donation_needs_or_offers_or_volunteering_services,train
591939541717487616,injured_or_dead_people,train
592739915852587009,not_related_or_irrelevant,train
592198410477772800,donation_needs_or_offers_or_volunteering_services,test
592123165310062592,sympathy_and_emotional_support,test
592343603902423040,infrastructure_and_utilities_damage,train
593331668200476672,other_useful_information,test
593696939276832769,other_useful_information,train
593146928491180034,other_useful_information,train
592311378930569216,sympathy_and_emotional_support,train
592866025961558016,donation_needs_or_offers_or_volunteering_services,train
592623219825373184,other_useful_information,test
593308302123008000,donation_needs_or_offers_or_volunteering_services,train
592174809448054784,displaced_people_and_evacuations,train
593154429668364288,donation_needs_or_offers_or_volunteering_services,train
592344551316070400,other_useful_information,train
592268309942247425,infrastructure_and_utilities_damage,train
592119874685513728,donation_needs_or_offers_or_volunteering_services,train
591936685945987072,other_useful_information,train
592691969077444608,other_useful_information,train
592186519441383425,sympathy_and_emotional_support,test
593818380273979392,other_useful_information,train
592322615710089216,injured_or_dead_people,test
593315882144813056,donation_needs_or_offers_or_volunteering_services,train
592765578856771585,missing_trapped_or_found_people,train
592166660632510465,not_related_or_irrelevant,train
591932139727294464,other_useful_information,train
593158846610210816,donation_needs_or_offers_or_volunteering_services,train
592679813770543105,other_useful_information,train
592124674861051905,injured_or_dead_people,train
592375504453378049,missing_trapped_or_found_people,train
592734527899963392,other_useful_information,train
600160660887117824,donation_needs_or_offers_or_volunteering_services,train
592406754329145344,displaced_people_and_evacuations,train
592342881098018817,sympathy_and_emotional_support,train
592343944609935361,other_useful_information,train
593182303393714177,sympathy_and_emotional_support,train
592780271847608325,other_useful_information,train
593359092892176384,donation_needs_or_offers_or_volunteering_services,test
592343008399396865,sympathy_and_emotional_support,train
593349718484258816,sympathy_and_emotional_support,train
591930340911886336,caution_and_advice,train
592231384099389445,not_related_or_irrelevant,train
593394854832566273,sympathy_and_emotional_support,train
593106657317629954,other_useful_information,train
592130690633707520,other_useful_information,train
593776402358542336,donation_needs_or_offers_or_volunteering_services,train
592253990953443330,sympathy_and_emotional_support,train
593324598315192320,other_useful_information,test
593829287108714498,donation_needs_or_offers_or_volunteering_services,train
593052687308091392,injured_or_dead_people,train
592894785955966976,donation_needs_or_offers_or_volunteering_services,test
592337866904051713,caution_and_advice,test
592629722036772864,missing_trapped_or_found_people,train
592699293850587137,displaced_people_and_evacuations,train
593106004859949056,other_useful_information,train
592177003966500865,sympathy_and_emotional_support,train
592344175514750977,sympathy_and_emotional_support,train
592306407149596672,displaced_people_and_evacuations,train
593704587275603968,infrastructure_and_utilities_damage,train
592610330729021440,donation_needs_or_offers_or_volunteering_services,train
593121566726074368,infrastructure_and_utilities_damage,test
593271874689175552,not_related_or_irrelevant,test
592320638250983425,sympathy_and_emotional_support,train
593102231106416640,other_useful_information,test
593007868921716736,injured_or_dead_people,train
591949199131869185,injured_or_dead_people,train
592292275314634753,displaced_people_and_evacuations,train
592344648397426690,donation_needs_or_offers_or_volunteering_services,test
592957740898787329,donation_needs_or_offers_or_volunteering_services,train
592183258282098688,sympathy_and_emotional_support,test
592135173308723200,missing_trapped_or_found_people,train
592344091293188096,donation_needs_or_offers_or_volunteering_services,train
593769339687415809,sympathy_and_emotional_support,train
592265685532745728,donation_needs_or_offers_or_volunteering_services,train
593186627981340673,donation_needs_or_offers_or_volunteering_services,test
592162156025610240,sympathy_and_emotional_support,test
593101875710275584,donation_needs_or_offers_or_volunteering_services,test
592883368271978496,donation_needs_or_offers_or_volunteering_services,train
592139952026189824,sympathy_and_emotional_support,train
592243483051601922,other_useful_information,train
598056073694547969,donation_needs_or_offers_or_volunteering_services,train
593455564312612865,donation_needs_or_offers_or_volunteering_services,train
592327313628377088,injured_or_dead_people,train
592344932188233728,donation_needs_or_offers_or_volunteering_services,train
592911366425567232,injured_or_dead_people,test
598050789446189057,donation_needs_or_offers_or_volunteering_services,train
593045678164676608,donation_needs_or_offers_or_volunteering_services,train
593636668810334209,missing_trapped_or_found_people,train
592256577555529729,sympathy_and_emotional_support,test
591959719377375232,injured_or_dead_people,train
592103445118722051,sympathy_and_emotional_support,train
591939373530152960,other_useful_information,train
592212537501847553,sympathy_and_emotional_support,train
592330428352049153,donation_needs_or_offers_or_volunteering_services,train
592298660936994816,sympathy_and_emotional_support,train
593346157041954816,sympathy_and_emotional_support,train
591991088656883712,sympathy_and_emotional_support,train
592344912198152192,donation_needs_or_offers_or_volunteering_services,train
592595439951699968,donation_needs_or_offers_or_volunteering_services,train
591904010749120512,infrastructure_and_utilities_damage,train
593424706432184321,missing_trapped_or_found_people,train
593604958769061888,donation_needs_or_offers_or_volunteering_services,test
592372900960858112,infrastructure_and_utilities_damage,test
593749452034285568,missing_trapped_or_found_people,test
592136310556594176,injured_or_dead_people,train
593072980948824065,sympathy_and_emotional_support,train
592697996090933249,other_useful_information,train
593360633325686784,donation_needs_or_offers_or_volunteering_services,train
593013606729515008,not_related_or_irrelevant,train
593460576950489089,displaced_people_and_evacuations,train
592089763793907712,injured_or_dead_people,train
593829365370134528,missing_trapped_or_found_people,train
592252591339245568,not_related_or_irrelevant,train
593701523747667968,donation_needs_or_offers_or_volunteering_services,test
592689834898137090,missing_trapped_or_found_people,test
593391071364714496,donation_needs_or_offers_or_volunteering_services,train
591933323275939840,other_useful_information,train
591936157933576193,injured_or_dead_people,train
592309003260022785,other_useful_information,test
592252955442749440,sympathy_and_emotional_support,train
592308745104990208,donation_needs_or_offers_or_volunteering_services,train
592873478719668224,other_useful_information,train
592146820295307266,injured_or_dead_people,train
593832036919414784,other_useful_information,train
592602156898721792,other_useful_information,train
593247075824902144,donation_needs_or_offers_or_volunteering_services,train
592291575906082816,injured_or_dead_people,test
592700847341117440,donation_needs_or_offers_or_volunteering_services,train
592272759058735105,sympathy_and_emotional_support,test
593465791783313409,donation_needs_or_offers_or_volunteering_services,test
593072541746339841,infrastructure_and_utilities_damage,train
592994360263778304,not_related_or_irrelevant,train
593077569123000320,missing_trapped_or_found_people,train
592344582983057408,sympathy_and_emotional_support,test
593828392832729089,displaced_people_and_evacuations,train
593739709458681856,other_useful_information,test
593611843488378880,sympathy_and_emotional_support,train
593116193038290944,donation_needs_or_offers_or_volunteering_services,train
592683908971495425,not_related_or_irrelevant,train
593775661480747009,donation_needs_or_offers_or_volunteering_services,train
592324426781319168,infrastructure_and_utilities_damage,train
592342423159775233,donation_needs_or_offers_or_volunteering_services,train
591946639281008641,other_useful_information,train
592315301947138048,sympathy_and_emotional_support,train
592634249838080000,other_useful_information,train
593096305796231169,donation_needs_or_offers_or_volunteering_services,train
592344791750463488,donation_needs_or_offers_or_volunteering_services,train
592689836856844288,other_useful_information,test
592354364389392384,other_useful_information,train
592962516038193152,sympathy_and_emotional_support,train
593186080314290177,donation_needs_or_offers_or_volunteering_services,test
593138839415291904,donation_needs_or_offers_or_volunteering_services,train
592382316208500736,sympathy_and_emotional_support,test
593440864896028672,donation_needs_or_offers_or_volunteering_services,test
591973543249899521,other_useful_information,test
593326028266831873,sympathy_and_emotional_support,train
592346761919889408,donation_needs_or_offers_or_volunteering_services,test
600344281178509312,donation_needs_or_offers_or_volunteering_services,train
593776682269417472,donation_needs_or_offers_or_volunteering_services,train
593832933967925248,other_useful_information,train
593110110584504320,injured_or_dead_people,train
593187759491313665,other_useful_information,test
597775868585377792,donation_needs_or_offers_or_volunteering_services,train
593465858816659457,other_useful_information,train
593294940999823362,sympathy_and_emotional_support,train
592767433775034368,not_related_or_irrelevant,train
592886538750586881,donation_needs_or_offers_or_volunteering_services,train
592139157658423296,donation_needs_or_offers_or_volunteering_services,train
592321947624550400,other_useful_information,test
592268269987483648,donation_needs_or_offers_or_volunteering_services,train
593110560872341504,donation_needs_or_offers_or_volunteering_services,test
593792288683204609,other_useful_information,train
592272260922114049,sympathy_and_emotional_support,train
593443189060665345,donation_needs_or_offers_or_volunteering_services,train
592131684201431040,donation_needs_or_offers_or_volunteering_services,test
592328962828701696,injured_or_dead_people,train
592335426611847169,injured_or_dead_people,train
593234003005722624,not_related_or_irrelevant,train
592640964633595904,infrastructure_and_utilities_damage,test
592680529130029057,sympathy_and_emotional_support,train
592697074153562113,donation_needs_or_offers_or_volunteering_services,train
592638777870446593,donation_needs_or_offers_or_volunteering_services,train
592321981967630336,sympathy_and_emotional_support,train
592219512700739584,injured_or_dead_people,train
593334686304366592,donation_needs_or_offers_or_volunteering_services,train
591938856326459394,sympathy_and_emotional_support,train
598099084595990529,infrastructure_and_utilities_damage,train
592106268333998080,not_related_or_irrelevant,train
592832197905805312,donation_needs_or_offers_or_volunteering_services,test
592321073573548033,donation_needs_or_offers_or_volunteering_services,train
593688748820471808,infrastructure_and_utilities_damage,test
598015394490757120,other_useful_information,train
593298964079714304,missing_trapped_or_found_people,train
592129796890570752,other_useful_information,train
591913922443218944,other_useful_information,train
592172794198130688,other_useful_information,train
592994124644556800,displaced_people_and_evacuations,train
592343116432023552,injured_or_dead_people,train
592829805764202497,donation_needs_or_offers_or_volunteering_services,train
592911368203935745,other_useful_information,train
592117211478753280,sympathy_and_emotional_support,test
592120113328889856,other_useful_information,train
593448514602061825,donation_needs_or_offers_or_volunteering_services,train
593188954083430400,donation_needs_or_offers_or_volunteering_services,train
592275161551863809,sympathy_and_emotional_support,train
592622362866143232,donation_needs_or_offers_or_volunteering_services,train
592698449352613889,other_useful_information,train
592344785190408192,sympathy_and_emotional_support,train
592400686186303488,donation_needs_or_offers_or_volunteering_services,train
592305459115134978,sympathy_and_emotional_support,train
592589121878630400,donation_needs_or_offers_or_volunteering_services,test
592335179298910209,other_useful_information,train
593198868206133250,not_related_or_irrelevant,test
592732058323136512,donation_needs_or_offers_or_volunteering_services,train
593109872637513728,other_useful_information,train
592708905748307968,not_related_or_irrelevant,train
592957520605384705,donation_needs_or_offers_or_volunteering_services,train
593054394272325633,infrastructure_and_utilities_damage,train
599906306007371776,donation_needs_or_offers_or_volunteering_services,train
592344887997177856,donation_needs_or_offers_or_volunteering_services,train
592905148952924160,sympathy_and_emotional_support,test
592338583471661056,other_useful_information,train
592810687715500032,donation_needs_or_offers_or_volunteering_services,test
593565335648874496,donation_needs_or_offers_or_volunteering_services,train
592377380301381635,donation_needs_or_offers_or_volunteering_services,train
593639138487771137,missing_trapped_or_found_people,train
593832044565831680,donation_needs_or_offers_or_volunteering_services,train
593690173281533952,not_related_or_irrelevant,train
592340255748988928,infrastructure_and_utilities_damage,test
593144673121783808,donation_needs_or_offers_or_volunteering_services,test
591932532054044672,other_useful_information,train
593157244180631552,other_useful_information,train
591996932353953792,other_useful_information,train
592334948654157825,other_useful_information,train
597845042280136704,donation_needs_or_offers_or_volunteering_services,train
592657702867902464,injured_or_dead_people,train
592648783172870144,sympathy_and_emotional_support,train
592926986256969728,other_useful_information,train
593075475964014594,donation_needs_or_offers_or_volunteering_services,train
592657148368281600,sympathy_and_emotional_support,train
592829550167461888,not_related_or_irrelevant,train
592334574295724033,sympathy_and_emotional_support,train
592127612530593793,other_useful_information,train
593658541350621184,other_useful_information,train
593760241919074304,other_useful_information,test
592339476183056384,sympathy_and_emotional_support,train
592343246505840641,not_related_or_irrelevant,train
591975137227870211,other_useful_information,test
592298695661490176,sympathy_and_emotional_support,test
592831399620702208,not_related_or_irrelevant,train
592315383706558465,donation_needs_or_offers_or_volunteering_services,train
592868348725178368,donation_needs_or_offers_or_volunteering_services,train
592905071341469697,injured_or_dead_people,train
592777769341300738,sympathy_and_emotional_support,train
591925601101062144,injured_or_dead_people,train
599988404974059521,sympathy_and_emotional_support,train
592376053286375424,sympathy_and_emotional_support,test
593188232889761792,donation_needs_or_offers_or_volunteering_services,test
592335850819620866,donation_needs_or_offers_or_volunteering_services,train
593011778814087168,injured_or_dead_people,train
593786356763009024,donation_needs_or_offers_or_volunteering_services,train
592297473219006464,injured_or_dead_people,train
592344766592909314,donation_needs_or_offers_or_volunteering_services,train
593615474161647616,donation_needs_or_offers_or_volunteering_services,train
593414836240789504,donation_needs_or_offers_or_volunteering_services,train
592900556856958979,injured_or_dead_people,test
592269973655048193,sympathy_and_emotional_support,train
592088814279139328,sympathy_and_emotional_support,test
593286030020587520,sympathy_and_emotional_support,train
592692846668468224,injured_or_dead_people,train
592272630549327872,missing_trapped_or_found_people,train
592400621451481089,injured_or_dead_people,train
592109590625558529,other_useful_information,test
593691141414879234,other_useful_information,train
593814989833576449,sympathy_and_emotional_support,train
592989469654945792,other_useful_information,train
593115585829085184,other_useful_information,train
592815389903556608,injured_or_dead_people,train
592331584256221185,injured_or_dead_people,train
593805108334309376,donation_needs_or_offers_or_volunteering_services,train
592372358704300032,sympathy_and_emotional_support,train
592242322638671872,other_useful_information,train
592982457428750336,injured_or_dead_people,train
592389953184780288,other_useful_information,train
593296501926793216,displaced_people_and_evacuations,train
592649291115663360,other_useful_information,train
592338195708256256,donation_needs_or_offers_or_volunteering_services,train
593798369320968192,missing_trapped_or_found_people,train
593608651585138688,sympathy_and_emotional_support,train
592906115484090369,sympathy_and_emotional_support,train
593570995560124416,other_useful_information,train
593280424354263040,sympathy_and_emotional_support,train
593112442839932928,other_useful_information,train
592700507451457539,donation_needs_or_offers_or_volunteering_services,train
593643975329746944,not_related_or_irrelevant,train
592977410141724673,other_useful_information,train
592909568805580800,donation_needs_or_offers_or_volunteering_services,train
593045161204023297,donation_needs_or_offers_or_volunteering_services,train
592344535268593664,caution_and_advice,test
592979541477330944,sympathy_and_emotional_support,test
592257642149511168,sympathy_and_emotional_support,train
593082487246426112,donation_needs_or_offers_or_volunteering_services,train
592335856700002304,caution_and_advice,train
592972521894387713,donation_needs_or_offers_or_volunteering_services,test
592344160969084928,sympathy_and_emotional_support,test
592276678207901696,sympathy_and_emotional_support,train
593826951174828033,other_useful_information,train
593828045670240256,other_useful_information,train
592338113483165698,donation_needs_or_offers_or_volunteering_services,train
592879663950737408,donation_needs_or_offers_or_volunteering_services,train
592337001484914689,sympathy_and_emotional_support,train
592089779673632768,not_related_or_irrelevant,train
593377001299267585,injured_or_dead_people,train
592252456735649793,sympathy_and_emotional_support,train
593188403669127169,donation_needs_or_offers_or_volunteering_services,test
591961229557530625,sympathy_and_emotional_support,train
592622410676965376,donation_needs_or_offers_or_volunteering_services,train
593296678490365953,other_useful_information,test
593169749187698690,donation_needs_or_offers_or_volunteering_services,train
592766297999540226,other_useful_information,train
593154351251750913,injured_or_dead_people,train
592786388237574145,donation_needs_or_offers_or_volunteering_services,train
593185332029325313,donation_needs_or_offers_or_volunteering_services,train
592269142570467328,sympathy_and_emotional_support,train
592114090731909120,not_related_or_irrelevant,train
592344643884421121,missing_trapped_or_found_people,train
593410864184688640,donation_needs_or_offers_or_volunteering_services,train
591943375487565824,donation_needs_or_offers_or_volunteering_services,train
592700647520206848,injured_or_dead_people,train
592702758442139649,donation_needs_or_offers_or_volunteering_services,train
592397904293298176,not_related_or_irrelevant,train
591956527168159744,sympathy_and_emotional_support,train
593178277503696896,donation_needs_or_offers_or_volunteering_services,train
592238863873105920,other_useful_information,train
592310653651562496,sympathy_and_emotional_support,test
592749758839713792,injured_or_dead_people,test
592709478274961409,sympathy_and_emotional_support,train
592329383110541314,donation_needs_or_offers_or_volunteering_services,train
591967712777097216,other_useful_information,train
592643796002676736,sympathy_and_emotional_support,train
593585413429723137,caution_and_advice,train
592666208639549440,donation_needs_or_offers_or_volunteering_services,train
593802112397606914,donation_needs_or_offers_or_volunteering_services,test
593150652076916736,sympathy_and_emotional_support,train
592253149194256384,injured_or_dead_people,train
592646909074022400,infrastructure_and_utilities_damage,test
593339547750158336,donation_needs_or_offers_or_volunteering_services,train
593360220790738944,injured_or_dead_people,train
592141596075798528,sympathy_and_emotional_support,train
592898648050147329,sympathy_and_emotional_support,train
593050803876671488,donation_needs_or_offers_or_volunteering_services,train
591987745037414401,not_related_or_irrelevant,train
592087968031969280,missing_trapped_or_found_people,test
592378036256804864,displaced_people_and_evacuations,train
593117877567262720,donation_needs_or_offers_or_volunteering_services,train
591940962424889344,injured_or_dead_people,test
593116590675075072,other_useful_information,train
593809063579877376,other_useful_information,train
593117816955482112,infrastructure_and_utilities_damage,train
592950352883916800,other_useful_information,test
592333525103288320,injured_or_dead_people,test
592697092566556674,other_useful_information,train
592084542132920320,other_useful_information,test
592258555022970880,injured_or_dead_people,train
592162497303449600,donation_needs_or_offers_or_volunteering_services,test
592191423404904450,missing_trapped_or_found_people,train
592655380167139328,other_useful_information,test
592343734991196160,sympathy_and_emotional_support,train
592699303514251264,other_useful_information,train
593158683963445248,injured_or_dead_people,train
593164248001314816,sympathy_and_emotional_support,train
592319919318016000,donation_needs_or_offers_or_volunteering_services,train
592112840376385537,not_related_or_irrelevant,train
592644912027402240,sympathy_and_emotional_support,train
593807595464359936,other_useful_information,train
592691721219223552,other_useful_information,train
592132728436367360,other_useful_information,train
592258335253999616,injured_or_dead_people,test
592174557638709248,sympathy_and_emotional_support,train
592854925027221504,other_useful_information,train
592343508209553410,injured_or_dead_people,test
592283928087531520,other_useful_information,train
598098068911697921,donation_needs_or_offers_or_volunteering_services,train
592343637738070016,sympathy_and_emotional_support,train
593641221098090497,other_useful_information,train
592344934134521857,injured_or_dead_people,train
593148102531416065,donation_needs_or_offers_or_volunteering_services,train
592268914471505920,sympathy_and_emotional_support,train
593159676415447040,sympathy_and_emotional_support,train
593660512543514624,infrastructure_and_utilities_damage,test
593336665827053569,other_useful_information,train
592692993045434371,donation_needs_or_offers_or_volunteering_services,train
592294974500241410,other_useful_information,test
592341660572327937,donation_needs_or_offers_or_volunteering_services,train
592819837472210946,missing_trapped_or_found_people,train
592154823753015296,donation_needs_or_offers_or_volunteering_services,test
592609579315265536,not_related_or_irrelevant,train
592331826405838848,donation_needs_or_offers_or_volunteering_services,train
592339015283572736,other_useful_information,test
592751611631513601,missing_trapped_or_found_people,test
592336562995638274,sympathy_and_emotional_support,train
592213202659708928,missing_trapped_or_found_people,train
591931136340795392,donation_needs_or_offers_or_volunteering_services,train
592698004546662400,not_related_or_irrelevant,train
592615023312252928,other_useful_information,train
592920937411948545,other_useful_information,train
593179627641679873,sympathy_and_emotional_support,train
592342136202211329,other_useful_information,train
591992114373877760,sympathy_and_emotional_support,train
593349774826319873,donation_needs_or_offers_or_volunteering_services,train
593306269802311681,donation_needs_or_offers_or_volunteering_services,train
592377160578412544,injured_or_dead_people,train
592175401683685376,injured_or_dead_people,train
593554432027156482,donation_needs_or_offers_or_volunteering_services,train
592141585460154368,sympathy_and_emotional_support,train
592191971835285506,missing_trapped_or_found_people,train
593011316941524992,infrastructure_and_utilities_damage,train
592800677908340736,not_related_or_irrelevant,train
592846178355716096,caution_and_advice,train
593142307701919744,donation_needs_or_offers_or_volunteering_services,train
592321087381241856,other_useful_information,train
592107877055209473,other_useful_information,train
593093532744871936,displaced_people_and_evacuations,train
593440530542931968,other_useful_information,test
591909926085251072,sympathy_and_emotional_support,train
592344512661446658,not_related_or_irrelevant,train
592343595170066432,other_useful_information,train
593830027369713664,not_related_or_irrelevant,train
593828539767640065,donation_needs_or_offers_or_volunteering_services,train
593182297203040256,sympathy_and_emotional_support,train
593104101270949888,other_useful_information,train
592087371585179649,injured_or_dead_people,train
592903343019786241,donation_needs_or_offers_or_volunteering_services,train
592343483676954624,other_useful_information,train
592191425254596608,donation_needs_or_offers_or_volunteering_services,train
592339328174436352,other_useful_information,train
592298335672774656,donation_needs_or_offers_or_volunteering_services,train
592146361962770432,other_useful_information,train
592371127848153088,injured_or_dead_people,train
592339797911343104,missing_trapped_or_found_people,test
592343048362786816,other_useful_information,test
592344957987368962,donation_needs_or_offers_or_volunteering_services,train
592344401822679040,donation_needs_or_offers_or_volunteering_services,train
593826818882445312,other_useful_information,train
593074564927598592,other_useful_information,test
593141563242450944,injured_or_dead_people,train
593006389821210624,other_useful_information,train
592259432828002304,sympathy_and_emotional_support,train
592337109911937025,donation_needs_or_offers_or_volunteering_services,train
592684385905876997,other_useful_information,train
593602279120379904,donation_needs_or_offers_or_volunteering_services,test
592745596760502275,donation_needs_or_offers_or_volunteering_services,train
592363360802316288,donation_needs_or_offers_or_volunteering_services,train
592343208765628416,sympathy_and_emotional_support,train
592358618684588033,missing_trapped_or_found_people,train
592764906555973635,not_related_or_irrelevant,test
593018041694330880,other_useful_information,train
592165566590230529,other_useful_information,train
593355762430136321,donation_needs_or_offers_or_volunteering_services,train
592810746599333888,donation_needs_or_offers_or_volunteering_services,train
599960583039881217,missing_trapped_or_found_people,train
592598648082530304,donation_needs_or_offers_or_volunteering_services,train
593296832060489729,displaced_people_and_evacuations,test
593092534932504576,other_useful_information,train
593261012263964672,sympathy_and_emotional_support,test
593147619901251584,displaced_people_and_evacuations,train
593317095925907457,donation_needs_or_offers_or_volunteering_services,train
593187922343501825,donation_needs_or_offers_or_volunteering_services,train
592344479593443328,sympathy_and_emotional_support,train
593312043748331521,sympathy_and_emotional_support,test
592147611894833152,other_useful_information,test
593825567948038144,donation_needs_or_offers_or_volunteering_services,test
592344625735544835,injured_or_dead_people,train
592343045439356928,other_useful_information,train
593775699338592256,not_related_or_irrelevant,train
592875473778188288,missing_trapped_or_found_people,train
592342949180153856,sympathy_and_emotional_support,train
592638766155718656,donation_needs_or_offers_or_volunteering_services,train
592699425442631681,other_useful_information,train
592089705069584384,donation_needs_or_offers_or_volunteering_services,train
592344397364088833,donation_needs_or_offers_or_volunteering_services,train
593811529709006848,not_related_or_irrelevant,train
592699216058777601,other_useful_information,train
592091485966704641,sympathy_and_emotional_support,train
592640652451647488,sympathy_and_emotional_support,train
592251563558752258,sympathy_and_emotional_support,test
592394827481763841,infrastructure_and_utilities_damage,train
592127818110140416,sympathy_and_emotional_support,train
592627403735760896,donation_needs_or_offers_or_volunteering_services,train
592841905546907651,donation_needs_or_offers_or_volunteering_services,test
591940871475441667,injured_or_dead_people,train
592344798025003008,donation_needs_or_offers_or_volunteering_services,train
593789310282895360,donation_needs_or_offers_or_volunteering_services,train
593707287732031488,missing_trapped_or_found_people,train
592311082099707904,other_useful_information,train
592344149342429185,donation_needs_or_offers_or_volunteering_services,train
592358979373793281,injured_or_dead_people,train
593404617792225281,missing_trapped_or_found_people,train
593042055351246851,other_useful_information,test
592353726817443841,other_useful_information,test
593180157311066112,other_useful_information,train
592163723432697856,donation_needs_or_offers_or_volunteering_services,train
592378504097890304,donation_needs_or_offers_or_volunteering_services,train
593069376292585472,displaced_people_and_evacuations,train
593767745650569216,other_useful_information,train
592701028421730306,missing_trapped_or_found_people,train
600193834270728192,sympathy_and_emotional_support,train
592889233666404354,sympathy_and_emotional_support,test
593609382119641088,other_useful_information,test
593184902146859009,donation_needs_or_offers_or_volunteering_services,train
592700919109791744,missing_trapped_or_found_people,test
592319842604097536,displaced_people_and_evacuations,train
592781004038889472,injured_or_dead_people,test
592910486955532288,sympathy_and_emotional_support,train
592330257690038272,infrastructure_and_utilities_damage,train
593070148405202944,injured_or_dead_people,train
592615320218574848,other_useful_information,train
593640583110926336,other_useful_information,train
592344308486836224,donation_needs_or_offers_or_volunteering_services,test
591940068861874178,injured_or_dead_people,train
592251431203176448,caution_and_advice,train
593333274912645120,other_useful_information,train
592670963340353537,sympathy_and_emotional_support,test
593827659454394368,donation_needs_or_offers_or_volunteering_services,train
592342743323574272,missing_trapped_or_found_people,train
593097742978789376,donation_needs_or_offers_or_volunteering_services,test
592590525489905664,infrastructure_and_utilities_damage,train
592208474764902400,sympathy_and_emotional_support,test
592276316537368576,injured_or_dead_people,train
593104700355973120,donation_needs_or_offers_or_volunteering_services,train
593640712068968448,other_useful_information,test
592334866823294977,other_useful_information,test
592881900827574272,donation_needs_or_offers_or_volunteering_services,train
592865385877250049,other_useful_information,train
592339713131970560,injured_or_dead_people,test
593349696359247872,donation_needs_or_offers_or_volunteering_services,train
592344327877103616,injured_or_dead_people,train
592852632156405760,sympathy_and_emotional_support,train
592342766014877696,other_useful_information,train
592183073866809346,donation_needs_or_offers_or_volunteering_services,train
592337457737113600,donation_needs_or_offers_or_volunteering_services,train
593691536195452929,other_useful_information,train
592620821736226816,injured_or_dead_people,train
592289413343924224,donation_needs_or_offers_or_volunteering_services,test
592879528772526080,not_related_or_irrelevant,train
592343920383655936,sympathy_and_emotional_support,train
593317627738611712,donation_needs_or_offers_or_volunteering_services,train
593817582685310977,donation_needs_or_offers_or_volunteering_services,test
592266195606188033,not_related_or_irrelevant,test
600022444628283392,donation_needs_or_offers_or_volunteering_services,test
591928084766412800,sympathy_and_emotional_support,test
592343136921227264,missing_trapped_or_found_people,test
593346692034011136,missing_trapped_or_found_people,test
593487666366283776,other_useful_information,train
592699811167633409,injured_or_dead_people,train
592205326604087296,other_useful_information,train
593116519246135296,donation_needs_or_offers_or_volunteering_services,train
593149954794921987,other_useful_information,test
592339471296831489,donation_needs_or_offers_or_volunteering_services,train
592139682789588992,injured_or_dead_people,train
593471927496417281,sympathy_and_emotional_support,train
592762625261510656,donation_needs_or_offers_or_volunteering_services,train
593106243457327104,other_useful_information,train
592336557001965568,donation_needs_or_offers_or_volunteering_services,train
592339843537047552,sympathy_and_emotional_support,test
593070854377906177,injured_or_dead_people,test
592143397395308545,sympathy_and_emotional_support,train
593181287235608578,injured_or_dead_people,train
591940835056472064,injured_or_dead_people,train
592705089472716800,donation_needs_or_offers_or_volunteering_services,train
593097295630995456,other_useful_information,train
593282957256818688,sympathy_and_emotional_support,train
593685185415090176,donation_needs_or_offers_or_volunteering_services,train
592332510614401024,other_useful_information,train
592343573330272257,sympathy_and_emotional_support,train
593025123826864128,other_useful_information,test
592693220653539329,infrastructure_and_utilities_damage,train
592170167653634048,other_useful_information,train
592343637272367104,sympathy_and_emotional_support,test
592652666901168128,sympathy_and_emotional_support,test
592913342575943681,missing_trapped_or_found_people,test
592323146738442240,infrastructure_and_utilities_damage,train
592247390628880384,sympathy_and_emotional_support,train
592245165063950336,missing_trapped_or_found_people,train
592641856913047554,not_related_or_irrelevant,train
592403596089556993,sympathy_and_emotional_support,train
591928884490149889,sympathy_and_emotional_support,train
592667135471681537,donation_needs_or_offers_or_volunteering_services,train
593117866502660099,other_useful_information,train
593353168622374912,other_useful_information,train
593750904131555328,not_related_or_irrelevant,train
600401675124404224,injured_or_dead_people,train
593188886530158592,donation_needs_or_offers_or_volunteering_services,train
592136570863423489,donation_needs_or_offers_or_volunteering_services,train
592851099234738177,donation_needs_or_offers_or_volunteering_services,test
592249501898924032,donation_needs_or_offers_or_volunteering_services,train
593778652950568961,donation_needs_or_offers_or_volunteering_services,train
593304441652056064,donation_needs_or_offers_or_volunteering_services,train
593289332741378048,missing_trapped_or_found_people,test
592253252038696960,donation_needs_or_offers_or_volunteering_services,train
592272051152429058,displaced_people_and_evacuations,train
593106764620386306,donation_needs_or_offers_or_volunteering_services,train
592710443677921281,missing_trapped_or_found_people,train
593306987988815872,not_related_or_irrelevant,train
591936649057017857,other_useful_information,train
592400019593932800,donation_needs_or_offers_or_volunteering_services,train
592339876739067904,other_useful_information,train
592265829288312832,injured_or_dead_people,test
592113418330632196,donation_needs_or_offers_or_volunteering_services,train
593156332485619712,donation_needs_or_offers_or_volunteering_services,train
592159914207883264,sympathy_and_emotional_support,train
592134855309144064,donation_needs_or_offers_or_volunteering_services,train
592141262028812289,other_useful_information,train
592633115450937347,caution_and_advice,train
592112403497619456,sympathy_and_emotional_support,train
593360294535176192,not_related_or_irrelevant,train
592375612477669377,donation_needs_or_offers_or_volunteering_services,train
592736625936969729,donation_needs_or_offers_or_volunteering_services,train
593788761030299648,donation_needs_or_offers_or_volunteering_services,train
592883332825886721,missing_trapped_or_found_people,train
593362784206725121,infrastructure_and_utilities_damage,train
592332699869806592,other_useful_information,test
593798418079723521,donation_needs_or_offers_or_volunteering_services,train
592341683456512003,sympathy_and_emotional_support,train
592342726823190529,other_useful_information,train
592595758039191552,infrastructure_and_utilities_damage,train
592224513758134272,donation_needs_or_offers_or_volunteering_services,train
592377691946360832,injured_or_dead_people,train
593159037396656130,other_useful_information,test
592191640246329344,other_useful_information,train
592341543354114049,other_useful_information,train
592175513906511872,injured_or_dead_people,train
592259027674869760,other_useful_information,train
592344291483222016,donation_needs_or_offers_or_volunteering_services,test
592343566950608896,missing_trapped_or_found_people,test
592875153484316674,not_related_or_irrelevant,test
592343561984675840,other_useful_information,train
592699618753912832,other_useful_information,train
591905667750866944,other_useful_information,test
592132335291633665,displaced_people_and_evacuations,train
592175527277953027,injured_or_dead_people,test
593163318891773952,donation_needs_or_offers_or_volunteering_services,train
591950761317171200,other_useful_information,train
600409040175267840,donation_needs_or_offers_or_volunteering_services,train
593187076884955136,other_useful_information,train
593188767223123968,donation_needs_or_offers_or_volunteering_services,test
592649772663701505,not_related_or_irrelevant,train
592260164964712449,missing_trapped_or_found_people,train
592194164080513024,sympathy_and_emotional_support,train
592344431698780161,donation_needs_or_offers_or_volunteering_services,train
593315728356298752,missing_trapped_or_found_people,train
593074208852168705,donation_needs_or_offers_or_volunteering_services,train
592698654412185602,sympathy_and_emotional_support,train
592172282446905344,missing_trapped_or_found_people,train
593076731000393728,injured_or_dead_people,train
592088485676331008,other_useful_information,train
592667941700788224,displaced_people_and_evacuations,train
593059623101460480,donation_needs_or_offers_or_volunteering_services,train
592672262584717313,sympathy_and_emotional_support,train
592344768073478144,sympathy_and_emotional_support,train
592799485849432064,other_useful_information,train
591949491219013633,infrastructure_and_utilities_damage,train
593690030750572544,not_related_or_irrelevant,train
592632903164637184,sympathy_and_emotional_support,train
592648694765211648,donation_needs_or_offers_or_volunteering_services,train
593814316849106945,other_useful_information,train
592365309773815809,sympathy_and_emotional_support,train
592335269904265217,sympathy_and_emotional_support,train
593707771008131073,missing_trapped_or_found_people,test
592656030263287810,injured_or_dead_people,train
593116319014363136,displaced_people_and_evacuations,train
592864651819483139,sympathy_and_emotional_support,train
591963862808670208,sympathy_and_emotional_support,train
593050802895257600,injured_or_dead_people,train
592378154532012032,donation_needs_or_offers_or_volunteering_services,train
592332945320382464,missing_trapped_or_found_people,test
592089809528688640,donation_needs_or_offers_or_volunteering_services,train
593024071736139777,other_useful_information,test
592344884427685889,missing_trapped_or_found_people,train
593185713874538496,donation_needs_or_offers_or_volunteering_services,train
593681126767624192,other_useful_information,train
593082426298994689,displaced_people_and_evacuations,test
591990042198835200,other_useful_information,test
592261920788500480,injured_or_dead_people,test
593161376341852161,donation_needs_or_offers_or_volunteering_services,test
592314219355312129,other_useful_information,train
591976111413665793,caution_and_advice,train
593182342031740929,other_useful_information,train
593150510464565248,displaced_people_and_evacuations,train
593776071436271616,donation_needs_or_offers_or_volunteering_services,test
593762726779858947,not_related_or_irrelevant,train
593435492768583682,donation_needs_or_offers_or_volunteering_services,test
591987116470444032,injured_or_dead_people,test
593045422085525504,other_useful_information,test
592821931759525888,donation_needs_or_offers_or_volunteering_services,train
593122765546205184,injured_or_dead_people,test
592897910574055424,other_useful_information,test
593181531432198144,caution_and_advice,test
592214662432718848,not_related_or_irrelevant,train
592344711618285568,donation_needs_or_offers_or_volunteering_services,train
592912520496738304,donation_needs_or_offers_or_volunteering_services,train
593373271027896321,other_useful_information,train
592241698752737280,sympathy_and_emotional_support,train
592905456189833218,not_related_or_irrelevant,train
592340812626792448,donation_needs_or_offers_or_volunteering_services,train
592950013766012928,donation_needs_or_offers_or_volunteering_services,train
592907774553624577,infrastructure_and_utilities_damage,train
592230768518266880,sympathy_and_emotional_support,train
593160096177356800,other_useful_information,train
592320518155407361,donation_needs_or_offers_or_volunteering_services,test
592904455282106368,injured_or_dead_people,train
592284354002300928,sympathy_and_emotional_support,train
593024743776784386,donation_needs_or_offers_or_volunteering_services,train
592599077637980160,missing_trapped_or_found_people,train
592163510156546048,other_useful_information,train
593569017123573760,other_useful_information,train
591988803130228737,sympathy_and_emotional_support,train
591989866990174209,injured_or_dead_people,test
593722584816099328,donation_needs_or_offers_or_volunteering_services,train
592273935695122432,injured_or_dead_people,train
593422674040397824,other_useful_information,test
592926779565801472,other_useful_information,train
593826742063661056,donation_needs_or_offers_or_volunteering_services,train
592277507698720768,other_useful_information,test
591934166398332928,injured_or_dead_people,test
592086201294671872,sympathy_and_emotional_support,train
592237655506563073,sympathy_and_emotional_support,train
592340646972805122,donation_needs_or_offers_or_volunteering_services,train
592625242708705280,other_useful_information,train
592332209807183872,other_useful_information,train
592289464531034114,other_useful_information,test
593281883342962689,not_related_or_irrelevant,train
592275305563197440,other_useful_information,train
597721513018687488,donation_needs_or_offers_or_volunteering_services,test
593832978079449088,missing_trapped_or_found_people,train
592699320161456129,donation_needs_or_offers_or_volunteering_services,train
592621017975107584,donation_needs_or_offers_or_volunteering_services,train
592690340110462977,injured_or_dead_people,train
592344371762106368,donation_needs_or_offers_or_volunteering_services,test
593189824896442368,other_useful_information,train
591975610655776769,injured_or_dead_people,test
593392218553081856,donation_needs_or_offers_or_volunteering_services,train
597724832265052160,donation_needs_or_offers_or_volunteering_services,test
592343533341671424,sympathy_and_emotional_support,test
592231950548500480,infrastructure_and_utilities_damage,train
592272935815127041,sympathy_and_emotional_support,test
593105098223525888,donation_needs_or_offers_or_volunteering_services,train
592912278170836992,donation_needs_or_offers_or_volunteering_services,train
592140182733922304,sympathy_and_emotional_support,train
592696711799250944,other_useful_information,test
593816172551897089,donation_needs_or_offers_or_volunteering_services,train
592700345656172544,sympathy_and_emotional_support,test
592600125031227392,sympathy_and_emotional_support,train
592209655583019008,sympathy_and_emotional_support,train
592878621565571074,other_useful_information,train
591977475044814850,injured_or_dead_people,train
593830387819925504,infrastructure_and_utilities_damage,train
593151641898995714,injured_or_dead_people,test
592342994562490368,donation_needs_or_offers_or_volunteering_services,test
593818941903896577,donation_needs_or_offers_or_volunteering_services,train
592981465165500417,donation_needs_or_offers_or_volunteering_services,train
592331238024708097,donation_needs_or_offers_or_volunteering_services,train
592234977267355648,sympathy_and_emotional_support,test
593058900967985152,injured_or_dead_people,train
592869879092482050,donation_needs_or_offers_or_volunteering_services,test
592139482150735872,other_useful_information,test
592272874716532737,donation_needs_or_offers_or_volunteering_services,train
592910833002373122,other_useful_information,train
592959308112986112,donation_needs_or_offers_or_volunteering_services,train
592243314809704450,other_useful_information,test
592341014825684993,sympathy_and_emotional_support,train
592876153100177412,sympathy_and_emotional_support,train
593306986600534016,infrastructure_and_utilities_damage,train
592657046941597696,other_useful_information,test
592102740945346562,sympathy_and_emotional_support,train
593830138816679936,other_useful_information,test
592669264743628800,sympathy_and_emotional_support,train
593090031885099009,donation_needs_or_offers_or_volunteering_services,train
592323156003586048,not_related_or_irrelevant,train
592182910997794816,donation_needs_or_offers_or_volunteering_services,test
591959492209856512,sympathy_and_emotional_support,test
592107939340492800,not_related_or_irrelevant,train
591961186264027137,other_useful_information,train
597862574604951553,sympathy_and_emotional_support,train
592329141199876097,donation_needs_or_offers_or_volunteering_services,test
592174209851330561,sympathy_and_emotional_support,test
593037650937929731,injured_or_dead_people,train
592375750193389568,other_useful_information,test
592790172464521216,donation_needs_or_offers_or_volunteering_services,train
592136122597158912,other_useful_information,train
592656993615228929,sympathy_and_emotional_support,test
593798017465069568,sympathy_and_emotional_support,train
592967036654911488,infrastructure_and_utilities_damage,train
592344766718685184,donation_needs_or_offers_or_volunteering_services,train
592638282669826048,other_useful_information,train
592700281210720257,other_useful_information,test
592170440459743232,other_useful_information,test
593048609865633792,donation_needs_or_offers_or_volunteering_services,train
592989145741398016,other_useful_information,train
591939212200423424,injured_or_dead_people,test
592272314202361858,other_useful_information,train
593033433590411264,donation_needs_or_offers_or_volunteering_services,train
591972797347332096,donation_needs_or_offers_or_volunteering_services,train
593115113017610240,donation_needs_or_offers_or_volunteering_services,train
593163940793815040,donation_needs_or_offers_or_volunteering_services,train
592904159671808000,infrastructure_and_utilities_damage,train
591973820002476032,sympathy_and_emotional_support,test
592340164468449281,sympathy_and_emotional_support,train
592288033203822592,injured_or_dead_people,train
591933435704258560,caution_and_advice,train
593028888600674305,missing_trapped_or_found_people,test
593102826265399298,displaced_people_and_evacuations,train
592245257791610882,other_useful_information,train
592337316699582464,other_useful_information,train
593832338041110528,missing_trapped_or_found_people,train
592105477837750272,donation_needs_or_offers_or_volunteering_services,train
592337792631443456,injured_or_dead_people,train
592936292658192384,injured_or_dead_people,train
592269952242978816,donation_needs_or_offers_or_volunteering_services,train
593807504548704256,other_useful_information,test
593188008674856961,other_useful_information,train
593813058692190210,other_useful_information,train
591936899641520128,injured_or_dead_people,train
592668716111900673,donation_needs_or_offers_or_volunteering_services,train
592342908335820800,injured_or_dead_people,test
591928412211576832,injured_or_dead_people,train
592298764511109121,other_useful_information,train
592312580640608256,injured_or_dead_people,train
593110169577390080,donation_needs_or_offers_or_volunteering_services,train
593182835416113152,other_useful_information,train
592645001957408769,sympathy_and_emotional_support,test
591918724371841024,sympathy_and_emotional_support,train
597656111777361922,displaced_people_and_evacuations,train
593804110824087552,other_useful_information,train
593091024014082048,infrastructure_and_utilities_damage,train
592192003498061824,infrastructure_and_utilities_damage,train
592602862275796992,missing_trapped_or_found_people,train
593186214485692416,not_related_or_irrelevant,train
592690165556056066,sympathy_and_emotional_support,train
593407372795719680,sympathy_and_emotional_support,train
592344746636378113,displaced_people_and_evacuations,test
593161617799417857,other_useful_information,train
593356283643846657,displaced_people_and_evacuations,train
591978014537285632,injured_or_dead_people,train
592642912065716224,other_useful_information,train
592116562208763904,caution_and_advice,train
592088831328944128,missing_trapped_or_found_people,train
592259025049268224,missing_trapped_or_found_people,train
591989002913316865,infrastructure_and_utilities_damage,test
593342081453707265,sympathy_and_emotional_support,test
592680764350832640,donation_needs_or_offers_or_volunteering_services,train
593062060596064256,donation_needs_or_offers_or_volunteering_services,train
592115412529127424,sympathy_and_emotional_support,test
592701172978479105,infrastructure_and_utilities_damage,train
600192644837408768,sympathy_and_emotional_support,train
592670791411589121,not_related_or_irrelevant,train
593800270494113792,donation_needs_or_offers_or_volunteering_services,train
593525914455052288,donation_needs_or_offers_or_volunteering_services,train
592763351152914432,other_useful_information,train
593184160145113089,other_useful_information,train
592344973829373952,donation_needs_or_offers_or_volunteering_services,train
592343757502177281,sympathy_and_emotional_support,train
591909505841106944,sympathy_and_emotional_support,train
593116135589093376,other_useful_information,train
593810158163111937,other_useful_information,train
592344925213106176,sympathy_and_emotional_support,train
592640099822645248,injured_or_dead_people,train
593320383480074241,other_useful_information,train
593264474234093568,donation_needs_or_offers_or_volunteering_services,train
592320522660106240,infrastructure_and_utilities_damage,test
592693683251732482,injured_or_dead_people,train
592107050605223936,donation_needs_or_offers_or_volunteering_services,train
593428508732465152,caution_and_advice,train
592913492534906880,other_useful_information,train
593785562865082368,other_useful_information,test
592177298050129920,other_useful_information,train
593463530441048065,other_useful_information,test
592700654063325186,infrastructure_and_utilities_damage,train
593101104218419201,infrastructure_and_utilities_damage,train
592869740256833537,donation_needs_or_offers_or_volunteering_services,train
592796412544491521,donation_needs_or_offers_or_volunteering_services,train
592319939106582528,donation_needs_or_offers_or_volunteering_services,train
592343104293744642,missing_trapped_or_found_people,train
593115836136591361,displaced_people_and_evacuations,train
593085910822100992,donation_needs_or_offers_or_volunteering_services,train
592342304427417601,donation_needs_or_offers_or_volunteering_services,test
592700669662011393,other_useful_information,test
592698309992652801,donation_needs_or_offers_or_volunteering_services,train
592913029555171330,donation_needs_or_offers_or_volunteering_services,train
592328715054387201,sympathy_and_emotional_support,train
592272538421460992,other_useful_information,train
593157962501357569,other_useful_information,train
592344032082337792,injured_or_dead_people,train
592690177681825794,donation_needs_or_offers_or_volunteering_services,test
592684426846412800,donation_needs_or_offers_or_volunteering_services,train
592692878880722944,caution_and_advice,train
593165390286561281,donation_needs_or_offers_or_volunteering_services,train
593170307223019520,donation_needs_or_offers_or_volunteering_services,train
598838407192780800,donation_needs_or_offers_or_volunteering_services,train
592698905906835457,donation_needs_or_offers_or_volunteering_services,train
592341232577216512,donation_needs_or_offers_or_volunteering_services,train
591967797208461313,missing_trapped_or_found_people,train
592343065936826368,donation_needs_or_offers_or_volunteering_services,train
592342013590282240,sympathy_and_emotional_support,train
592331515209494529,other_useful_information,train
591935660266774528,injured_or_dead_people,train
593179466509197313,donation_needs_or_offers_or_volunteering_services,train
591925499376472065,injured_or_dead_people,train
593182546436882433,other_useful_information,train
593213589357395969,donation_needs_or_offers_or_volunteering_services,train
592308789925289984,injured_or_dead_people,test
591989017521958912,donation_needs_or_offers_or_volunteering_services,train
593192553798709248,injured_or_dead_people,train
592091718775898112,sympathy_and_emotional_support,train
593801438700122112,donation_needs_or_offers_or_volunteering_services,test
592277759575105536,injured_or_dead_people,test
592981671797870592,other_useful_information,train
593073343999377409,missing_trapped_or_found_people,test
593157112252997632,donation_needs_or_offers_or_volunteering_services,train
592309536905564162,injured_or_dead_people,train
593783308774838273,other_useful_information,train
593797685829767170,sympathy_and_emotional_support,train
592397299155763200,other_useful_information,train
593212167475765249,donation_needs_or_offers_or_volunteering_services,train
592083813594968064,donation_needs_or_offers_or_volunteering_services,test
592079324276076546,not_related_or_irrelevant,train
593188279719206913,donation_needs_or_offers_or_volunteering_services,train
592700814180937730,injured_or_dead_people,test
592853688928067586,donation_needs_or_offers_or_volunteering_services,train
593738018323828736,infrastructure_and_utilities_damage,train
592909678247550976,infrastructure_and_utilities_damage,train
592251650275807232,donation_needs_or_offers_or_volunteering_services,train
593007239977394176,donation_needs_or_offers_or_volunteering_services,train
598087463475630081,other_useful_information,train
593637409574662144,not_related_or_irrelevant,train
592327847898820608,missing_trapped_or_found_people,train
593316615174782976,other_useful_information,train
593398115429916672,other_useful_information,train
592697563528171520,other_useful_information,train
593777870876475392,missing_trapped_or_found_people,train
592343226914332674,displaced_people_and_evacuations,train
592344734544240640,donation_needs_or_offers_or_volunteering_services,test
593032908702621696,donation_needs_or_offers_or_volunteering_services,test
592330323033133056,infrastructure_and_utilities_damage,train
591935611579207680,donation_needs_or_offers_or_volunteering_services,train
591992442049560577,injured_or_dead_people,test
592720024705576960,other_useful_information,train
593156327259639809,donation_needs_or_offers_or_volunteering_services,test
593051916617191426,donation_needs_or_offers_or_volunteering_services,train
592336467550195713,sympathy_and_emotional_support,train
593822960114397184,other_useful_information,train
592639952250363905,injured_or_dead_people,train
593026746649321472,donation_needs_or_offers_or_volunteering_services,train
592695100922298369,missing_trapped_or_found_people,train
592684006644260864,sympathy_and_emotional_support,test
593325309367201792,other_useful_information,train
592331630808735744,injured_or_dead_people,test
591914281576325120,sympathy_and_emotional_support,train
592304952241885184,sympathy_and_emotional_support,train
592126676567392256,sympathy_and_emotional_support,train
592807545846308864,other_useful_information,train
593021404766834688,other_useful_information,train
593828515688022016,not_related_or_irrelevant,train
592326110379126787,other_useful_information,test
593829013040173057,sympathy_and_emotional_support,test
592695340475785217,sympathy_and_emotional_support,train
592343811084292096,sympathy_and_emotional_support,train
592313801447452672,missing_trapped_or_found_people,test
593114177977192448,donation_needs_or_offers_or_volunteering_services,train
593321169236959232,infrastructure_and_utilities_damage,train
593497078476742657,donation_needs_or_offers_or_volunteering_services,train
592339030618021888,other_useful_information,test
592157918864236545,donation_needs_or_offers_or_volunteering_services,train
593583760693731330,sympathy_and_emotional_support,train
592695443420745728,not_related_or_irrelevant,train
592997903251025921,displaced_people_and_evacuations,test
591936832373264384,injured_or_dead_people,train
592687344169390083,sympathy_and_emotional_support,train
592344845340966912,donation_needs_or_offers_or_volunteering_services,train
593809973877977088,sympathy_and_emotional_support,train
592080430439923712,missing_trapped_or_found_people,train
593380635802095616,sympathy_and_emotional_support,train
597741776594571264,donation_needs_or_offers_or_volunteering_services,train
593084826065899520,displaced_people_and_evacuations,train
593460334532374528,not_related_or_irrelevant,test
592344861531086848,sympathy_and_emotional_support,train
592396234247266305,not_related_or_irrelevant,train
592359313940750337,injured_or_dead_people,train
592341296980754432,missing_trapped_or_found_people,train
592602196828622848,other_useful_information,train
593460452870455298,sympathy_and_emotional_support,train
593295060583649280,sympathy_and_emotional_support,train
592242600565972992,injured_or_dead_people,train
592341681359462401,donation_needs_or_offers_or_volunteering_services,test
592343682784854016,donation_needs_or_offers_or_volunteering_services,test
592341335320854528,sympathy_and_emotional_support,train
592625875780313088,sympathy_and_emotional_support,train
592341144215756802,sympathy_and_emotional_support,train
600057166813237248,other_useful_information,train
592657983911366657,other_useful_information,test
592338798752600064,missing_trapped_or_found_people,train
592344840571998208,injured_or_dead_people,train
593182504489615360,injured_or_dead_people,train
592328269459951616,sympathy_and_emotional_support,train
593188326670077952,other_useful_information,train
592337854304428036,sympathy_and_emotional_support,train
591962976543969280,infrastructure_and_utilities_damage,train
593823634050940928,donation_needs_or_offers_or_volunteering_services,train
591991378596343810,donation_needs_or_offers_or_volunteering_services,train
592901724802785282,other_useful_information,train
593830488013467649,other_useful_information,train
593832219807916032,displaced_people_and_evacuations,train
593831936281284608,injured_or_dead_people,train
593824665640050688,donation_needs_or_offers_or_volunteering_services,train
593104531199766528,donation_needs_or_offers_or_volunteering_services,train
593812775463354368,not_related_or_irrelevant,train
593108033053401089,donation_needs_or_offers_or_volunteering_services,train
592658328272113664,infrastructure_and_utilities_damage,train
600150610361589760,donation_needs_or_offers_or_volunteering_services,train
592913703357538306,infrastructure_and_utilities_damage,train
592083680115339264,not_related_or_irrelevant,train
592341650975825921,other_useful_information,train
592931363667345408,other_useful_information,test
592344970494877696,other_useful_information,train
593696460262285312,other_useful_information,train
593183443426496513,donation_needs_or_offers_or_volunteering_services,train
593396270741479424,injured_or_dead_people,test
592701023287910400,sympathy_and_emotional_support,train
592257992642273281,injured_or_dead_people,train
593220029807665153,donation_needs_or_offers_or_volunteering_services,train
593749130431877120,sympathy_and_emotional_support,train
592332085043466240,missing_trapped_or_found_people,train
593087810841645057,donation_needs_or_offers_or_volunteering_services,train
592380316246937600,sympathy_and_emotional_support,train
599933903894355969,missing_trapped_or_found_people,test
592343896329363456,missing_trapped_or_found_people,train
592644403342274560,sympathy_and_emotional_support,train
592338431004397568,infrastructure_and_utilities_damage,test
592226630480834560,other_useful_information,test
593295138652323841,infrastructure_and_utilities_damage,train
591979446359457792,other_useful_information,train
592910606782615552,donation_needs_or_offers_or_volunteering_services,train
593767056165572608,not_related_or_irrelevant,train
593667341659021313,donation_needs_or_offers_or_volunteering_services,train
593122461924855809,other_useful_information,train
592337847937544192,donation_needs_or_offers_or_volunteering_services,test
600365216472367105,sympathy_and_emotional_support,train
592089115350454272,sympathy_and_emotional_support,train
593317464609529856,displaced_people_and_evacuations,train
592342711769952257,not_related_or_irrelevant,train
592343855581761536,donation_needs_or_offers_or_volunteering_services,train
592877258798424064,not_related_or_irrelevant,train
593811048601366528,other_useful_information,test
593747428412694528,donation_needs_or_offers_or_volunteering_services,train
592175421472444416,injured_or_dead_people,train
593097305412210689,displaced_people_and_evacuations,train
592939158974308353,donation_needs_or_offers_or_volunteering_services,train
592722646091091969,not_related_or_irrelevant,train
592266811376144384,sympathy_and_emotional_support,train
592320497544613888,injured_or_dead_people,train
593355747896872960,not_related_or_irrelevant,train
593804433391161344,other_useful_information,train
592324159067197440,donation_needs_or_offers_or_volunteering_services,test
592633264810102784,other_useful_information,train
592704126729003008,sympathy_and_emotional_support,train
593166729079070720,donation_needs_or_offers_or_volunteering_services,train
593360297722716160,not_related_or_irrelevant,train
593715810855755777,infrastructure_and_utilities_damage,train
593179898769838080,donation_needs_or_offers_or_volunteering_services,train
593458268036419584,sympathy_and_emotional_support,test
593583589700214784,donation_needs_or_offers_or_volunteering_services,train
592688919138926592,donation_needs_or_offers_or_volunteering_services,train
592684312153174016,displaced_people_and_evacuations,test
593094110443118592,donation_needs_or_offers_or_volunteering_services,train
593755643141459968,sympathy_and_emotional_support,train
592344200537972737,not_related_or_irrelevant,train
593729621486489600,other_useful_information,train
592684523596414978,donation_needs_or_offers_or_volunteering_services,train
592167956940853248,injured_or_dead_people,train
593181573664612352,injured_or_dead_people,test
593740178881122310,caution_and_advice,train
593742534158888960,donation_needs_or_offers_or_volunteering_services,train
592113856547131392,other_useful_information,test
592700888139046912,sympathy_and_emotional_support,train
591941728883625984,infrastructure_and_utilities_damage,train
593186119514198016,injured_or_dead_people,train
592601585475145728,caution_and_advice,test
592698206007463936,donation_needs_or_offers_or_volunteering_services,test
592700631896457216,donation_needs_or_offers_or_volunteering_services,train
593256832736464896,other_useful_information,train
592341553307226112,donation_needs_or_offers_or_volunteering_services,train
592146089597345792,not_related_or_irrelevant,train
593602300314288129,other_useful_information,train
593816201052213248,donation_needs_or_offers_or_volunteering_services,train
592685562085122048,other_useful_information,train
593188132687851521,donation_needs_or_offers_or_volunteering_services,train
592267523967483904,other_useful_information,test
593331069375516672,missing_trapped_or_found_people,train
592795613525323778,injured_or_dead_people,train
592284214873235456,injured_or_dead_people,train
593140508832223232,sympathy_and_emotional_support,train
593095695696994304,other_useful_information,train
593151428543303680,donation_needs_or_offers_or_volunteering_services,train
593178914480087040,donation_needs_or_offers_or_volunteering_services,test
592825283742400513,other_useful_information,train
591938740802564100,other_useful_information,train
591913151207120897,other_useful_information,train
592322948255653888,sympathy_and_emotional_support,train
593041224136790016,missing_trapped_or_found_people,train
592325917759832067,donation_needs_or_offers_or_volunteering_services,train
593731703656448000,other_useful_information,train
592669422575321088,caution_and_advice,train
592612974302367744,other_useful_information,test
592252043298996224,donation_needs_or_offers_or_volunteering_services,train
592312447643602945,donation_needs_or_offers_or_volunteering_services,test
591944948062113793,sympathy_and_emotional_support,test
592173009005203456,sympathy_and_emotional_support,train
593183136294436864,injured_or_dead_people,test
593662200578904064,other_useful_information,test
592384244938334208,injured_or_dead_people,train
600134340345921538,donation_needs_or_offers_or_volunteering_services,train
593827764605714434,missing_trapped_or_found_people,train
593360130797805568,other_useful_information,train
592291616305618944,sympathy_and_emotional_support,train
592327149027102720,donation_needs_or_offers_or_volunteering_services,train
592841998383652864,donation_needs_or_offers_or_volunteering_services,train
592326880285630464,sympathy_and_emotional_support,train
592705318456549376,donation_needs_or_offers_or_volunteering_services,test
591989932438073344,donation_needs_or_offers_or_volunteering_services,test
593474322632679424,missing_trapped_or_found_people,train
592658899037253632,other_useful_information,train
593106598907748353,sympathy_and_emotional_support,test
592882948581552131,donation_needs_or_offers_or_volunteering_services,train
593419061536534528,donation_needs_or_offers_or_volunteering_services,train
592696833413087233,donation_needs_or_offers_or_volunteering_services,train
593788388521611264,donation_needs_or_offers_or_volunteering_services,train
593288123334852609,other_useful_information,train
593230170485616640,other_useful_information,train
593705477164408832,donation_needs_or_offers_or_volunteering_services,train
593408219659145216,other_useful_information,train
593185598086643712,injured_or_dead_people,train
592246082840571904,donation_needs_or_offers_or_volunteering_services,train
593062766203637760,sympathy_and_emotional_support,train
593036282441306112,sympathy_and_emotional_support,train
592342435667148800,donation_needs_or_offers_or_volunteering_services,train
600252406627110913,donation_needs_or_offers_or_volunteering_services,train
592695329352503299,other_useful_information,train
592959221165006848,missing_trapped_or_found_people,train
592343940663148545,donation_needs_or_offers_or_volunteering_services,train
592256078072520704,other_useful_information,train
592378730015825920,infrastructure_and_utilities_damage,train
592342011992236032,not_related_or_irrelevant,test
593219098458357760,injured_or_dead_people,train
592341360306495489,donation_needs_or_offers_or_volunteering_services,train
593042667941933056,other_useful_information,train
592253768823111680,infrastructure_and_utilities_damage,train
591943368164401153,not_related_or_irrelevant,train
591983457351401472,sympathy_and_emotional_support,train
592668851558559744,donation_needs_or_offers_or_volunteering_services,train
592344044765753345,displaced_people_and_evacuations,train
593676022677024768,missing_trapped_or_found_people,train
593576580363849728,caution_and_advice,train
591995663937744896,sympathy_and_emotional_support,train
593820526461616128,donation_needs_or_offers_or_volunteering_services,train
592343517197807616,donation_needs_or_offers_or_volunteering_services,train
593444013878874114,sympathy_and_emotional_support,test
592659320606691329,sympathy_and_emotional_support,train
592203704301846529,donation_needs_or_offers_or_volunteering_services,test
592901158194253826,donation_needs_or_offers_or_volunteering_services,train
593028517413068802,other_useful_information,train
592879547340689408,sympathy_and_emotional_support,train
592288038018879488,sympathy_and_emotional_support,train
593832702379438080,other_useful_information,train
592264400435712001,other_useful_information,train
593165900024385536,other_useful_information,train
593152820607643649,infrastructure_and_utilities_damage,test
593343185302106112,donation_needs_or_offers_or_volunteering_services,train
592158813391720448,other_useful_information,test
592249600259575808,donation_needs_or_offers_or_volunteering_services,train
593320214281990144,donation_needs_or_offers_or_volunteering_services,train
593336665348960256,donation_needs_or_offers_or_volunteering_services,train
592801290884947970,infrastructure_and_utilities_damage,train
592356264455307265,other_useful_information,train
592285772046172161,not_related_or_irrelevant,train
591933544424935425,injured_or_dead_people,test
592208934276046848,missing_trapped_or_found_people,train
592172066683555840,other_useful_information,train
592898958378332161,other_useful_information,train
592700686246256641,other_useful_information,train
593788619971645440,not_related_or_irrelevant,train
593674348679933952,donation_needs_or_offers_or_volunteering_services,train
592913635703291904,donation_needs_or_offers_or_volunteering_services,train
593321189155672064,injured_or_dead_people,train
593797444036464640,caution_and_advice,train
592658403882889216,other_useful_information,train
592701104854573059,other_useful_information,train
598083400340271104,infrastructure_and_utilities_damage,train
593796294411493377,donation_needs_or_offers_or_volunteering_services,train
592336894924431360,donation_needs_or_offers_or_volunteering_services,train
592196631036059649,donation_needs_or_offers_or_volunteering_services,train
592687685535461376,donation_needs_or_offers_or_volunteering_services,train
592139557530935296,missing_trapped_or_found_people,train
592847301481254913,donation_needs_or_offers_or_volunteering_services,train
592268795432947712,donation_needs_or_offers_or_volunteering_services,train
592376182907215873,donation_needs_or_offers_or_volunteering_services,train
593043404067573760,donation_needs_or_offers_or_volunteering_services,train
592209153969360897,sympathy_and_emotional_support,train
592336988079980544,injured_or_dead_people,train
593797959692754945,missing_trapped_or_found_people,test
592595138502852609,caution_and_advice,train
593012203214667777,injured_or_dead_people,train
592344157873696769,sympathy_and_emotional_support,test
592309922089467904,caution_and_advice,test
592792978642608128,donation_needs_or_offers_or_volunteering_services,test
593064183631093760,injured_or_dead_people,train
592083415966588932,donation_needs_or_offers_or_volunteering_services,train
592127637973241856,injured_or_dead_people,train
592077199341158402,sympathy_and_emotional_support,train
593180461758869504,donation_needs_or_offers_or_volunteering_services,train
592115768499671040,not_related_or_irrelevant,train
592315582898372608,donation_needs_or_offers_or_volunteering_services,train
591925061008936960,injured_or_dead_people,train
592664869457022977,other_useful_information,train
593830739436818432,not_related_or_irrelevant,test
593457268101873664,donation_needs_or_offers_or_volunteering_services,train
593475957102620672,infrastructure_and_utilities_damage,train
592639034821775362,sympathy_and_emotional_support,train
593170395726905344,donation_needs_or_offers_or_volunteering_services,train
592374985689145344,donation_needs_or_offers_or_volunteering_services,test
593076236894613504,displaced_people_and_evacuations,test
592078143948619776,injured_or_dead_people,train
593143822458064896,other_useful_information,train
593169761808293889,donation_needs_or_offers_or_volunteering_services,train
592370335258845185,donation_needs_or_offers_or_volunteering_services,train
592105916893302784,donation_needs_or_offers_or_volunteering_services,train
592763161259986945,donation_needs_or_offers_or_volunteering_services,test
593169981329801216,not_related_or_irrelevant,train
592794354131050496,missing_trapped_or_found_people,train
592085562904813568,not_related_or_irrelevant,test
593095684036775938,donation_needs_or_offers_or_volunteering_services,train
591954283412631553,other_useful_information,test
592650444410724354,donation_needs_or_offers_or_volunteering_services,train
593180666709319680,donation_needs_or_offers_or_volunteering_services,test
592384707205144576,injured_or_dead_people,test
593259764685086721,missing_trapped_or_found_people,train
593033597520617472,other_useful_information,train
592230122293436416,other_useful_information,train
593356081226616832,donation_needs_or_offers_or_volunteering_services,train
592272783587078144,injured_or_dead_people,test
593828081774796800,donation_needs_or_offers_or_volunteering_services,test
592942450454343681,missing_trapped_or_found_people,train
592343876884516864,missing_trapped_or_found_people,train
592404629402562561,donation_needs_or_offers_or_volunteering_services,test
592138161385410561,missing_trapped_or_found_people,train
592866136452128769,other_useful_information,train
592751338699763713,other_useful_information,train
592749829475966977,other_useful_information,train
592754754310246400,injured_or_dead_people,train
592375896679452672,other_useful_information,train
592160349710716930,donation_needs_or_offers_or_volunteering_services,train
592700848226041857,injured_or_dead_people,train
592343292114640897,donation_needs_or_offers_or_volunteering_services,train
592343586336681985,sympathy_and_emotional_support,test
592690234481057792,donation_needs_or_offers_or_volunteering_services,train
593179108479094784,donation_needs_or_offers_or_volunteering_services,train
592198899261046784,other_useful_information,train
593808563035836416,infrastructure_and_utilities_damage,train
593153324888752128,donation_needs_or_offers_or_volunteering_services,train
592271332777271296,other_useful_information,train
593319821455929344,donation_needs_or_offers_or_volunteering_services,train
592710617716400128,other_useful_information,train
592398455861030912,sympathy_and_emotional_support,train
591970400910843904,sympathy_and_emotional_support,train
592337496639287297,not_related_or_irrelevant,test
592332868635987968,sympathy_and_emotional_support,train
592857826894184448,displaced_people_and_evacuations,train
592670814178320384,other_useful_information,train
593178415387246592,other_useful_information,train
591963992651911168,injured_or_dead_people,train
592273906817458176,donation_needs_or_offers_or_volunteering_services,test
592211210008809473,donation_needs_or_offers_or_volunteering_services,train
592357231649161217,not_related_or_irrelevant,test
597772956899508225,sympathy_and_emotional_support,train
593158704607981568,sympathy_and_emotional_support,train
592141088497868802,sympathy_and_emotional_support,train
593016826759524352,sympathy_and_emotional_support,train
592643410655326208,not_related_or_irrelevant,train
593102615010873345,caution_and_advice,train
593459212648218624,not_related_or_irrelevant,train
592134927434420224,other_useful_information,train
592620721047633920,sympathy_and_emotional_support,train
592344855935758338,donation_needs_or_offers_or_volunteering_services,test
592824371703590913,injured_or_dead_people,test
591939674328813568,infrastructure_and_utilities_damage,test
592332868271120384,sympathy_and_emotional_support,train
593586723189231616,infrastructure_and_utilities_damage,train
592329314328289280,sympathy_and_emotional_support,test
592321120277135360,displaced_people_and_evacuations,test
593814851601838080,missing_trapped_or_found_people,train
593351789522583552,donation_needs_or_offers_or_volunteering_services,train
592342308000911360,caution_and_advice,train
593463828576342019,infrastructure_and_utilities_damage,test
592332652964814849,missing_trapped_or_found_people,train
592157924463513600,donation_needs_or_offers_or_volunteering_services,train
592319964322897920,not_related_or_irrelevant,train
593069297225838592,other_useful_information,train
592631373594112002,donation_needs_or_offers_or_volunteering_services,train
592592940729401344,other_useful_information,test
592616079836499968,other_useful_information,train
593617872443703297,injured_or_dead_people,train
597737837874778112,donation_needs_or_offers_or_volunteering_services,train
593099330187296768,donation_needs_or_offers_or_volunteering_services,train
593005013066219520,other_useful_information,test
593009312215146496,infrastructure_and_utilities_damage,train
591939569093713920,donation_needs_or_offers_or_volunteering_services,test
592331479834693632,not_related_or_irrelevant,train
592701140434874369,donation_needs_or_offers_or_volunteering_services,train
593792963060375553,missing_trapped_or_found_people,train
591973121516806144,sympathy_and_emotional_support,train
592175794484486144,other_useful_information,train
592700981273632768,other_useful_information,train
592331118722035712,sympathy_and_emotional_support,train
593044803878670338,donation_needs_or_offers_or_volunteering_services,test
593166631301304320,donation_needs_or_offers_or_volunteering_services,test
592747264302538754,infrastructure_and_utilities_damage,train
592175434688638976,donation_needs_or_offers_or_volunteering_services,train
593097361972457472,sympathy_and_emotional_support,test
592879828547858434,sympathy_and_emotional_support,test
592700574187069441,donation_needs_or_offers_or_volunteering_services,train
592335830414299136,injured_or_dead_people,train
592204506013700096,caution_and_advice,test
592341066696785920,donation_needs_or_offers_or_volunteering_services,test
593097082187227136,injured_or_dead_people,train
593360601553969152,displaced_people_and_evacuations,train
592698307476123649,other_useful_information,train
593042251401461760,sympathy_and_emotional_support,test
592682445000040449,missing_trapped_or_found_people,train
592342623110631427,donation_needs_or_offers_or_volunteering_services,train
592344611437158400,donation_needs_or_offers_or_volunteering_services,train
592898882088148992,donation_needs_or_offers_or_volunteering_services,train
593321685153148928,missing_trapped_or_found_people,train
592910513258045440,donation_needs_or_offers_or_volunteering_services,train
593733554644856832,donation_needs_or_offers_or_volunteering_services,train
593110645597347840,missing_trapped_or_found_people,train
592700313041301504,donation_needs_or_offers_or_volunteering_services,train
592340896445632512,sympathy_and_emotional_support,train
593086990788251650,donation_needs_or_offers_or_volunteering_services,train
592373114668855296,other_useful_information,test
592245236560056320,missing_trapped_or_found_people,train
593231965219737601,other_useful_information,train
592130992518799360,missing_trapped_or_found_people,train
592247078572728320,sympathy_and_emotional_support,train
592250787994021888,donation_needs_or_offers_or_volunteering_services,train
592344563861352449,sympathy_and_emotional_support,train
592626381944553472,other_useful_information,train
593147952274640897,donation_needs_or_offers_or_volunteering_services,train
593454999889281024,missing_trapped_or_found_people,train
592905336870285312,other_useful_information,train
592270178659897344,injured_or_dead_people,train
592744978113236992,missing_trapped_or_found_people,train
592612980128358400,donation_needs_or_offers_or_volunteering_services,train
593767994725179393,donation_needs_or_offers_or_volunteering_services,train
592746115956645889,donation_needs_or_offers_or_volunteering_services,train
592248995856134144,infrastructure_and_utilities_damage,train
593355972107710464,other_useful_information,train
593021891088027649,other_useful_information,train
592684844943077377,donation_needs_or_offers_or_volunteering_services,train
593742141777575937,donation_needs_or_offers_or_volunteering_services,train
592228871337971712,sympathy_and_emotional_support,train
592074169816219648,sympathy_and_emotional_support,train
591991413568602114,other_useful_information,train
593153902041800704,injured_or_dead_people,train
592732198521982979,not_related_or_irrelevant,test
592187888902676480,sympathy_and_emotional_support,train
592667138768379904,infrastructure_and_utilities_damage,test
593126399256432641,donation_needs_or_offers_or_volunteering_services,train
593116599348899840,other_useful_information,train
592816636207472640,donation_needs_or_offers_or_volunteering_services,train
593289984687222786,other_useful_information,train
592344247199662080,other_useful_information,train
592377742475206656,sympathy_and_emotional_support,train
592686799610355712,other_useful_information,train
592700322964996098,sympathy_and_emotional_support,test
593793893956603904,missing_trapped_or_found_people,train
592306157345067010,donation_needs_or_offers_or_volunteering_services,train
592896460120846337,other_useful_information,train
592343450273517570,infrastructure_and_utilities_damage,train
593303528921174016,sympathy_and_emotional_support,train
593359132192702465,donation_needs_or_offers_or_volunteering_services,train
593106079279620097,not_related_or_irrelevant,train
592128500255084545,injured_or_dead_people,train
593412860799225856,donation_needs_or_offers_or_volunteering_services,train
592650264584159232,sympathy_and_emotional_support,train
593828012161835008,donation_needs_or_offers_or_volunteering_services,train
600275483339558912,donation_needs_or_offers_or_volunteering_services,train
592406962643574784,injured_or_dead_people,test
592911405491351552,donation_needs_or_offers_or_volunteering_services,train
597496653831081984,other_useful_information,train
592657508612845568,not_related_or_irrelevant,train
593159571809705985,missing_trapped_or_found_people,test
592886179508387840,other_useful_information,train
592114588423835648,not_related_or_irrelevant,train
593656461944729600,other_useful_information,train
592321828963528704,sympathy_and_emotional_support,train
593179900250628098,other_useful_information,train
592390053155835905,other_useful_information,train
592219905828659201,donation_needs_or_offers_or_volunteering_services,train
592308479135645696,not_related_or_irrelevant,train
593115848136630273,missing_trapped_or_found_people,test
592169117571940352,donation_needs_or_offers_or_volunteering_services,train
592292499265298432,injured_or_dead_people,train
593307376544940032,donation_needs_or_offers_or_volunteering_services,train
593147052793712640,other_useful_information,train
592701169258110976,donation_needs_or_offers_or_volunteering_services,train
591961794891141123,other_useful_information,train
593350027977756672,infrastructure_and_utilities_damage,train
593666000651952128,donation_needs_or_offers_or_volunteering_services,train
593350265258045440,displaced_people_and_evacuations,train
592404803998916608,infrastructure_and_utilities_damage,train
593187660438568963,other_useful_information,train
593287374743801858,donation_needs_or_offers_or_volunteering_services,train
592344944959885312,other_useful_information,train
592842375321485313,donation_needs_or_offers_or_volunteering_services,train
592135004521517056,infrastructure_and_utilities_damage,train
592383138036195328,sympathy_and_emotional_support,train
593459468429492224,donation_needs_or_offers_or_volunteering_services,test
592640033875632128,other_useful_information,test
593371632619692033,sympathy_and_emotional_support,train
592341270850211841,donation_needs_or_offers_or_volunteering_services,test
592689853441167362,donation_needs_or_offers_or_volunteering_services,test
593077405322903552,donation_needs_or_offers_or_volunteering_services,test
592343680683347968,donation_needs_or_offers_or_volunteering_services,train
593106744517099520,sympathy_and_emotional_support,test
592329547405594624,sympathy_and_emotional_support,train
592370485469450240,missing_trapped_or_found_people,train
593301158950805504,donation_needs_or_offers_or_volunteering_services,test
592344695423938560,other_useful_information,train
593460595644469248,missing_trapped_or_found_people,train
591928379693211648,sympathy_and_emotional_support,test
593118783847432193,displaced_people_and_evacuations,train
592293308128301056,other_useful_information,train
592700858573451265,sympathy_and_emotional_support,train
591919324715036672,donation_needs_or_offers_or_volunteering_services,train
592681865594740737,other_useful_information,train
593829704290930688,donation_needs_or_offers_or_volunteering_services,train
592177558956814338,donation_needs_or_offers_or_volunteering_services,train
593170319407521793,missing_trapped_or_found_people,test
593166180635947008,donation_needs_or_offers_or_volunteering_services,train
592334786091307009,other_useful_information,test
592143164183482368,injured_or_dead_people,test
592269103433326592,other_useful_information,train
593019766081597440,donation_needs_or_offers_or_volunteering_services,train
592666339547938818,not_related_or_irrelevant,test
591913016838508545,sympathy_and_emotional_support,test
592333096718094337,injured_or_dead_people,train
592342226614808576,other_useful_information,train
592320265838821376,donation_needs_or_offers_or_volunteering_services,train
593164532740141056,donation_needs_or_offers_or_volunteering_services,test
592836138324402177,other_useful_information,train
592329234640547840,donation_needs_or_offers_or_volunteering_services,train
600122101069131778,other_useful_information,train
593165779161382912,other_useful_information,train
593187176642383874,injured_or_dead_people,train
592344849757507585,donation_needs_or_offers_or_volunteering_services,train
600142409972916224,donation_needs_or_offers_or_volunteering_services,train
592377061936869377,other_useful_information,train
592158092546220034,sympathy_and_emotional_support,train
592330190128218114,sympathy_and_emotional_support,train
592932042247110657,donation_needs_or_offers_or_volunteering_services,test
592700642537447426,injured_or_dead_people,train
592647525615697920,other_useful_information,train
592632615288573953,donation_needs_or_offers_or_volunteering_services,test
592128549752074240,injured_or_dead_people,train
592330427169447936,missing_trapped_or_found_people,train
592270846468562944,donation_needs_or_offers_or_volunteering_services,train
592331603755433984,injured_or_dead_people,train
593179248803893248,other_useful_information,train
592344783688830976,injured_or_dead_people,train
593117555763478530,missing_trapped_or_found_people,train
592933823870009344,sympathy_and_emotional_support,train
591955258101858304,other_useful_information,train
592699057212108800,missing_trapped_or_found_people,train
592250644913901568,donation_needs_or_offers_or_volunteering_services,train
592344918384836608,other_useful_information,train
593156830534078464,donation_needs_or_offers_or_volunteering_services,test
592342644598018048,not_related_or_irrelevant,train
593805268217044992,other_useful_information,test
591939802343284736,injured_or_dead_people,train
592184148975980544,sympathy_and_emotional_support,test
593073561503289344,not_related_or_irrelevant,train
593341747918311424,other_useful_information,train
592343923516780544,other_useful_information,train
592769338979016705,injured_or_dead_people,train
593695530204663808,other_useful_information,train
592788743549034496,not_related_or_irrelevant,train
592332549206212609,donation_needs_or_offers_or_volunteering_services,train
591928150822629376,injured_or_dead_people,train
593076458391666688,donation_needs_or_offers_or_volunteering_services,train
592106820002414592,sympathy_and_emotional_support,train
592270416653127680,other_useful_information,train
592332734023933954,donation_needs_or_offers_or_volunteering_services,train
592343036530679808,missing_trapped_or_found_people,train
593798614020968448,sympathy_and_emotional_support,test
592699201554878466,infrastructure_and_utilities_damage,train
593499524389208068,other_useful_information,train
593079851155857409,donation_needs_or_offers_or_volunteering_services,train
592246698803666944,caution_and_advice,train
593421375198470145,other_useful_information,train
592212921842835456,injured_or_dead_people,train
593403605568348161,other_useful_information,train
592337845525745664,infrastructure_and_utilities_damage,train
593062189281468418,infrastructure_and_utilities_damage,train
592872096914644992,donation_needs_or_offers_or_volunteering_services,test
593116263783641089,donation_needs_or_offers_or_volunteering_services,train
592946533898686464,other_useful_information,train
592284592356208640,donation_needs_or_offers_or_volunteering_services,train
593111911220154368,donation_needs_or_offers_or_volunteering_services,train
593356187640332288,infrastructure_and_utilities_damage,train
592946371155468288,sympathy_and_emotional_support,train
593337554226774016,donation_needs_or_offers_or_volunteering_services,train
593181598087938048,other_useful_information,train
593636330120171520,missing_trapped_or_found_people,train
592341197558915072,injured_or_dead_people,train
593356456432304128,caution_and_advice,train
592283258500452353,missing_trapped_or_found_people,train
592344944024616960,injured_or_dead_people,train
592908506182918146,donation_needs_or_offers_or_volunteering_services,test
592157980218425344,injured_or_dead_people,train
592681922129764353,donation_needs_or_offers_or_volunteering_services,train
592344556370272256,injured_or_dead_people,train
592720220340539394,other_useful_information,train
592912027527569408,donation_needs_or_offers_or_volunteering_services,test
593157706115985408,injured_or_dead_people,train
592153214650359808,sympathy_and_emotional_support,test
592342796939304961,donation_needs_or_offers_or_volunteering_services,test
592344708896169984,donation_needs_or_offers_or_volunteering_services,test
593114980150583296,displaced_people_and_evacuations,train
592134125894508544,sympathy_and_emotional_support,train
593154444348522496,other_useful_information,train
592332971920658432,donation_needs_or_offers_or_volunteering_services,test
593754189597003776,missing_trapped_or_found_people,train
592327306909069312,sympathy_and_emotional_support,test
591940990497198080,other_useful_information,train
592139128302673920,other_useful_information,train
593336635405676545,other_useful_information,train
593045021928067072,donation_needs_or_offers_or_volunteering_services,train
592703776282320896,injured_or_dead_people,train
592688563722018819,donation_needs_or_offers_or_volunteering_services,train
592888545720827905,sympathy_and_emotional_support,train
592311968351944704,other_useful_information,train
593351139644428288,not_related_or_irrelevant,test
592689948316278784,donation_needs_or_offers_or_volunteering_services,test
592134259076378625,infrastructure_and_utilities_damage,train
592344369102913536,donation_needs_or_offers_or_volunteering_services,train
593014290585657344,sympathy_and_emotional_support,test
593814121184788480,donation_needs_or_offers_or_volunteering_services,train
592072218697342976,sympathy_and_emotional_support,train
592335531758891008,other_useful_information,train
593359308944879616,donation_needs_or_offers_or_volunteering_services,test
592259042191515648,donation_needs_or_offers_or_volunteering_services,train
593236891983577089,missing_trapped_or_found_people,train
592909947081531394,donation_needs_or_offers_or_volunteering_services,train
592310370347257856,donation_needs_or_offers_or_volunteering_services,test
592888363847385092,other_useful_information,train
592900412174381056,sympathy_and_emotional_support,train
600471115144630272,sympathy_and_emotional_support,train
592631425242763265,other_useful_information,test
592648328069918720,other_useful_information,train
592343306530525186,sympathy_and_emotional_support,train
592351530956783616,sympathy_and_emotional_support,train
592627739171033088,donation_needs_or_offers_or_volunteering_services,train
592343417742462978,injured_or_dead_people,train
592246810074308608,other_useful_information,train
593824067347550209,sympathy_and_emotional_support,train
592701174538772481,caution_and_advice,train
592344599076720640,sympathy_and_emotional_support,train
592155399832244224,donation_needs_or_offers_or_volunteering_services,train
593050358508756992,other_useful_information,train
592217109310013440,injured_or_dead_people,train
592241806684721152,infrastructure_and_utilities_damage,train
593077445672112128,donation_needs_or_offers_or_volunteering_services,test
592645714049642496,other_useful_information,train
592888698729013248,donation_needs_or_offers_or_volunteering_services,train
592199694991757312,not_related_or_irrelevant,train
593792370908467202,other_useful_information,train
591991179723440128,other_useful_information,train
592321101541150721,donation_needs_or_offers_or_volunteering_services,train
592984712949288960,donation_needs_or_offers_or_volunteering_services,train
592910523353669632,donation_needs_or_offers_or_volunteering_services,test
592293901278572544,donation_needs_or_offers_or_volunteering_services,test
593477418943442945,sympathy_and_emotional_support,train
592694491116625921,injured_or_dead_people,train
593344740071870464,not_related_or_irrelevant,train
592316315366359040,other_useful_information,test
592339073202794496,infrastructure_and_utilities_damage,train
593333859506331648,infrastructure_and_utilities_damage,test
592344826143604736,sympathy_and_emotional_support,test
591930922426994689,injured_or_dead_people,test
593200261666996224,sympathy_and_emotional_support,train
593010626085064704,donation_needs_or_offers_or_volunteering_services,train
592077718813978626,sympathy_and_emotional_support,train
592344684183224320,sympathy_and_emotional_support,train
592958355452272640,other_useful_information,train
593462915694485506,donation_needs_or_offers_or_volunteering_services,train
592325686460862464,injured_or_dead_people,train
593045790311911425,other_useful_information,train
593831637638483968,donation_needs_or_offers_or_volunteering_services,train
592338152448069635,injured_or_dead_people,train
592343776057667584,other_useful_information,train
592341761562955777,missing_trapped_or_found_people,test
593059498744520705,other_useful_information,train
593355314998550528,donation_needs_or_offers_or_volunteering_services,test
592344723748192256,missing_trapped_or_found_people,train
593466664806658048,donation_needs_or_offers_or_volunteering_services,train
593098638122942465,displaced_people_and_evacuations,train
592915056679100416,sympathy_and_emotional_support,train
592344682895671296,infrastructure_and_utilities_damage,train
592700472647090177,donation_needs_or_offers_or_volunteering_services,train
593360613440618496,missing_trapped_or_found_people,train
593178767721299968,donation_needs_or_offers_or_volunteering_services,train
592344738717569025,other_useful_information,test
592089716385689600,sympathy_and_emotional_support,train
593462340978225152,missing_trapped_or_found_people,train
592289399301275648,other_useful_information,train
592679947103293442,other_useful_information,train
592746684083523585,other_useful_information,train
593349572589654016,other_useful_information,train
593831568465989632,missing_trapped_or_found_people,train
593117322514014209,other_useful_information,test
593120279695593474,donation_needs_or_offers_or_volunteering_services,train
592707878919786497,sympathy_and_emotional_support,test
592341078721863680,donation_needs_or_offers_or_volunteering_services,train
591985851376078850,displaced_people_and_evacuations,train
593087768953278465,sympathy_and_emotional_support,train
592948581604065281,other_useful_information,train
592085013069312001,missing_trapped_or_found_people,train
592139108836888576,missing_trapped_or_found_people,train
593201567072911360,missing_trapped_or_found_people,test
593796721089454082,other_useful_information,test
592336509660966912,displaced_people_and_evacuations,train
593143309482131456,donation_needs_or_offers_or_volunteering_services,train
597857684734500864,missing_trapped_or_found_people,train
593056424747499521,donation_needs_or_offers_or_volunteering_services,train
592891741746921472,donation_needs_or_offers_or_volunteering_services,test
592695486882144259,injured_or_dead_people,train
592245257166655488,injured_or_dead_people,train
592133270021611521,injured_or_dead_people,train
593199800687792128,displaced_people_and_evacuations,train
593169804502147072,donation_needs_or_offers_or_volunteering_services,train
593118108124057600,other_useful_information,train
592692955544231936,not_related_or_irrelevant,train
592121096326881280,sympathy_and_emotional_support,test
593791884201308160,donation_needs_or_offers_or_volunteering_services,train
592332997925343232,infrastructure_and_utilities_damage,train
593258471111274496,not_related_or_irrelevant,test
600447008835543040,sympathy_and_emotional_support,test
593828944115146752,donation_needs_or_offers_or_volunteering_services,train
592871429638590466,donation_needs_or_offers_or_volunteering_services,train
592242015892570112,other_useful_information,train
593656131223846914,donation_needs_or_offers_or_volunteering_services,test
593058084370718720,donation_needs_or_offers_or_volunteering_services,train
592905738802049024,donation_needs_or_offers_or_volunteering_services,train
592701147556802560,other_useful_information,train
593831610396585984,donation_needs_or_offers_or_volunteering_services,train
593403524756692992,donation_needs_or_offers_or_volunteering_services,train
592340548482048000,donation_needs_or_offers_or_volunteering_services,test
593060164753870848,injured_or_dead_people,train
593808762051395584,donation_needs_or_offers_or_volunteering_services,train
593691981345202176,not_related_or_irrelevant,test
592234699302404096,not_related_or_irrelevant,train
593830956856905730,missing_trapped_or_found_people,test
591955532971290624,other_useful_information,train
592306483993251841,sympathy_and_emotional_support,train
592247094397640704,sympathy_and_emotional_support,test
593110310808133632,infrastructure_and_utilities_damage,test
592208483929296896,donation_needs_or_offers_or_volunteering_services,test
593580231501352960,donation_needs_or_offers_or_volunteering_services,train
592695426047995904,donation_needs_or_offers_or_volunteering_services,train
592194508181245952,injured_or_dead_people,test
592697338793205761,sympathy_and_emotional_support,train
593438398896943104,injured_or_dead_people,train
592270399192190976,sympathy_and_emotional_support,train
592915438574641152,donation_needs_or_offers_or_volunteering_services,train
592916287598272512,donation_needs_or_offers_or_volunteering_services,train
592176604324888576,other_useful_information,test
592112666581209088,other_useful_information,train
593184163903066114,donation_needs_or_offers_or_volunteering_services,train
592320944292700160,sympathy_and_emotional_support,test
591924546023739392,injured_or_dead_people,train
592904788947378176,sympathy_and_emotional_support,train
593637530852962306,donation_needs_or_offers_or_volunteering_services,train
593501343035207682,not_related_or_irrelevant,test
592344928111329280,donation_needs_or_offers_or_volunteering_services,test
592778333542289408,donation_needs_or_offers_or_volunteering_services,test
592344949435277312,donation_needs_or_offers_or_volunteering_services,train
593188404340379648,infrastructure_and_utilities_damage,test
592079810408525825,injured_or_dead_people,train
592130734199934976,sympathy_and_emotional_support,train
592269139407867905,donation_needs_or_offers_or_volunteering_services,train
600378082537508864,donation_needs_or_offers_or_volunteering_services,train
592245382848978945,injured_or_dead_people,train
591941193337933824,injured_or_dead_people,train
593832938799673344,sympathy_and_emotional_support,test
592694922144260096,other_useful_information,test
593030724678193152,injured_or_dead_people,test
593330732388331520,not_related_or_irrelevant,train
593428165982179328,donation_needs_or_offers_or_volunteering_services,train
593325003082432512,sympathy_and_emotional_support,test
600495915313590272,donation_needs_or_offers_or_volunteering_services,train
592344968611688449,sympathy_and_emotional_support,train
593331118021029889,donation_needs_or_offers_or_volunteering_services,train
600328433055334400,sympathy_and_emotional_support,train
593005207371390976,donation_needs_or_offers_or_volunteering_services,test
593827267685429249,other_useful_information,train
592131096113975296,sympathy_and_emotional_support,train
592344255101702147,sympathy_and_emotional_support,train
592341983332470784,injured_or_dead_people,train
592331937483624448,donation_needs_or_offers_or_volunteering_services,train
592258898142298112,infrastructure_and_utilities_damage,train
592288275286478849,donation_needs_or_offers_or_volunteering_services,train
592250013285224448,sympathy_and_emotional_support,test
592750262235828224,donation_needs_or_offers_or_volunteering_services,train
592809582122168323,other_useful_information,train
593166327164104705,infrastructure_and_utilities_damage,train
592219903249162240,injured_or_dead_people,train
592694294156292096,injured_or_dead_people,train
593096874682355712,other_useful_information,train
592339601622106112,sympathy_and_emotional_support,train
592959860750159872,sympathy_and_emotional_support,train
592332044274917377,other_useful_information,train
592948122533363712,not_related_or_irrelevant,train
592746341706702848,other_useful_information,train
592314778514804736,donation_needs_or_offers_or_volunteering_services,train
592302789579145216,sympathy_and_emotional_support,train
592700746975543299,sympathy_and_emotional_support,train
592173645998333953,injured_or_dead_people,train
593094538849222658,other_useful_information,train
592130506126405632,not_related_or_irrelevant,train
593183846180458496,sympathy_and_emotional_support,train
593042590028693504,donation_needs_or_offers_or_volunteering_services,train
592137102000791553,sympathy_and_emotional_support,train
592344949275774976,infrastructure_and_utilities_damage,train
592821756462821378,missing_trapped_or_found_people,test
593114289994539008,donation_needs_or_offers_or_volunteering_services,train
592850617657331713,injured_or_dead_people,train
592340522280312832,sympathy_and_emotional_support,train
597732093787967489,donation_needs_or_offers_or_volunteering_services,train
592269963685048322,not_related_or_irrelevant,test
592342064488128512,other_useful_information,test
593312478639083520,injured_or_dead_people,train
592089514471923713,injured_or_dead_people,train
592343104021262336,sympathy_and_emotional_support,test
592245975969701888,missing_trapped_or_found_people,train
593360158190804993,donation_needs_or_offers_or_volunteering_services,train
592691422144417792,displaced_people_and_evacuations,test
593182440065208320,sympathy_and_emotional_support,train
592340605130289152,other_useful_information,test
592343766029185024,other_useful_information,test
592373909548244992,not_related_or_irrelevant,train
600481398944768000,sympathy_and_emotional_support,test
593288807077773312,donation_needs_or_offers_or_volunteering_services,train
592627930825510913,missing_trapped_or_found_people,train
597737050373115904,other_useful_information,train
593354112604835840,other_useful_information,test
592902025991561216,other_useful_information,test
593330094556381185,other_useful_information,train
592809920069804035,injured_or_dead_people,train
591939878293807105,donation_needs_or_offers_or_volunteering_services,train
592700343819116544,other_useful_information,train
592342680144719873,donation_needs_or_offers_or_volunteering_services,test
593057730371440640,missing_trapped_or_found_people,test
593188602860941312,donation_needs_or_offers_or_volunteering_services,test
593786220263571457,not_related_or_irrelevant,train
592918865677418496,sympathy_and_emotional_support,train
592343504245891072,missing_trapped_or_found_people,train
592326613578067969,infrastructure_and_utilities_damage,test
592699625410273281,donation_needs_or_offers_or_volunteering_services,train
592403571884171264,other_useful_information,train
593347032858898433,sympathy_and_emotional_support,train
592343121620402179,sympathy_and_emotional_support,train
592909332750143493,missing_trapped_or_found_people,test
592913911604649984,injured_or_dead_people,train
593649509164457985,infrastructure_and_utilities_damage,train
592829080191508480,sympathy_and_emotional_support,train
592225769130053632,sympathy_and_emotional_support,train
593326732373032960,donation_needs_or_offers_or_volunteering_services,train
591975205108604928,not_related_or_irrelevant,train
593360369982119936,donation_needs_or_offers_or_volunteering_services,train
592101119662235648,sympathy_and_emotional_support,train
600126117115240448,donation_needs_or_offers_or_volunteering_services,train
592364022470696961,injured_or_dead_people,train
592643473532063744,donation_needs_or_offers_or_volunteering_services,train
593632145400168448,donation_needs_or_offers_or_volunteering_services,train
593273575198494722,other_useful_information,test
593793527567360000,donation_needs_or_offers_or_volunteering_services,train
592186949571452929,other_useful_information,train
592696571713687553,donation_needs_or_offers_or_volunteering_services,train
591910453141344256,other_useful_information,train
592344958566207488,donation_needs_or_offers_or_volunteering_services,train
592964439541972993,sympathy_and_emotional_support,train
592911731053207552,sympathy_and_emotional_support,train
600362759084081152,sympathy_and_emotional_support,train
593760605669961728,other_useful_information,train
592344404246953985,donation_needs_or_offers_or_volunteering_services,train
592910802069245952,donation_needs_or_offers_or_volunteering_services,train
592699807615086592,other_useful_information,test
593083438737006592,donation_needs_or_offers_or_volunteering_services,train
592370762121609216,sympathy_and_emotional_support,test
592344180359241728,sympathy_and_emotional_support,test
592887347924094977,other_useful_information,train
592645460952682496,sympathy_and_emotional_support,test
593017270978408448,other_useful_information,test
593287684832890881,sympathy_and_emotional_support,train
593826161383211008,injured_or_dead_people,train
592770269212729346,missing_trapped_or_found_people,train
593825499186483200,missing_trapped_or_found_people,train
592257600663605248,injured_or_dead_people,train
592875898598256640,injured_or_dead_people,train
592314684612550656,donation_needs_or_offers_or_volunteering_services,train
592328488104828930,injured_or_dead_people,train
592243173969104896,infrastructure_and_utilities_damage,train
592331288478130179,caution_and_advice,train
593336318291152896,displaced_people_and_evacuations,train
593149401608167427,donation_needs_or_offers_or_volunteering_services,train
592169519004528640,sympathy_and_emotional_support,train
593373942154272768,other_useful_information,train
592741758238330880,other_useful_information,train
592912454734217216,donation_needs_or_offers_or_volunteering_services,test
592281694876471296,infrastructure_and_utilities_damage,train
592272575457177600,injured_or_dead_people,train
593106924867977216,not_related_or_irrelevant,train
592373665334894592,donation_needs_or_offers_or_volunteering_services,train
592315279243284481,injured_or_dead_people,train
592188336950804480,donation_needs_or_offers_or_volunteering_services,test
592763915353858048,not_related_or_irrelevant,test
593004153942646785,other_useful_information,train
592895183928303616,injured_or_dead_people,train
593158520326885376,injured_or_dead_people,train
599877883545300993,donation_needs_or_offers_or_volunteering_services,train
592344953965121537,other_useful_information,test
592618401849167872,injured_or_dead_people,train
592294910859948033,missing_trapped_or_found_people,train
592335762827321346,injured_or_dead_people,train
593332225610907648,displaced_people_and_evacuations,train
592341263266906113,not_related_or_irrelevant,train
592191425808175104,sympathy_and_emotional_support,train
592258346163441665,donation_needs_or_offers_or_volunteering_services,test
593117383453069313,injured_or_dead_people,train
593663478428258304,missing_trapped_or_found_people,train
600224957327507456,other_useful_information,train
592344771806367744,sympathy_and_emotional_support,train
592330486069891073,other_useful_information,test
592979579909709824,other_useful_information,train
592327121328025600,sympathy_and_emotional_support,train
593382739665133568,injured_or_dead_people,train
592337287624654848,donation_needs_or_offers_or_volunteering_services,train
592311777259491329,donation_needs_or_offers_or_volunteering_services,train
592140872084377601,donation_needs_or_offers_or_volunteering_services,train
592335470316617728,other_useful_information,train
591988823069888512,donation_needs_or_offers_or_volunteering_services,test
593797425074016256,other_useful_information,train
591914947585699842,injured_or_dead_people,train
593032862607253504,other_useful_information,train
593463999229988866,other_useful_information,test
592100552974163969,injured_or_dead_people,train
593106101991792640,donation_needs_or_offers_or_volunteering_services,train
592600384452997120,missing_trapped_or_found_people,test
592269113742925824,donation_needs_or_offers_or_volunteering_services,test
592172928931930113,injured_or_dead_people,train
592665039955460096,other_useful_information,test
592740825391575041,sympathy_and_emotional_support,test
592956616640630784,other_useful_information,train
592340465241853952,sympathy_and_emotional_support,train
592322039035273216,sympathy_and_emotional_support,train
593771314093137921,sympathy_and_emotional_support,train
593104417093627904,injured_or_dead_people,train
593831261103329280,donation_needs_or_offers_or_volunteering_services,train
591990138109964289,sympathy_and_emotional_support,train
592138433943961600,sympathy_and_emotional_support,train
592344540603936768,donation_needs_or_offers_or_volunteering_services,train
593317620113276929,donation_needs_or_offers_or_volunteering_services,test
593588650744553472,donation_needs_or_offers_or_volunteering_services,train
593049934737309696,not_related_or_irrelevant,train
592914016273465344,other_useful_information,train
592989960606720001,other_useful_information,train
592332244020236289,sympathy_and_emotional_support,train
591904330497675265,other_useful_information,train
592700987586011137,donation_needs_or_offers_or_volunteering_services,train
592339818530476032,sympathy_and_emotional_support,train
592312284975792130,sympathy_and_emotional_support,test
593575561571803136,other_useful_information,train
592670203911217153,sympathy_and_emotional_support,test
592339730974408705,not_related_or_irrelevant,train
592697717467586561,donation_needs_or_offers_or_volunteering_services,test
600034425129271297,donation_needs_or_offers_or_volunteering_services,test
592137204433956864,other_useful_information,train
593806889139490816,donation_needs_or_offers_or_volunteering_services,train
592778473883697153,not_related_or_irrelevant,train
592378765180821506,injured_or_dead_people,train
600287354205569024,other_useful_information,train
593817149799436289,other_useful_information,train
592689334593167361,other_useful_information,train
592294776549998592,other_useful_information,train
593829724801073152,missing_trapped_or_found_people,train
592690229166866432,donation_needs_or_offers_or_volunteering_services,test
592312120894627840,other_useful_information,test
592089569396281344,other_useful_information,test
592897938776547328,other_useful_information,train
593302157639585792,other_useful_information,test
592746963839406081,other_useful_information,test
592112744221921280,donation_needs_or_offers_or_volunteering_services,train
592638321316102144,donation_needs_or_offers_or_volunteering_services,train
592335158000353280,infrastructure_and_utilities_damage,train
593262705588498432,donation_needs_or_offers_or_volunteering_services,train
592312130222841856,donation_needs_or_offers_or_volunteering_services,test
592228011581116416,other_useful_information,train
591905144389947392,sympathy_and_emotional_support,train
593298299446243329,donation_needs_or_offers_or_volunteering_services,train
592902241130041344,donation_needs_or_offers_or_volunteering_services,train
593184365477265408,donation_needs_or_offers_or_volunteering_services,test
592344726533218304,sympathy_and_emotional_support,train
592376579495440386,sympathy_and_emotional_support,train
592701088677134338,donation_needs_or_offers_or_volunteering_services,test
592270343391162368,sympathy_and_emotional_support,test
593138710750883840,donation_needs_or_offers_or_volunteering_services,test
593795218937249792,missing_trapped_or_found_people,train
592895119487033347,missing_trapped_or_found_people,train
593333581935554560,donation_needs_or_offers_or_volunteering_services,train
592843696565002240,sympathy_and_emotional_support,test
592322469874237440,infrastructure_and_utilities_damage,test
592067906084700160,sympathy_and_emotional_support,train
593583781652508672,other_useful_information,train
593184335391371264,other_useful_information,train
592740456431284224,other_useful_information,train
593188207379877888,not_related_or_irrelevant,train
593395116066242560,injured_or_dead_people,test
593022043282628608,donation_needs_or_offers_or_volunteering_services,train
592697294413307904,donation_needs_or_offers_or_volunteering_services,train
600166988019699713,other_useful_information,train
600107702908510208,donation_needs_or_offers_or_volunteering_services,train
593467139815772161,displaced_people_and_evacuations,train
592196498466672640,missing_trapped_or_found_people,train
593187654511960065,missing_trapped_or_found_people,test
592343801554804736,sympathy_and_emotional_support,train
591992433736601600,not_related_or_irrelevant,test
592344069789061120,injured_or_dead_people,test
598066320442302465,donation_needs_or_offers_or_volunteering_services,train
593416827620851712,other_useful_information,train
592155381708656640,sympathy_and_emotional_support,train
593094869997891584,sympathy_and_emotional_support,train
593046401279365120,donation_needs_or_offers_or_volunteering_services,train
593319359583559680,not_related_or_irrelevant,train
592130675517444097,donation_needs_or_offers_or_volunteering_services,train
592175255776440320,sympathy_and_emotional_support,train
592680844331974658,other_useful_information,train
592344172981460992,donation_needs_or_offers_or_volunteering_services,train
593832463044083713,missing_trapped_or_found_people,train
593157981627265024,donation_needs_or_offers_or_volunteering_services,train
592255413195706368,displaced_people_and_evacuations,train
593399155936100354,donation_needs_or_offers_or_volunteering_services,train
592659082747719680,injured_or_dead_people,train
593166458424688640,other_useful_information,train
593355567978020864,other_useful_information,test
592207021895647232,injured_or_dead_people,train
592281837323554817,injured_or_dead_people,train
592736822226194432,sympathy_and_emotional_support,train
600297350288969730,not_related_or_irrelevant,train
592337085543092226,injured_or_dead_people,train
591911225245569024,infrastructure_and_utilities_damage,train
592349417115553792,sympathy_and_emotional_support,test
591933335158403072,injured_or_dead_people,test
592304481976643584,sympathy_and_emotional_support,train
593187902152019968,donation_needs_or_offers_or_volunteering_services,train
592339525931773952,injured_or_dead_people,train
592906519492059137,donation_needs_or_offers_or_volunteering_services,train
592195052811653120,injured_or_dead_people,train
592149334994518016,injured_or_dead_people,test
592123119508135936,injured_or_dead_people,train
593065466148560896,missing_trapped_or_found_people,train
593798264304041984,donation_needs_or_offers_or_volunteering_services,test
592324030822252544,other_useful_information,train
592822243455021056,other_useful_information,train
592965990821924865,missing_trapped_or_found_people,train
592893734011961344,donation_needs_or_offers_or_volunteering_services,train
593107718619140096,donation_needs_or_offers_or_volunteering_services,test
592667971442647040,other_useful_information,train
592329142344880128,infrastructure_and_utilities_damage,train
592173693167480832,injured_or_dead_people,test
592344090194407424,other_useful_information,train
593792737113026560,sympathy_and_emotional_support,train
593814411397169153,missing_trapped_or_found_people,train
593328598263672832,donation_needs_or_offers_or_volunteering_services,train
592353565483597824,other_useful_information,test
592090050805960704,injured_or_dead_people,train
593807391763738625,other_useful_information,train
592344767574319104,other_useful_information,train
592595609388986368,sympathy_and_emotional_support,train
598077311934734336,other_useful_information,train
593071249439457281,donation_needs_or_offers_or_volunteering_services,train
592377513512316928,sympathy_and_emotional_support,test
600412739287126016,sympathy_and_emotional_support,train
592373027830009856,donation_needs_or_offers_or_volunteering_services,train
593305362746322944,donation_needs_or_offers_or_volunteering_services,test
592705870154342400,caution_and_advice,train
592700999019732993,other_useful_information,train
592614529546244096,donation_needs_or_offers_or_volunteering_services,train
592343856466759681,injured_or_dead_people,train
592284932761718784,other_useful_information,train
592646110029549568,missing_trapped_or_found_people,train
592344769675669504,not_related_or_irrelevant,train
592344823430012928,sympathy_and_emotional_support,train
591938481447829504,other_useful_information,train
593828792856096769,missing_trapped_or_found_people,train
593646175812767744,sympathy_and_emotional_support,train
593029513052827648,donation_needs_or_offers_or_volunteering_services,train
592343426521178112,sympathy_and_emotional_support,train
593595554656980992,other_useful_information,train
591939334833451008,donation_needs_or_offers_or_volunteering_services,train
592296233202556929,injured_or_dead_people,train
593406163363868672,donation_needs_or_offers_or_volunteering_services,train
592342929118625793,other_useful_information,train
593727964786905088,sympathy_and_emotional_support,test
592295747581796352,donation_needs_or_offers_or_volunteering_services,train
592245183770570752,donation_needs_or_offers_or_volunteering_services,train
592315646634950656,infrastructure_and_utilities_damage,train
591923877980180480,sympathy_and_emotional_support,train
592288433235763200,sympathy_and_emotional_support,train
592343331067138049,injured_or_dead_people,train
592244726377549824,other_useful_information,train
592359685774188544,donation_needs_or_offers_or_volunteering_services,test
593352232440999937,donation_needs_or_offers_or_volunteering_services,train
593164622225539072,injured_or_dead_people,train
592936102933168128,missing_trapped_or_found_people,train
592344422680961025,sympathy_and_emotional_support,train
592669395366842368,sympathy_and_emotional_support,train
592787560549736449,sympathy_and_emotional_support,train
593145588365062144,donation_needs_or_offers_or_volunteering_services,train
593305199890079744,injured_or_dead_people,test
593138391228686336,missing_trapped_or_found_people,train
592337178333736961,sympathy_and_emotional_support,train
592344707755278336,donation_needs_or_offers_or_volunteering_services,train
592963570448474112,donation_needs_or_offers_or_volunteering_services,train
592338679617617920,other_useful_information,train
592271468093841409,donation_needs_or_offers_or_volunteering_services,train
592141073071349760,donation_needs_or_offers_or_volunteering_services,test
593285977327599616,sympathy_and_emotional_support,train
593115206252949504,other_useful_information,test
593614162867003392,other_useful_information,train
593256947639398402,sympathy_and_emotional_support,test
593076867000700928,other_useful_information,train
593741397049544704,donation_needs_or_offers_or_volunteering_services,train
593351871747723264,infrastructure_and_utilities_damage,train
593816525884133377,donation_needs_or_offers_or_volunteering_services,train
591972670918496256,other_useful_information,test
592344790005485572,other_useful_information,train
593474521950203906,not_related_or_irrelevant,train
592906864595185667,other_useful_information,train
592700432167895040,other_useful_information,train
593400668502777856,injured_or_dead_people,train
593038720909058049,donation_needs_or_offers_or_volunteering_services,train
592287855327612928,injured_or_dead_people,test
593297981849219074,donation_needs_or_offers_or_volunteering_services,train
593256300538044416,donation_needs_or_offers_or_volunteering_services,train
592344006735974401,infrastructure_and_utilities_damage,train
597632258166509568,donation_needs_or_offers_or_volunteering_services,train
592212792599384064,injured_or_dead_people,train
592337689363386368,sympathy_and_emotional_support,train
593182617178017792,donation_needs_or_offers_or_volunteering_services,train
592606987277475840,donation_needs_or_offers_or_volunteering_services,test
592669920145596416,sympathy_and_emotional_support,train
592342104946257922,sympathy_and_emotional_support,test
592141218647269376,injured_or_dead_people,train
592306174130659328,injured_or_dead_people,train
593115676107149312,donation_needs_or_offers_or_volunteering_services,test
593185480088428545,donation_needs_or_offers_or_volunteering_services,test
592340951357468672,injured_or_dead_people,test
592327013068775424,donation_needs_or_offers_or_volunteering_services,train
593358970552594432,donation_needs_or_offers_or_volunteering_services,test
592673634751279105,not_related_or_irrelevant,train
597789920820908032,missing_trapped_or_found_people,train
593283759685832704,injured_or_dead_people,test
600315569498259456,donation_needs_or_offers_or_volunteering_services,test
592342046968389632,sympathy_and_emotional_support,train
593833032697524224,donation_needs_or_offers_or_volunteering_services,train
592344841859674115,injured_or_dead_people,test
592857234931068928,donation_needs_or_offers_or_volunteering_services,train
592377791410089984,donation_needs_or_offers_or_volunteering_services,test
593821441369473025,donation_needs_or_offers_or_volunteering_services,train
593188573202948097,other_useful_information,train
592696255719022593,donation_needs_or_offers_or_volunteering_services,test
593802259668017152,other_useful_information,train
592344140026814465,injured_or_dead_people,train
593159002634194946,other_useful_information,train
592700619103850496,displaced_people_and_evacuations,train
592344640172462080,injured_or_dead_people,train
592344665321443329,missing_trapped_or_found_people,train
592181545944809473,sympathy_and_emotional_support,train
599983373046706178,other_useful_information,train
593164168817201153,donation_needs_or_offers_or_volunteering_services,test
593353405600436224,not_related_or_irrelevant,train
592666580980469760,donation_needs_or_offers_or_volunteering_services,train
593469555424493568,donation_needs_or_offers_or_volunteering_services,train
592089592502718465,donation_needs_or_offers_or_volunteering_services,train
592742935910850562,injured_or_dead_people,test
592883593027944450,donation_needs_or_offers_or_volunteering_services,train
591909147265798145,injured_or_dead_people,train
592293950028845059,other_useful_information,train
592344892044681217,other_useful_information,train
592328577376456704,donation_needs_or_offers_or_volunteering_services,test
592139526472011776,donation_needs_or_offers_or_volunteering_services,train
592593631191511041,donation_needs_or_offers_or_volunteering_services,train
593772803414892544,donation_needs_or_offers_or_volunteering_services,train
592910138488520705,donation_needs_or_offers_or_volunteering_services,train
592367690632667136,missing_trapped_or_found_people,test
592344637496496129,injured_or_dead_people,train
592679665757777920,other_useful_information,train
592344439474884608,donation_needs_or_offers_or_volunteering_services,train
592342818372329472,infrastructure_and_utilities_damage,train
592962961980956672,donation_needs_or_offers_or_volunteering_services,train
592674215087763458,other_useful_information,train
592689702056153091,sympathy_and_emotional_support,train
593503025907372032,missing_trapped_or_found_people,train
591962243752861697,sympathy_and_emotional_support,train
592859261308395520,other_useful_information,train
593501883068616704,donation_needs_or_offers_or_volunteering_services,train
591955159619661824,sympathy_and_emotional_support,train
593110945095929856,donation_needs_or_offers_or_volunteering_services,test
592691377701560324,injured_or_dead_people,train
592994736631218176,infrastructure_and_utilities_damage,train
592344756207910912,injured_or_dead_people,train
592399538620502016,not_related_or_irrelevant,train
591981019386904576,sympathy_and_emotional_support,train
591921148994007040,donation_needs_or_offers_or_volunteering_services,test
593091398523584512,infrastructure_and_utilities_damage,train
599971752383541249,donation_needs_or_offers_or_volunteering_services,train
592652806919716865,injured_or_dead_people,train
592339652960329729,sympathy_and_emotional_support,train
592140023211819008,injured_or_dead_people,test
592367611427586048,sympathy_and_emotional_support,test
593694273242931200,not_related_or_irrelevant,test
592137781817643008,sympathy_and_emotional_support,train
592250192814047232,infrastructure_and_utilities_damage,train
592692001361002499,other_useful_information,test
593438315505942530,donation_needs_or_offers_or_volunteering_services,train
591987273048010752,injured_or_dead_people,train
593143446413574145,sympathy_and_emotional_support,train
593220531245088768,sympathy_and_emotional_support,train
593750649122217984,other_useful_information,train
593305609891512322,other_useful_information,train
592243010278072320,other_useful_information,train
592262814682591232,other_useful_information,test
592692601104572416,donation_needs_or_offers_or_volunteering_services,test
593020429197058048,donation_needs_or_offers_or_volunteering_services,train
592117491394060288,donation_needs_or_offers_or_volunteering_services,train
593111173890990082,other_useful_information,train
592343937479643136,donation_needs_or_offers_or_volunteering_services,test
593832096285626370,donation_needs_or_offers_or_volunteering_services,train
592334482495172608,sympathy_and_emotional_support,train
592695401565822978,donation_needs_or_offers_or_volunteering_services,train
593154527915835392,other_useful_information,train
592691821454696448,other_useful_information,train
592254271233495042,other_useful_information,train
592697872623218689,other_useful_information,train
592117240046182400,sympathy_and_emotional_support,train
592703377097760768,not_related_or_irrelevant,train
592699630602866690,donation_needs_or_offers_or_volunteering_services,train
593795351192166400,donation_needs_or_offers_or_volunteering_services,train
592700117565702146,not_related_or_irrelevant,train
592261443476541440,sympathy_and_emotional_support,train
592333170449592320,missing_trapped_or_found_people,train
593021947253895169,donation_needs_or_offers_or_volunteering_services,train
592332216316735488,missing_trapped_or_found_people,train
593178848029605888,sympathy_and_emotional_support,train
591980969260814337,other_useful_information,train
592344716332572673,injured_or_dead_people,train
592756339530702849,missing_trapped_or_found_people,test
593822006711201792,donation_needs_or_offers_or_volunteering_services,train
592698937804509184,missing_trapped_or_found_people,test
598052472335269888,other_useful_information,train
593248695489044481,not_related_or_irrelevant,test
592272191745490944,missing_trapped_or_found_people,test
592619305235124224,injured_or_dead_people,train
592108836657311744,donation_needs_or_offers_or_volunteering_services,test
592672862101741568,sympathy_and_emotional_support,test
592343373316550656,missing_trapped_or_found_people,train
592893536707706884,other_useful_information,train
592237291332104192,injured_or_dead_people,train
592868457118588928,injured_or_dead_people,train
593186026408906755,donation_needs_or_offers_or_volunteering_services,train
592104368171683840,donation_needs_or_offers_or_volunteering_services,train
592663891911516160,injured_or_dead_people,test
600479269278461954,donation_needs_or_offers_or_volunteering_services,train
592248827110772736,donation_needs_or_offers_or_volunteering_services,train
592343577750941696,donation_needs_or_offers_or_volunteering_services,train
592376537304801280,sympathy_and_emotional_support,train
591990346705338368,injured_or_dead_people,train
592690407600971776,donation_needs_or_offers_or_volunteering_services,test
593616855358644224,displaced_people_and_evacuations,train
591940312857071616,other_useful_information,train
592171131743776768,injured_or_dead_people,test
593805450937696256,donation_needs_or_offers_or_volunteering_services,test
593555102574620672,other_useful_information,train
592133224505053184,other_useful_information,train
592919469380358145,displaced_people_and_evacuations,train
593086956227166209,other_useful_information,train
593701932021194752,missing_trapped_or_found_people,test
592329414102228993,other_useful_information,train
592628444405444608,other_useful_information,train
593803876374970368,missing_trapped_or_found_people,train
592255996128403456,other_useful_information,train
592692865060450309,other_useful_information,train
592701121073917952,donation_needs_or_offers_or_volunteering_services,train
592701098055598082,donation_needs_or_offers_or_volunteering_services,test
591977144726716416,injured_or_dead_people,train
592118355219378176,donation_needs_or_offers_or_volunteering_services,train
592673035221671936,donation_needs_or_offers_or_volunteering_services,test
592806853987463170,injured_or_dead_people,test
592272779921072128,donation_needs_or_offers_or_volunteering_services,train
592377600246448128,donation_needs_or_offers_or_volunteering_services,train
592134054620725249,injured_or_dead_people,train
592343712002224130,sympathy_and_emotional_support,train
592337042048094209,donation_needs_or_offers_or_volunteering_services,train
600064887373570048,donation_needs_or_offers_or_volunteering_services,train
592904833096654848,other_useful_information,train
593818043060326400,missing_trapped_or_found_people,train
592116214740099073,not_related_or_irrelevant,test
593188953563496448,donation_needs_or_offers_or_volunteering_services,train
592909007372820481,not_related_or_irrelevant,train
593831230229106688,missing_trapped_or_found_people,train
592687894013321216,sympathy_and_emotional_support,train
592253535992946689,donation_needs_or_offers_or_volunteering_services,train
592338237429014528,sympathy_and_emotional_support,train
592342125720666112,sympathy_and_emotional_support,test
592701098403696641,injured_or_dead_people,train
592160982165626880,missing_trapped_or_found_people,train
592270168220250112,missing_trapped_or_found_people,train
592328052685832192,infrastructure_and_utilities_damage,train
592796684826083328,sympathy_and_emotional_support,train
592339798070702080,sympathy_and_emotional_support,train
592949352596897792,injured_or_dead_people,train
592735113785581568,donation_needs_or_offers_or_volunteering_services,test
592700172846669825,other_useful_information,train
592868263295586307,donation_needs_or_offers_or_volunteering_services,train
591963861143703552,not_related_or_irrelevant,train
600500927334776832,donation_needs_or_offers_or_volunteering_services,train
592913783988695040,infrastructure_and_utilities_damage,train
593160485689778177,other_useful_information,test
592344746628096002,donation_needs_or_offers_or_volunteering_services,train
593187632881872896,donation_needs_or_offers_or_volunteering_services,train
593795705795313664,injured_or_dead_people,train
592343900179730432,other_useful_information,test
593817252006338560,donation_needs_or_offers_or_volunteering_services,test
591991109011701760,other_useful_information,train
591989267968167936,injured_or_dead_people,test
593165449304543233,donation_needs_or_offers_or_volunteering_services,train
592911633141395456,donation_needs_or_offers_or_volunteering_services,train
592826865062129664,sympathy_and_emotional_support,train
592267197944205312,donation_needs_or_offers_or_volunteering_services,test
592341349824888833,missing_trapped_or_found_people,train
592654938196594688,other_useful_information,train
592694956667600896,donation_needs_or_offers_or_volunteering_services,train
593760341009571840,not_related_or_irrelevant,train
593185724838457344,donation_needs_or_offers_or_volunteering_services,train
591937618310402048,sympathy_and_emotional_support,train
592343636450246657,missing_trapped_or_found_people,train
592341378601848832,donation_needs_or_offers_or_volunteering_services,train
592993359993708544,donation_needs_or_offers_or_volunteering_services,train
592343658076209155,donation_needs_or_offers_or_volunteering_services,train
592130369094164481,injured_or_dead_people,train
592698781419835392,donation_needs_or_offers_or_volunteering_services,train
591917465199714304,donation_needs_or_offers_or_volunteering_services,train
592209209535500289,other_useful_information,train
593191473694306304,sympathy_and_emotional_support,train
593534672275025922,donation_needs_or_offers_or_volunteering_services,train
592199208217763840,displaced_people_and_evacuations,train
591933812231143424,donation_needs_or_offers_or_volunteering_services,train
592344666214932480,donation_needs_or_offers_or_volunteering_services,train
593630828644663296,other_useful_information,train
592980037332152321,other_useful_information,train
592701122197987328,not_related_or_irrelevant,test
600383343482535936,donation_needs_or_offers_or_volunteering_services,train
592139721721057280,missing_trapped_or_found_people,train
592679673756262400,donation_needs_or_offers_or_volunteering_services,train
593359101314359297,not_related_or_irrelevant,train
592315864386555904,injured_or_dead_people,train
600503285200609280,donation_needs_or_offers_or_volunteering_services,train
592700205948100608,donation_needs_or_offers_or_volunteering_services,test
592344802957651968,caution_and_advice,test
592343506150010880,sympathy_and_emotional_support,train
593022495416004608,other_useful_information,train
592670717432492033,other_useful_information,train
592123955680571392,other_useful_information,train
592111076499566593,sympathy_and_emotional_support,train
592592007492554752,displaced_people_and_evacuations,test
592655298147569665,donation_needs_or_offers_or_volunteering_services,train
592683668440817664,displaced_people_and_evacuations,train
591988236249104384,sympathy_and_emotional_support,train
598082224823504896,donation_needs_or_offers_or_volunteering_services,train
592701162861797376,injured_or_dead_people,train
593711225814396928,not_related_or_irrelevant,train
592344021902729217,other_useful_information,train
593832744938967040,other_useful_information,train
592341469467439107,donation_needs_or_offers_or_volunteering_services,test
593762381697851394,other_useful_information,train
593581818466566144,donation_needs_or_offers_or_volunteering_services,train
593346163585060864,sympathy_and_emotional_support,train
592274021657358337,injured_or_dead_people,train
592342983371980801,other_useful_information,train
592868455021412353,infrastructure_and_utilities_damage,test
592087835450220544,injured_or_dead_people,test
592700771273187328,injured_or_dead_people,test
592343878474293250,other_useful_information,test
600500219311161344,sympathy_and_emotional_support,train
593180864902664192,donation_needs_or_offers_or_volunteering_services,train
593095482567622656,other_useful_information,train
592857592134823939,donation_needs_or_offers_or_volunteering_services,train
592297647957938176,donation_needs_or_offers_or_volunteering_services,train
592342817231503361,injured_or_dead_people,train
600504152712564736,donation_needs_or_offers_or_volunteering_services,test
591975655312478208,donation_needs_or_offers_or_volunteering_services,test
592402988016078850,donation_needs_or_offers_or_volunteering_services,train
593440543620866049,sympathy_and_emotional_support,train
593778948099543042,other_useful_information,train
593112056066224128,donation_needs_or_offers_or_volunteering_services,train
591934434506444800,not_related_or_irrelevant,train
592344307626946560,donation_needs_or_offers_or_volunteering_services,test
593142837488803841,other_useful_information,train
592840714775601153,sympathy_and_emotional_support,train
593748286038736896,missing_trapped_or_found_people,train
591950925234872320,sympathy_and_emotional_support,train
592344108615802881,sympathy_and_emotional_support,train
593148336435236864,other_useful_information,test
600504697946972160,sympathy_and_emotional_support,train
592141687754883072,donation_needs_or_offers_or_volunteering_services,test
592305987916320769,injured_or_dead_people,train
592697370929930241,other_useful_information,test
592344653111894016,sympathy_and_emotional_support,train
593696441471668224,injured_or_dead_people,train
592341346389762048,infrastructure_and_utilities_damage,train
592329784983556096,donation_needs_or_offers_or_volunteering_services,test
592341060023529472,displaced_people_and_evacuations,train
593157615279968256,displaced_people_and_evacuations,test
593187372054937600,donation_needs_or_offers_or_volunteering_services,train
592683636354351109,other_useful_information,train
593187469757059072,infrastructure_and_utilities_damage,train
592871617635704835,not_related_or_irrelevant,train
600463106431528960,sympathy_and_emotional_support,train
592126024437125121,sympathy_and_emotional_support,test
593819547372638208,missing_trapped_or_found_people,train
592137869482799104,injured_or_dead_people,test
591936980096659456,infrastructure_and_utilities_damage,train
592344448887029761,other_useful_information,train
