tweet_id,tweet_text,clean_text,label,priority_level,priority_score,true_label,predicted_label,prediction_confidence,true_label_confidence,label_correct,true_priority_level,true_priority_score,predicted_priority_level,predicted_priority_score,priority_correct,priority_signed_error,priority_distance,under_prioritised,over_prioritised,severe_priority_error
593106744517099520,RT @TheEthanH26: Pray for Nepal  Pray for Baltimore  Pray for the homeless people sleeping 100 feet away from you  Pray for a change in the…,RT USER : Pray for Nepal Pray for Baltimore Pray for the homeless people sleeping 100 feet away from you Pray for a change in the…,sympathy_and_emotional_support,low,4,sympathy_and_emotional_support,sympathy_and_emotional_support,0.9522785,0.9522785,True,low,4,low,4,True,0,0,False,False,False
592384707205144576,British archeologist 'terrified' after narrowly escaping death in Nepal earthquake http://t.co/en95LJXFwX http://t.co/xjCod1mYy3,British archeologist 'terrified' after narrowly escaping death in Nepal earthquake URL URL,injured_or_dead_people,high,1,injured_or_dead_people,missing_trapped_or_found_people,0.7658843,0.09463609,False,high,1,high,1,True,0,0,False,False,False
592707878919786497,RT @Fargo_CHARISM: Our thoughts are with Nepal - many neighbors are originally from Nepal.  6 easy ways to contribute to relief efforts: ht…,RT USER : Our thoughts are with Nepal - many neighbors are originally from Nepal. 6 easy ways to contribute to relief efforts: ht…,sympathy_and_emotional_support,low,4,sympathy_and_emotional_support,donation_needs_or_offers_or_volunteering_services,0.8269009,0.034329038,False,low,4,medium,3,False,-1,1,False,True,False
592601585475145728,Experts had long warned Nepal was ripe for disaster  http://t.co/BnzHZZBBD3 #NepalEarthquake http://t.co/7xttPkXcVp,Experts had long warned Nepal was ripe for disaster URL NepalEarthquake URL,caution_and_advice,medium_high,2,caution_and_advice,other_useful_information,0.6609238,0.05962146,False,medium_high,2,medium,3,False,1,1,True,False,False
592147611894833152,I hope all these amazing temples I've visited can be rebuilt and the casualties are minimal. The world loves you Nepal :) #NepalEarthquake,I hope all these amazing temples I've visited can be rebuilt and the casualties are minimal. The world loves you Nepal :) NepalEarthquake,other_useful_information,medium,3,other_useful_information,sympathy_and_emotional_support,0.5859789,0.06950907,False,medium,3,low,4,False,1,1,True,False,False
592344582983057408,RT @VVSLaxman281: Really proud of the Indian Govt&amp;Indian Air Force for their all out support to Nepal at this hour of grief and tragedy. #N…,RT USER : Really proud of the Indian Govt&amp;Indian Air Force for their all out support to Nepal at this hour of grief and tragedy. N…,sympathy_and_emotional_support,low,4,sympathy_and_emotional_support,sympathy_and_emotional_support,0.8499501,0.8499501,True,low,4,low,4,True,0,0,False,False,False
592340951357468672,"#retweet: RT AJENews: Aftershocks reported as death toll in Nepal quake hits 2,430 killed http://t.co/IEHdsT726w http://t.co/4y1PzyLSae","retweet: RT AJENews: Aftershocks reported as death toll in Nepal quake hits 2,430 killed URL URL",injured_or_dead_people,high,1,injured_or_dead_people,injured_or_dead_people,0.96373606,0.96373606,True,high,1,high,1,True,0,0,False,False,False
593825567948038144,"RT @UN: NepalQuake: Despite heavy rain, @WFP completed food distributions in Gorkha District. http://t.co/R4FG4tqywv http://t.co/0rSWIlq3G9","RT USER : NepalQuake: Despite heavy rain, USER completed food distributions in Gorkha District. URL URL",donation_needs_or_offers_or_volunteering_services,medium,3,donation_needs_or_offers_or_volunteering_services,donation_needs_or_offers_or_volunteering_services,0.59663945,0.59663945,True,medium,3,medium,3,True,0,0,False,False,False
593184937047494657,RT @JohnKerry: Just announced U.S. Is providing an additional $9 million for #NepalEarthquake response and recovery efforts. #WeStandwithNe…,RT USER : Just announced U.S. Is providing an additional $9 million for NepalEarthquake response and recovery efforts. WeStandwithNe…,donation_needs_or_offers_or_volunteering_services,medium,3,donation_needs_or_offers_or_volunteering_services,donation_needs_or_offers_or_volunteering_services,0.85559946,0.85559946,True,medium,3,medium,3,True,0,0,False,False,False
592293901278572544,"RT @WorldVisionUK: #NepalQuake: #WorldVision is planning to respond in its initial phase w first aid, sleeping mats, blankets, shelter, pro…","RT USER : NepalQuake: WorldVision is planning to respond in its initial phase w first aid, sleeping mats, blankets, shelter, pro…",donation_needs_or_offers_or_volunteering_services,medium,3,donation_needs_or_offers_or_volunteering_services,donation_needs_or_offers_or_volunteering_services,0.82232016,0.82232016,True,medium,3,medium,3,True,0,0,False,False,False
593138710750883840,Delaware pair to join efforts in Nepal as relief pours in http://t.co/lLrfg5ZBKW,Delaware pair to join efforts in Nepal as relief pours in URL,donation_needs_or_offers_or_volunteering_services,medium,3,donation_needs_or_offers_or_volunteering_services,donation_needs_or_offers_or_volunteering_services,0.86611205,0.86611205,True,medium,3,medium,3,True,0,0,False,False,False
592322469874237440,RT @anooppr: @bengalkatlady @_PixieStyx_ @fabfrankiee Nepal landmarks: Before and after the earthquake: http://t.co/byFoK9IQaQ #PrayForNepal,RT USER : USER USER USER Nepal landmarks: Before and after the earthquake: URL PrayForNepal,infrastructure_and_utilities_damage,medium_high,2,infrastructure_and_utilities_damage,infrastructure_and_utilities_damage,0.7675146,0.7675146,True,medium_high,2,medium_high,2,True,0,0,False,False,False
592330486069891073,RT @TheScriptPt: The Script apoiam o Nepal http://t.co/NqyTqIOeTb via @weebly,RT USER : The Script apoiam o Nepal URL via USER,other_useful_information,medium,3,other_useful_information,other_useful_information,0.43948674,0.43948674,True,medium,3,medium,3,True,0,0,False,False,False
592645260880281600,RT @toyubomm: #SingForNepal charity concert PRAY for NEPAL http://t.co/NViVYC45bT #pantip via @pantip1996,RT USER : SingForNepal charity concert PRAY for NEPAL URL pantip via USER,donation_needs_or_offers_or_volunteering_services,medium,3,donation_needs_or_offers_or_volunteering_services,sympathy_and_emotional_support,0.84307075,0.08799519,False,medium,3,low,4,False,1,1,True,False,False
592176604324888576,"RT @db_is_db: We cannot prevent natural disasters, but we can prevent #SoulVultures. Gorkhas died for India, now our turn to help Nepal bou…","RT USER : We cannot prevent natural disasters, but we can prevent SoulVultures. Gorkhas died for India, now our turn to help Nepal bou…",other_useful_information,medium,3,other_useful_information,donation_needs_or_offers_or_volunteering_services,0.4637736,0.2508609,False,medium,3,medium,3,True,0,0,False,False,False
593188767223123968,RT @Deanogormano: Please help the people of Kathmandu and nepal. http://t.co/y0u4cgQEvc,RT USER : Please help the people of Kathmandu and nepal. URL,donation_needs_or_offers_or_volunteering_services,medium,3,donation_needs_or_offers_or_volunteering_services,sympathy_and_emotional_support,0.51724374,0.37306264,False,medium,3,low,4,False,1,1,True,False,False
592700919109791744,RT @AndrewDesjardin: Please share this photo. If you have any information I will pass it on to their families! #NepalEarthquake http://t.co…,RT USER : Please share this photo. If you have any information I will pass it on to their families! NepalEarthquake URL,missing_trapped_or_found_people,high,1,missing_trapped_or_found_people,sympathy_and_emotional_support,0.509353,0.104428925,False,high,1,low,4,False,3,3,True,False,True
592343803979124737,"RT @BBCBreaking: Aftershock in Kathmandu region measured 6.7 magnitude, US Geological Survey says http://t.co/xoixJwvUcW","RT USER : Aftershock in Kathmandu region measured 6.7 magnitude, US Geological Survey says URL",other_useful_information,medium,3,other_useful_information,other_useful_information,0.6937004,0.6937004,True,medium,3,medium,3,True,0,0,False,False,False
593164532740141056,RT @LaurieHosken: A list of organizations helping Nepal &amp; other affected areas http://t.co/PIcBlsf5Em via @mashable,RT USER : A list of organizations helping Nepal &amp; other affected areas URL via USER,donation_needs_or_offers_or_volunteering_services,medium,3,donation_needs_or_offers_or_volunteering_services,donation_needs_or_offers_or_volunteering_services,0.8618928,0.8618928,True,medium,3,medium,3,True,0,0,False,False,False
592126024437125121,My thoughts and prayers to everyone in Nepal.,My thoughts and prayers to everyone in Nepal.,sympathy_and_emotional_support,low,4,sympathy_and_emotional_support,sympathy_and_emotional_support,0.9476139,0.9476139,True,low,4,low,4,True,0,0,False,False,False
592750556873121794,RT @Andreas_Juul: .@GaryLineker Support our #NepalEarthquake appeal here: http://t.co/ZHE1nViBN6 and help us build back better and safer sc…,RT USER : . USER Support our NepalEarthquake appeal here: URL and help us build back better and safer sc…,donation_needs_or_offers_or_volunteering_services,medium,3,donation_needs_or_offers_or_volunteering_services,donation_needs_or_offers_or_volunteering_services,0.7471852,0.7471852,True,medium,3,medium,3,True,0,0,False,False,False
592267197944205312,RT @Federation: Follow @IFRCAsiaPacific for latest updates on #RedCross response to #NepalEarthquake  https://t.co/RGShMra070,RT USER : Follow USER for latest updates on RedCross response to NepalEarthquake URL,donation_needs_or_offers_or_volunteering_services,medium,3,donation_needs_or_offers_or_volunteering_services,other_useful_information,0.68391544,0.09767537,False,medium,3,medium,3,True,0,0,False,False,False
592645460952682496,Proud of my Israel #NepalQuakeRelief https://t.co/Jl9JtErm6W ὤFὤFὤF,Proud of my Israel NepalQuakeRelief URL ὤFὤFὤF,sympathy_and_emotional_support,low,4,sympathy_and_emotional_support,sympathy_and_emotional_support,0.9147065,0.9147065,True,low,4,low,4,True,0,0,False,False,False
592931363667345408,#Pakistan Latest on Nepal quake: - Jakarta Post: New York TimesLatest on Nepal quake:Jakarta PostArmy troops a... http://t.co/ukFf4hklEr,Pakistan Latest on Nepal quake: - Jakarta Post: New York TimesLatest on Nepal quake:Jakarta PostArmy troops a... URL,other_useful_information,medium,3,other_useful_information,other_useful_information,0.7278618,0.7278618,True,medium,3,medium,3,True,0,0,False,False,False
592265829288312832,RT @CNBCnow: JUST IN: Google says one of its engineers killed in Everest avalanche triggered by Nepal quake http://t.co/f3BYyrbLM3 http://t…,RT USER : JUST IN: Google says one of its engineers killed in Everest avalanche triggered by Nepal quake URL URL,injured_or_dead_people,high,1,injured_or_dead_people,injured_or_dead_people,0.937754,0.937754,True,high,1,high,1,True,0,0,False,False,False
592881607083741184,@AndhraPCC abki baar fenku sarkar-two untruths propagated by modi govt-india host 2024 olympics&amp;RSS sent 20K ppl to Nepal--Unmasked now,USER abki baar fenku sarkar-two untruths propagated by modi govt-india host 2024 olympics&amp;RSS sent 20K ppl to Nepal--Unmasked now,not_related_or_irrelevant,low,4,not_related_or_irrelevant,other_useful_information,0.35446802,0.3341896,False,low,4,medium,3,False,-1,1,False,True,False
592367690632667136,RT- Nepal earthquake: At least 200 from Karnataka feared stranded: A day after an earthquake ravaged Nep... http://t.co/rfPqyccS5c #News,RT- Nepal earthquake: At least 200 from Karnataka feared stranded: A day after an earthquake ravaged Nep... URL News,missing_trapped_or_found_people,high,1,missing_trapped_or_found_people,missing_trapped_or_found_people,0.70185596,0.70185596,True,high,1,high,1,True,0,0,False,False,False
593824046111830017,"2 #IAF MLHs positioned at Pokahra.  Helicopter sorties scheduled for Lukla, Dhading, Millanchi and Gorkha today #NepalEarthquake","2 IAF MLHs positioned at Pokahra. Helicopter sorties scheduled for Lukla, Dhading, Millanchi and Gorkha today NepalEarthquake",other_useful_information,medium,3,other_useful_information,other_useful_information,0.5525503,0.5525503,True,medium,3,medium,3,True,0,0,False,False,False
591977887642746880,RT @ooosh_ooosh: Where is Nepal's Prime Minister???? Anybody knows?,RT USER : Where is Nepal's Prime Minister???? Anybody knows?,other_useful_information,medium,3,other_useful_information,not_related_or_irrelevant,0.27359134,0.20780101,False,medium,3,low,4,False,1,1,True,False,False
597666520702025728,RT @ewnreporter: #Nepalquake This is the team heading to Nepal. ML http://t.co/pXSFVMoJDy,RT USER : Nepalquake This is the team heading to Nepal. ML URL,donation_needs_or_offers_or_volunteering_services,medium,3,donation_needs_or_offers_or_volunteering_services,other_useful_information,0.42723486,0.24761294,False,medium,3,medium,3,True,0,0,False,False,False
592697717467586561,"T-Mobile makes calling &amp; texting Nepal free, waives bills to aid earthquake relief efforts http://t.co/l3rPJkaLrj","T-Mobile makes calling &amp; texting Nepal free, waives bills to aid earthquake relief efforts URL",donation_needs_or_offers_or_volunteering_services,medium,3,donation_needs_or_offers_or_volunteering_services,donation_needs_or_offers_or_volunteering_services,0.860166,0.860166,True,medium,3,medium,3,True,0,0,False,False,False
592194508181245952,Nepalese Dig With Bare Hands for Earthquake Survivors: Rescuers dug with their bare hands and bodies piled up in Nepal today after an...,Nepalese Dig With Bare Hands for Earthquake Survivors: Rescuers dug with their bare hands and bodies piled up in Nepal today after an...,injured_or_dead_people,high,1,injured_or_dead_people,missing_trapped_or_found_people,0.9159788,0.02296002,False,high,1,high,1,True,0,0,False,False,False
592338431004397568,RT @OCHAAsiaPac: Over 6.6 mil people are in the area affected by #Nepalquake. Widespread damage &amp; destruction of infrastructure feared http…,RT USER : Over 6.6 mil people are in the area affected by Nepalquake. Widespread damage &amp; destruction of infrastructure feared URL,infrastructure_and_utilities_damage,medium_high,2,infrastructure_and_utilities_damage,injured_or_dead_people,0.5848476,0.18351665,False,medium_high,2,high,1,False,-1,1,False,True,False
592337866904051713,Foreign Office tells Britons stranded in Nepal to follow local authorities' advice following earthquake that left… http://t.co/vk48KldGih,Foreign Office tells Britons stranded in Nepal to follow local authorities' advice following earthquake that left… URL,caution_and_advice,medium_high,2,caution_and_advice,displaced_people_and_evacuations,0.6592352,0.029580774,False,medium_high,2,medium_high,2,True,0,0,False,False,False
593745459874631680,.@RichardGSimpson a good example of spatial industry helping shape a better future! http://t.co/9r3cOgR6YP #OpenStreetMap #Pivotal2015,. USER a good example of spatial industry helping shape a better future! URL OpenStreetMap Pivotal2015,not_related_or_irrelevant,low,4,not_related_or_irrelevant,other_useful_information,0.38557488,0.37608948,False,low,4,medium,3,False,-1,1,False,True,False
592175527277953027,"RT @the_hindu: 1,500 bodies recovered; an equal number said to be injured. #NepalEarthquake  http://t.co/ZyNOoHm1vW http://t.co/pw3EtnANtn","RT USER : 1,500 bodies recovered; an equal number said to be injured. NepalEarthquake URL URL",injured_or_dead_people,high,1,injured_or_dead_people,injured_or_dead_people,0.94919944,0.94919944,True,high,1,high,1,True,0,0,False,False,False
592269113742925824,RT @pradeepdotco: Real Hero - Shesh Ghale announces 2 Crores for Earthquake Relief fund! #Earthquake #Nepal http://t.co/uQHHf0KDna,RT USER : Real Hero - Shesh Ghale announces 2 Crores for Earthquake Relief fund! Earthquake Nepal URL,donation_needs_or_offers_or_volunteering_services,medium,3,donation_needs_or_offers_or_volunteering_services,donation_needs_or_offers_or_volunteering_services,0.8591415,0.8591415,True,medium,3,medium,3,True,0,0,False,False,False
592341469467439107,RT @nickjonas: Help the families of the Nepal Earthquake which has left thousands dead. Donate to @convoyofhope at http://t.co/AKKvoGIDUz #…,RT USER : Help the families of the Nepal Earthquake which has left thousands dead. Donate to USER at URL …,donation_needs_or_offers_or_volunteering_services,medium,3,donation_needs_or_offers_or_volunteering_services,donation_needs_or_offers_or_volunteering_services,0.713964,0.713964,True,medium,3,medium,3,True,0,0,False,False,False
593198868206133250,RT @XuscaSoleNY: New print available on http://t.co/jnWHW5Id5u! - 'Flowers For Nepal' by Xusca Sole - http://t.co/VwRHVD87Vz,RT USER : New print available on URL - 'Flowers For Nepal' by Xusca Sole - URL,not_related_or_irrelevant,low,4,not_related_or_irrelevant,sympathy_and_emotional_support,0.6089012,0.05827605,False,low,4,low,4,True,0,0,False,False,False
592273906817458176,Year 13 &amp; 11 Tectonic Hazards - Nepal quake: Relief operation faces challenges - http://t.co/LbQe2EmWnp,Year 13 &amp; 11 Tectonic Hazards - Nepal quake: Relief operation faces challenges - URL,donation_needs_or_offers_or_volunteering_services,medium,3,donation_needs_or_offers_or_volunteering_services,other_useful_information,0.4185968,0.37289333,False,medium,3,medium,3,True,0,0,False,False,False
593351139644428288,Great work @IndianExpress ... Keep it up. RWs like @bwoyblunder are just jealous of your creative capability.  http://t.co/ZxWf9Ztxxg,Great work USER ... Keep it up. RWs like USER are just jealous of your creative capability. URL,not_related_or_irrelevant,low,4,not_related_or_irrelevant,not_related_or_irrelevant,0.69266015,0.69266015,True,low,4,low,4,True,0,0,False,False,False
592344928111329280,RT @TimesNow: Yoga Guru Ramdev joins relief work in Kathmandu #IndiaWithNepal https://t.co/mSTF79YDGL,RT USER : Yoga Guru Ramdev joins relief work in Kathmandu IndiaWithNepal URL,donation_needs_or_offers_or_volunteering_services,medium,3,donation_needs_or_offers_or_volunteering_services,donation_needs_or_offers_or_volunteering_services,0.8405707,0.8405707,True,medium,3,medium,3,True,0,0,False,False,False
592699807615086592,Emergency Contact Details for #Expats in #Nepal | AngloINFO World: #Expat Life http://t.co/ig0p0rZ571 @FCOtravel,Emergency Contact Details for Expats in Nepal | AngloINFO World: Expat Life URL USER,other_useful_information,medium,3,other_useful_information,displaced_people_and_evacuations,0.66629255,0.11226378,False,medium,3,medium_high,2,False,-1,1,False,True,False
592359685774188544,... And they need help from Nepal https://t.co/P7AxbJ2tSj,... And they need help from Nepal URL,donation_needs_or_offers_or_volunteering_services,medium,3,donation_needs_or_offers_or_volunteering_services,donation_needs_or_offers_or_volunteering_services,0.86624855,0.86624855,True,medium,3,medium,3,True,0,0,False,False,False
593261012263964672,There are miracles everyday! #proudofindianforces https://t.co/9gIPGyY8Rx,There are miracles everyday! proudofindianforces URL,sympathy_and_emotional_support,low,4,sympathy_and_emotional_support,sympathy_and_emotional_support,0.48431316,0.48431316,True,low,4,low,4,True,0,0,False,False,False
592673035221671936,RT @surdesairajdeep: Heard PM to give 6Lacs to Family of Demised in Nepal but Will give ignorance to 1000s Dead farmers &amp; Jal Satyagrahis h…,RT USER : Heard PM to give 6Lacs to Family of Demised in Nepal but Will give ignorance to 1000s Dead farmers &amp; Jal Satyagrahis h…,donation_needs_or_offers_or_volunteering_services,medium,3,donation_needs_or_offers_or_volunteering_services,not_related_or_irrelevant,0.28500062,0.20753737,False,medium,3,low,4,False,1,1,True,False,False
592344708896169984,RT @helpthemtoday: #NepalEarthquake give to TCPI's emergency relief fund. 100% goes to the victims. #TCPINEPAL http://t.co/IfFM3bkVlW http:…,RT USER : NepalEarthquake give to TCPI's emergency relief fund. 100% goes to the victims. TCPINEPAL URL URL,donation_needs_or_offers_or_volunteering_services,medium,3,donation_needs_or_offers_or_volunteering_services,donation_needs_or_offers_or_volunteering_services,0.8867776,0.8867776,True,medium,3,medium,3,True,0,0,False,False,False
593798264304041984,"RT @OCHAAsiaPac: #NepalQuake: People in line for water distributions. 4.2 mil urgently need water, sanitation and health services. http://t…","RT USER : NepalQuake: People in line for water distributions. 4.2 mil urgently need water, sanitation and health services. URL",donation_needs_or_offers_or_volunteering_services,medium,3,donation_needs_or_offers_or_volunteering_services,donation_needs_or_offers_or_volunteering_services,0.8289477,0.8289477,True,medium,3,medium,3,True,0,0,False,False,False
592377513512316928,RT @feistyfari: To all those who reach to preach! #NepalEarthquake  https://t.co/AHm8UYVIN9,RT USER : To all those who reach to preach! NepalEarthquake URL,sympathy_and_emotional_support,low,4,sympathy_and_emotional_support,sympathy_and_emotional_support,0.89294684,0.89294684,True,low,4,low,4,True,0,0,False,False,False
592667138768379904,Chaos Reigns at Nepal's Only International Airport in Kathmandu http://t.co/5wZ9GyJ98q,Chaos Reigns at Nepal's Only International Airport in Kathmandu URL,infrastructure_and_utilities_damage,medium_high,2,infrastructure_and_utilities_damage,other_useful_information,0.5962903,0.19630319,False,medium_high,2,medium,3,False,1,1,True,False,False
591921148994007040,@Dev_Fadnavis Is govt planning to send relief materials to Nepal?Appeal to all Mumbai citizens to come forward for helping Nepal #earthquake,USER Is govt planning to send relief materials to Nepal?Appeal to all Mumbai citizens to come forward for helping Nepal earthquake,donation_needs_or_offers_or_volunteering_services,medium,3,donation_needs_or_offers_or_volunteering_services,donation_needs_or_offers_or_volunteering_services,0.869425,0.869425,True,medium,3,medium,3,True,0,0,False,False,False
592160377519017984,RT @dispatchnewsdes: @meerasanyal Rescue operation is only concentrated to Kathmandu over 2000 dead no news from small towns  updates http:…,RT USER : USER Rescue operation is only concentrated to Kathmandu over 2000 dead no news from small towns updates URL,injured_or_dead_people,high,1,injured_or_dead_people,injured_or_dead_people,0.93331176,0.93331176,True,high,1,high,1,True,0,0,False,False,False
593183136294436864,"RT @AnupKaphle: Devastating update from Ministry of Home Affairs on #NepalEarthquake.  Death toll: 5,057 Injured: 10,915 Internally Displac…","RT USER : Devastating update from Ministry of Home Affairs on NepalEarthquake. Death toll: 5,057 Injured: 10,915 Internally Displac…",injured_or_dead_people,high,1,injured_or_dead_people,injured_or_dead_people,0.9621456,0.9621456,True,high,1,high,1,True,0,0,False,False,False
592335443141660672,Salute to Indian Army and PM Narendra Modi  for sending relief in Nepal,Salute to Indian Army and PM Narendra Modi for sending relief in Nepal,donation_needs_or_offers_or_volunteering_services,medium,3,donation_needs_or_offers_or_volunteering_services,donation_needs_or_offers_or_volunteering_services,0.7686378,0.7686378,True,medium,3,medium,3,True,0,0,False,False,False
592123165310062592,RT @HONOUROURFORCES: Sending our prays to the people of Nepal a country that has given us the Amazing men in the Gurkhas  #NepalEarthquake …,RT USER : Sending our prays to the people of Nepal a country that has given us the Amazing men in the Gurkhas NepalEarthquake …,sympathy_and_emotional_support,low,4,sympathy_and_emotional_support,sympathy_and_emotional_support,0.9564121,0.9564121,True,low,4,low,4,True,0,0,False,False,False
593014290585657344,RT @nikoketch: #nepalearthquake no matter what happens make sure you are in rightstanding with GOD peace of Christ.,RT USER : nepalearthquake no matter what happens make sure you are in rightstanding with GOD peace of Christ.,sympathy_and_emotional_support,low,4,sympathy_and_emotional_support,sympathy_and_emotional_support,0.9319204,0.9319204,True,low,4,low,4,True,0,0,False,False,False
593097361972457472,RT @CatholicNewsSvc: New CNS video: #PopeFrancis prayed yesterday for victims of the #NepalQuake  http://t.co/21iaVNaeZb,RT USER : New CNS video: PopeFrancis prayed yesterday for victims of the NepalQuake URL,sympathy_and_emotional_support,low,4,sympathy_and_emotional_support,sympathy_and_emotional_support,0.95456487,0.95456487,True,low,4,low,4,True,0,0,False,False,False
592367611427586048,"Condolanses to Nepal people, and the families of mountaineers who lost their lives at EBC............. http://t.co/iXYUK7qeQ8","Condolanses to Nepal people, and the families of mountaineers who lost their lives at EBC............. URL",sympathy_and_emotional_support,low,4,sympathy_and_emotional_support,sympathy_and_emotional_support,0.78967094,0.78967094,True,low,4,low,4,True,0,0,False,False,False
592655380167139328,Watch Shocking: The first 18 minutes after quake hit Nepal  Click here to Watch --&gt;&gt; http://t.co/RVxKtoMnyM http://t.co/qJ3j3OL3KT ...#53,Watch Shocking: The first 18 minutes after quake hit Nepal Click here to Watch --&gt;&gt; URL URL ...53,other_useful_information,medium,3,other_useful_information,other_useful_information,0.70248836,0.70248836,True,medium,3,medium,3,True,0,0,False,False,False
593342081453707265,RT @WorldFMDay: Thinking of all in #NepalQuake,RT USER : Thinking of all in NepalQuake,sympathy_and_emotional_support,low,4,sympathy_and_emotional_support,sympathy_and_emotional_support,0.9266576,0.9266576,True,low,4,low,4,True,0,0,False,False,False
593076236894613504,"#National India evacuates 170 foreigners from Nepal: The government has also brought back over 5,400 Indians so… http://t.co/xSNguLFxdh","National India evacuates 170 foreigners from Nepal: The government has also brought back over 5,400 Indians so… URL",displaced_people_and_evacuations,medium_high,2,displaced_people_and_evacuations,displaced_people_and_evacuations,0.797189,0.797189,True,medium_high,2,medium_high,2,True,0,0,False,False,False
593660512543514624,Footage shows the moment the devastating quake shatters Nepal:  CCTV footage has emerged of the moment a devas... http://t.co/0K6MyaHcIJ,Footage shows the moment the devastating quake shatters Nepal: CCTV footage has emerged of the moment a devas... URL,infrastructure_and_utilities_damage,medium_high,2,infrastructure_and_utilities_damage,infrastructure_and_utilities_damage,0.51107144,0.51107144,True,medium_high,2,medium_high,2,True,0,0,False,False,False
592320522660106240,"RT @snobers: This is what's left of the 9 story historic UNESCO heritage's Dharahara Tower in Kathmandu, #Nepal after #earthquake http://t.…","RT USER : This is what's left of the 9 story historic UNESCO heritage's Dharahara Tower in Kathmandu, Nepal after earthquake URL",infrastructure_and_utilities_damage,medium_high,2,infrastructure_and_utilities_damage,infrastructure_and_utilities_damage,0.9008905,0.9008905,True,medium_high,2,medium_high,2,True,0,0,False,False,False
593760241919074304,RT @OCHAAsiaPac: #NepalQuake: Aftershocks continue to pose a threat. #Earthquake-affected areas could be at risk to landslides. http://t.co…,RT USER : NepalQuake: Aftershocks continue to pose a threat. Earthquake-affected areas could be at risk to landslides. URL,other_useful_information,medium,3,other_useful_information,infrastructure_and_utilities_damage,0.58176696,0.29025134,False,medium,3,medium_high,2,False,-1,1,False,True,False
592341066696785920,RT @dabeard: #Nepal - How to help: A list of top-rated charities working on relief after quake: http://t.co/CuFIDowBHw @CARE @CatholicRelie…,RT USER : Nepal - How to help: A list of top-rated charities working on relief after quake: URL USER USER …,donation_needs_or_offers_or_volunteering_services,medium,3,donation_needs_or_offers_or_volunteering_services,donation_needs_or_offers_or_volunteering_services,0.8524316,0.8524316,True,medium,3,medium,3,True,0,0,False,False,False
592332699869806592,RT @newsflicks: 'Nepalis have a family in 125 cr Indians' Modi's #MannKiBaat #SoulVultures #earthquake #NepalEarthquake http://t.co/yPmMwIe…,RT USER : 'Nepalis have a family in 125 cr Indians' Modi's MannKiBaat SoulVultures earthquake NepalEarthquake URL,other_useful_information,medium,3,other_useful_information,displaced_people_and_evacuations,0.41198084,0.11975627,False,medium,3,medium_high,2,False,-1,1,False,True,False
592863475426316289,RT @deerhuntingdiva: prayers for Baltimore and Nepal,RT USER : prayers for Baltimore and Nepal,sympathy_and_emotional_support,low,4,sympathy_and_emotional_support,sympathy_and_emotional_support,0.95493585,0.95493585,True,low,4,low,4,True,0,0,False,False,False
592326564110585856,RT @divyaconnects: Reached #Kathmandu finally! Lots of Indians stranded at the airport #NepalQuake @BBCHindi http://t.co/fRpbU9aCKZ,RT USER : Reached Kathmandu finally! Lots of Indians stranded at the airport NepalQuake USER URL,other_useful_information,medium,3,other_useful_information,missing_trapped_or_found_people,0.7641231,0.0122954,False,medium,3,high,1,False,-2,2,False,True,True
591934166398332928,"RT @willripleyCNN: #URGENT Death toll in 7.8 magnitude #NepalQuake rising quickly, now some 600 people. At least 15 big aftershocks... http…","RT USER : URGENT Death toll in 7.8 magnitude NepalQuake rising quickly, now some 600 people. At least 15 big aftershocks... URL",injured_or_dead_people,high,1,injured_or_dead_people,injured_or_dead_people,0.9626924,0.9626924,True,high,1,high,1,True,0,0,False,False,False
593201567072911360,At least 21 Portuguese identified in Nepal  http://t.co/077fAeyquX,At least 21 Portuguese identified in Nepal URL,missing_trapped_or_found_people,high,1,missing_trapped_or_found_people,missing_trapped_or_found_people,0.44749552,0.44749552,True,high,1,high,1,True,0,0,False,False,False
592088814279139328,more seriously if I have to pray for anything tonight it's Nepal. :/ dadmom are there so I'm 200% sending my good wishes there.,more seriously if I have to pray for anything tonight it's Nepal. :/ dadmom are there so I'm 200% sending my good wishes there.,sympathy_and_emotional_support,low,4,sympathy_and_emotional_support,sympathy_and_emotional_support,0.95306385,0.95306385,True,low,4,low,4,True,0,0,False,False,False
592927947910164480,"RT BJPRajnathSingh: NDRF has rescued 11 individuals, recovered 67 dead bodies and evacuated more than 1000 people in Nepal. #ThankYouPM #BJP","RT BJPRajnathSingh: NDRF has rescued 11 individuals, recovered 67 dead bodies and evacuated more than 1000 people in Nepal. ThankYouPM BJP",injured_or_dead_people,high,1,injured_or_dead_people,missing_trapped_or_found_people,0.46360028,0.24385183,False,high,1,high,1,True,0,0,False,False,False
592592940729401344,"Landslides, Shortages Hinder Rescues As Nepal Quake Toll Rises: Officials in Nepal say the death toll from the... http://t.co/Um3LqGuITd","Landslides, Shortages Hinder Rescues As Nepal Quake Toll Rises: Officials in Nepal say the death toll from the... URL",other_useful_information,medium,3,other_useful_information,injured_or_dead_people,0.9504201,0.008256731,False,medium,3,high,1,False,-2,2,False,True,True
591954283412631553,Update on the #NepalEarthquake All of the children and staff at Ama Ghar are safe.,Update on the NepalEarthquake All of the children and staff at Ama Ghar are safe.,other_useful_information,medium,3,other_useful_information,sympathy_and_emotional_support,0.3740528,0.06479042,False,medium,3,low,4,False,1,1,True,False,False
593271874689175552,What the f*** is wrong with humanity? https://t.co/1BeAD1ATAh,What the f*** is wrong with humanity? URL,not_related_or_irrelevant,low,4,not_related_or_irrelevant,not_related_or_irrelevant,0.6985161,0.6985161,True,low,4,low,4,True,0,0,False,False,False
592309922089467904,RT @artdielle: #PersonFinder site to assist #NepalEarthquake If you are looking for someone or have information about https://t.co/JKQeYtfw…,RT USER : PersonFinder site to assist NepalEarthquake If you are looking for someone or have information about URL,caution_and_advice,medium_high,2,caution_and_advice,missing_trapped_or_found_people,0.665067,0.028072745,False,medium_high,2,high,1,False,-1,1,False,True,False
593801438700122112,RT @StarTVNetwork: Star India joins hands with @CAREIndia to mobilise relief for Nepal &amp; Northern India. Click to donate http://t.co/IUHTkr…,RT USER : Star India joins hands with USER to mobilise relief for Nepal &amp; Northern India. Click to donate URL,donation_needs_or_offers_or_volunteering_services,medium,3,donation_needs_or_offers_or_volunteering_services,donation_needs_or_offers_or_volunteering_services,0.888701,0.888701,True,medium,3,medium,3,True,0,0,False,False,False
593152175313915905,"RT @MingNa: Hey @ATT, you're my provider. Are u doing text-to-donate $10 for #NepalEarthquake where 100% goes to charity (ie: UNICEF)? @TMo…","RT USER : Hey USER , you're my provider. Are u doing text-to-donate $10 for NepalEarthquake where 100% goes to charity (ie: UNICEF)? USER …",donation_needs_or_offers_or_volunteering_services,medium,3,donation_needs_or_offers_or_volunteering_services,donation_needs_or_offers_or_volunteering_services,0.85916495,0.85916495,True,medium,3,medium,3,True,0,0,False,False,False
591928084766412800,"Such very sad news, my prayers go to all and their loved ones.  RIP x https://t.co/KDtjs5Z7V3","Such very sad news, my prayers go to all and their loved ones. RIP x URL",sympathy_and_emotional_support,low,4,sympathy_and_emotional_support,sympathy_and_emotional_support,0.94748217,0.94748217,True,low,4,low,4,True,0,0,False,False,False
592291575906082816,RT @WXXINews: A magnitude 6.7 aftershock rumbles Katmandu; death toll rises. http://t.co/9Uvj9fleU5,RT USER : A magnitude 6.7 aftershock rumbles Katmandu; death toll rises. URL,injured_or_dead_people,high,1,injured_or_dead_people,injured_or_dead_people,0.95389694,0.95389694,True,high,1,high,1,True,0,0,False,False,False
593354112604835840,RT @MDVForeign: FM Dunya personally received the Maldivians who arrived last night on Maldivian flight from Dhaka #NepalQuake http://t.co/K…,RT USER : FM Dunya personally received the Maldivians who arrived last night on Maldivian flight from Dhaka NepalQuake URL,other_useful_information,medium,3,other_useful_information,displaced_people_and_evacuations,0.4314288,0.059098836,False,medium,3,medium_high,2,False,-1,1,False,True,False
593025123826864128,China stands side by side with Nepal in time of woe: A massive earthquake shook Nepal at 2:11 pm Beijing time ... http://t.co/ttPoIlLQiw,China stands side by side with Nepal in time of woe: A massive earthquake shook Nepal at 2:11 pm Beijing time ... URL,other_useful_information,medium,3,other_useful_information,other_useful_information,0.55904955,0.55904955,True,medium,3,medium,3,True,0,0,False,False,False
592344371762106368,RT @narendramodi: Received a call from Pujya Morari Bapu. He has donated Rs. 51 lakh for relief work in Nepal. My deepest gratitude to him.,RT USER : Received a call from Pujya Morari Bapu. He has donated Rs. 51 lakh for relief work in Nepal. My deepest gratitude to him.,donation_needs_or_offers_or_volunteering_services,medium,3,donation_needs_or_offers_or_volunteering_services,donation_needs_or_offers_or_volunteering_services,0.7534814,0.7534814,True,medium,3,medium,3,True,0,0,False,False,False
592326110379126787,"RT @LiberalsOfDelhi: 20,000 RSS workers are helping out in Nepal? Bigger question is, how will Khakhi chaddis survive in Himalayan cold?   …","RT USER : 20,000 RSS workers are helping out in Nepal? Bigger question is, how will Khakhi chaddis survive in Himalayan cold? …",other_useful_information,medium,3,other_useful_information,donation_needs_or_offers_or_volunteering_services,0.791198,0.072699316,False,medium,3,medium,3,True,0,0,False,False,False
600315569498259456,RT @zhoumi_419: UNICEF is taking action to help children+families affected by the devastating #NepalEarthquake. To help http://t.co/VzsbUrl…,RT USER : UNICEF is taking action to help children+families affected by the devastating NepalEarthquake. To help URL,donation_needs_or_offers_or_volunteering_services,medium,3,donation_needs_or_offers_or_volunteering_services,donation_needs_or_offers_or_volunteering_services,0.8634653,0.8634653,True,medium,3,medium,3,True,0,0,False,False,False
593688748820471808,"Nepal quake: NGO report had warned of damage, cited population growth http://t.co/fqRHO4X1Ii via @htTweets #Nepal #NGO","Nepal quake: NGO report had warned of damage, cited population growth URL via USER Nepal NGO",infrastructure_and_utilities_damage,medium_high,2,infrastructure_and_utilities_damage,infrastructure_and_utilities_damage,0.79357344,0.79357344,True,medium_high,2,medium_high,2,True,0,0,False,False,False
592806853987463170,RT @johnspatricc: » http://t.co/2bOut6UStL Nepal Earthquake Death Toll Tops 3700 #Nepalearthquake 405 http://t.co/oODcrhhuQs,RT USER : » URL Nepal Earthquake Death Toll Tops 3700 Nepalearthquake 405 URL,injured_or_dead_people,high,1,injured_or_dead_people,injured_or_dead_people,0.9613924,0.9613924,True,high,1,high,1,True,0,0,False,False,False
593811048601366528,Great news! RT @KGMIRadio: Whatcom trekkers in Nepal reported safe https://t.co/Dp9GrmheoH,Great news! RT USER : Whatcom trekkers in Nepal reported safe URL,other_useful_information,medium,3,other_useful_information,other_useful_information,0.4465077,0.4465077,True,medium,3,medium,3,True,0,0,False,False,False
593070854377906177,"RT @cctvnews: #BreakingNews: Nepal quake death toll reaches 1,130: Police spokesman . http://t.co/4zwejC6act","RT USER : BreakingNews: Nepal quake death toll reaches 1,130: Police spokesman . URL",injured_or_dead_people,high,1,injured_or_dead_people,injured_or_dead_people,0.9630696,0.9630696,True,high,1,high,1,True,0,0,False,False,False
592663891911516160,"Caritas Nepal: Situation 3 days after quake ""pretty bad"" as death toll rises http://t.co/E8TIxpRCYO","Caritas Nepal: Situation 3 days after quake ""pretty bad"" as death toll rises URL",injured_or_dead_people,high,1,injured_or_dead_people,injured_or_dead_people,0.96025115,0.96025115,True,high,1,high,1,True,0,0,False,False,False
593460334532374528,"RT @SamajwadiFriend: MT ""@UPGovt buses carrying essential to Kathmandu;facilities extended to facilitate the arrival at UP border"" #ThankYo…","RT USER : MT "" USER buses carrying essential to Kathmandu;facilities extended to facilitate the arrival at UP border"" ThankYo…",not_related_or_irrelevant,low,4,not_related_or_irrelevant,displaced_people_and_evacuations,0.29280367,0.037382416,False,low,4,medium_high,2,False,-2,2,False,True,True
591960470283771904,"#NepalEarthquake greatest earthquake in the region in Oct 2005 that 70,000 people in India and Pakistan read report http://t.co/ZCATUbbAUM","NepalEarthquake greatest earthquake in the region in Oct 2005 that 70,000 people in India and Pakistan read report URL",other_useful_information,medium,3,other_useful_information,injured_or_dead_people,0.40115193,0.25014657,False,medium,3,high,1,False,-2,2,False,True,True
593097742978789376,RT @LokmanKarki: Bhupalman Singh Karki Academy has contributed Rs 1 Million aid to relief the suffering of the victims. #PrayforNepal http:…,RT USER : Bhupalman Singh Karki Academy has contributed Rs 1 Million aid to relief the suffering of the victims. PrayforNepal URL,donation_needs_or_offers_or_volunteering_services,medium,3,donation_needs_or_offers_or_volunteering_services,donation_needs_or_offers_or_volunteering_services,0.86649185,0.86649185,True,medium,3,medium,3,True,0,0,False,False,False
592226630480834560,"Aftershocks would be felt in #Dhaka too, today and the next few days...#NepalEarthquake","Aftershocks would be felt in Dhaka too, today and the next few days...NepalEarthquake",other_useful_information,medium,3,other_useful_information,other_useful_information,0.6029968,0.6029968,True,medium,3,medium,3,True,0,0,False,False,False
591973543249899521,RT @worksonmypc: Still getting details on the #NepalEarthquake about the location and safety of my team.,RT USER : Still getting details on the NepalEarthquake about the location and safety of my team.,other_useful_information,medium,3,other_useful_information,missing_trapped_or_found_people,0.7310837,0.05796075,False,medium,3,high,1,False,-2,2,False,True,True
592312447643602945,RT @TimesNow: IAF's IL-76 aircraft en-route to Kathmandu: MoD on Nepal earthquake relief operations http://t.co/3ULnNQrde4,RT USER : IAF's IL-76 aircraft en-route to Kathmandu: MoD on Nepal earthquake relief operations URL,donation_needs_or_offers_or_volunteering_services,medium,3,donation_needs_or_offers_or_volunteering_services,donation_needs_or_offers_or_volunteering_services,0.6383824,0.6383824,True,medium,3,medium,3,True,0,0,False,False,False
592832197905805312,I'm raising money for nepal earth quake relief fund. Click to Donate: http://t.co/cxEzhhTnGF via @gofundme,I'm raising money for nepal earth quake relief fund. Click to Donate: URL via USER,donation_needs_or_offers_or_volunteering_services,medium,3,donation_needs_or_offers_or_volunteering_services,donation_needs_or_offers_or_volunteering_services,0.8886078,0.8886078,True,medium,3,medium,3,True,0,0,False,False,False
592334786091307009,"Empirical law based on past earthquake sequences would predict largest aftershock of Nepal quake to be M6.7, magnitude of today's event.","Empirical law based on past earthquake sequences would predict largest aftershock of Nepal quake to be M6.7, magnitude of today's event.",other_useful_information,medium,3,other_useful_information,other_useful_information,0.7169119,0.7169119,True,medium,3,medium,3,True,0,0,False,False,False
593832938799673344,RT @ShraddhaKapoor: So proud of my friend @RohanShrestha for actually going to Nepal and actively helping there!Lets do our bit - VISIT htt…,RT USER : So proud of my friend USER for actually going to Nepal and actively helping there!Lets do our bit - VISIT htt…,sympathy_and_emotional_support,low,4,sympathy_and_emotional_support,donation_needs_or_offers_or_volunteering_services,0.7590003,0.09203311,False,low,4,medium,3,False,-1,1,False,True,False
593115848136630273,RT @carolineheldman: Stef and Sophie Steffens have been found at #Bamboo Village! #LostTrekkersFound #Langtang #NepalEarthquake,RT USER : Stef and Sophie Steffens have been found at Bamboo Village! LostTrekkersFound Langtang NepalEarthquake,missing_trapped_or_found_people,high,1,missing_trapped_or_found_people,missing_trapped_or_found_people,0.9111245,0.9111245,True,high,1,high,1,True,0,0,False,False,False
592329141199876097,"RT @Thekkapoor: T945-Pls share n spread the contact numbers for Nepal,helplines . #earthquake @SrBachchan @iamsrk @KapilSharmaK9 #RT http:/…","RT USER : T945-Pls share n spread the contact numbers for Nepal,helplines . earthquake USER USER USER RT URL",donation_needs_or_offers_or_volunteering_services,medium,3,donation_needs_or_offers_or_volunteering_services,donation_needs_or_offers_or_volunteering_services,0.5877535,0.5877535,True,medium,3,medium,3,True,0,0,False,False,False
592620264330010624,"@ibnlive Why can't China - a stinking rich country + Nepal's neighbour - send money, aid etc. What about the Red Amry helping out eh?","USER Why can't China - a stinking rich country + Nepal's neighbour - send money, aid etc. What about the Red Amry helping out eh?",donation_needs_or_offers_or_volunteering_services,medium,3,donation_needs_or_offers_or_volunteering_services,donation_needs_or_offers_or_volunteering_services,0.7384149,0.7384149,True,medium,3,medium,3,True,0,0,False,False,False
592162156025610240,Thoughts and prayers going out to residents of Kathmandu and those affected by the quake in Nepal today.,Thoughts and prayers going out to residents of Kathmandu and those affected by the quake in Nepal today.,sympathy_and_emotional_support,low,4,sympathy_and_emotional_support,sympathy_and_emotional_support,0.950073,0.950073,True,low,4,low,4,True,0,0,False,False,False
592673231385055233,"""The Nepal Government will take serious legal action against the black market people and people spreading rumors"" #NapalEarthquake","""The Nepal Government will take serious legal action against the black market people and people spreading rumors"" NapalEarthquake",other_useful_information,medium,3,other_useful_information,not_related_or_irrelevant,0.54061455,0.27452618,False,medium,3,low,4,False,1,1,True,False,False
592342011992236032,"RT @LanasTwittah: What's going on with the world?! Chile, Nepal... Ὁ4Ὁ4Ὁ4","RT USER : What's going on with the world?! Chile, Nepal... Ὁ4Ὁ4Ὁ4",not_related_or_irrelevant,low,4,not_related_or_irrelevant,other_useful_information,0.47871232,0.36196604,False,low,4,medium,3,False,-1,1,False,True,False
592589121878630400,The first C103J Hercules lifter laden with relief team lands in Nepal B4 PM Modi tweets about the disaster.SaluteTheForces #ThankYouPM,The first C103J Hercules lifter laden with relief team lands in Nepal B4 PM Modi tweets about the disaster.SaluteTheForces ThankYouPM,donation_needs_or_offers_or_volunteering_services,medium,3,donation_needs_or_offers_or_volunteering_services,donation_needs_or_offers_or_volunteering_services,0.7320788,0.7320788,True,medium,3,medium,3,True,0,0,False,False,False
592343136921227264,"Frantic search for Nepal quake survivors as toll tops 2,000 http://t.co/mHfGP8UFSb","Frantic search for Nepal quake survivors as toll tops 2,000 URL",missing_trapped_or_found_people,high,1,missing_trapped_or_found_people,missing_trapped_or_found_people,0.8880841,0.8880841,True,high,1,high,1,True,0,0,False,False,False
592691422144417792,Nepal earthquake: Amanda Holden's sister escapes Everest avalanche http://t.co/GvAc9rLxJJ,Nepal earthquake: Amanda Holden's sister escapes Everest avalanche URL,displaced_people_and_evacuations,medium_high,2,displaced_people_and_evacuations,missing_trapped_or_found_people,0.88243854,0.044240072,False,medium_high,2,high,1,False,-1,1,False,True,False
593501343035207682,Another smart way to use the Internet to find missing people. http://t.co/EQEm5vlEZX,Another smart way to use the Internet to find missing people. URL,not_related_or_irrelevant,low,4,not_related_or_irrelevant,missing_trapped_or_found_people,0.9195256,0.0054550692,False,low,4,high,1,False,-3,3,False,True,True
592701098055598082,RT @iSupportNamo: Amritsar's Golden Temple to send One Lakh food packets per day to Nepal WITHOUT soul harvesting http://t.co/hMSe1nau8n,RT USER : Amritsar's Golden Temple to send One Lakh food packets per day to Nepal WITHOUT soul harvesting URL,donation_needs_or_offers_or_volunteering_services,medium,3,donation_needs_or_offers_or_volunteering_services,donation_needs_or_offers_or_volunteering_services,0.81690675,0.81690675,True,medium,3,medium,3,True,0,0,False,False,False
592327306909069312,Very sad RIP those souls missing in Nepal  https://t.co/IHqFzwimXr,Very sad RIP those souls missing in Nepal URL,sympathy_and_emotional_support,low,4,sympathy_and_emotional_support,missing_trapped_or_found_people,0.9094793,0.0110863,False,low,4,high,1,False,-3,3,False,True,True
592184148975980544,I hope all of my Nepalese friends and families are safe and sound as well as the others. ὤF #NepalQuake,I hope all of my Nepalese friends and families are safe and sound as well as the others. ὤF NepalQuake,sympathy_and_emotional_support,low,4,sympathy_and_emotional_support,sympathy_and_emotional_support,0.9086078,0.9086078,True,low,4,low,4,True,0,0,False,False,False
592657983911366657,"RT @WoodLeonie: Arthur! It's not about buildings! Nepal needs water reticulation, sanitation, food #qanda","RT USER : Arthur! It's not about buildings! Nepal needs water reticulation, sanitation, food qanda",other_useful_information,medium,3,other_useful_information,other_useful_information,0.414275,0.414275,True,medium,3,medium,3,True,0,0,False,False,False
592310653651562496,"RT @yogrishiramdev: My heartfelt condolences to the families, who have lost their dear and near ones in the earthquake today in India and N…","RT USER : My heartfelt condolences to the families, who have lost their dear and near ones in the earthquake today in India and N…",sympathy_and_emotional_support,low,4,sympathy_and_emotional_support,sympathy_and_emotional_support,0.95045185,0.95045185,True,low,4,low,4,True,0,0,False,False,False
593057730371440640,"#Nepal #NepalEarthquake  Canadian girlfriend is looking for boyfriend Shankar Kafle, 21, male, 5'7"", he is slim... http://t.co/abETYlv365","Nepal NepalEarthquake Canadian girlfriend is looking for boyfriend Shankar Kafle, 21, male, 5'7"", he is slim... URL",missing_trapped_or_found_people,high,1,missing_trapped_or_found_people,missing_trapped_or_found_people,0.67968005,0.67968005,True,high,1,high,1,True,0,0,False,False,False
592153214650359808,"#NepalEarthquake     Father God, we pray for those whose lives were lost in Nepal.","NepalEarthquake Father God, we pray for those whose lives were lost in Nepal.",sympathy_and_emotional_support,low,4,sympathy_and_emotional_support,sympathy_and_emotional_support,0.95554584,0.95554584,True,low,4,low,4,True,0,0,False,False,False
592170440459743232,RT @CanVOSTactual: #NepalEarthquake in case you need it : another tool to find ppl. ^GM  #smem  https://t.co/jEhdISu1co,RT USER : NepalEarthquake in case you need it : another tool to find ppl. ^GM smem URL,other_useful_information,medium,3,other_useful_information,missing_trapped_or_found_people,0.3190479,0.30001393,False,medium,3,high,1,False,-2,2,False,True,True
593160485689778177,Earth Quake in Nepal. What can we do? #NepalEarthquake #NepalQuake Please RT #EarthQuake http://t.co/Fq8E71LdnR,Earth Quake in Nepal. What can we do? NepalEarthquake NepalQuake Please RT EarthQuake URL,other_useful_information,medium,3,other_useful_information,other_useful_information,0.74493784,0.74493784,True,medium,3,medium,3,True,0,0,False,False,False
591975655312478208,RT @EconomicTimes: #NepalQuake: Indian relief aircraft leaves for Nepal from Hindon Airbase (ANI) http://t.co/NW0sZHhbcb,RT USER : NepalQuake: Indian relief aircraft leaves for Nepal from Hindon Airbase (ANI) URL,donation_needs_or_offers_or_volunteering_services,medium,3,donation_needs_or_offers_or_volunteering_services,donation_needs_or_offers_or_volunteering_services,0.670116,0.670116,True,medium,3,medium,3,True,0,0,False,False,False
592891741746921472,RT @CMMadhyaPradesh: On CM @ChouhanShivraj directives Team to leave today to assist back state’s people from quake-hit Nepal. New Delhi bas…,RT USER : On CM USER directives Team to leave today to assist back state’s people from quake-hit Nepal. New Delhi bas…,donation_needs_or_offers_or_volunteering_services,medium,3,donation_needs_or_offers_or_volunteering_services,displaced_people_and_evacuations,0.53942835,0.24981682,False,medium,3,medium_high,2,False,-1,1,False,True,False
593082426298994689,RT @palangmerah: PMI together with foreign ministry will evacuate Indonesian citizen in Nepal #NepalEarthquake,RT USER : PMI together with foreign ministry will evacuate Indonesian citizen in Nepal NepalEarthquake,displaced_people_and_evacuations,medium_high,2,displaced_people_and_evacuations,displaced_people_and_evacuations,0.8207734,0.8207734,True,medium_high,2,medium_high,2,True,0,0,False,False,False
592343637272367104,RT @jannathulrahmat: THERE ARE LOTS OF PEOPLE DIES IN #earthquake! LET'S PRAY FOR THEM @Siva_Kartikeyan ANNA PLS DO RT IT ὤF  #PrayForNepal …,RT USER : THERE ARE LOTS OF PEOPLE DIES IN earthquake! LET'S PRAY FOR THEM USER ANNA PLS DO RT IT ὤF PrayForNepal …,sympathy_and_emotional_support,low,4,sympathy_and_emotional_support,sympathy_and_emotional_support,0.9465567,0.9465567,True,low,4,low,4,True,0,0,False,False,False
593042251401461760,I'm relief to know that my friend is alright after earthquake struck Nepal few days ago. Phew.,I'm relief to know that my friend is alright after earthquake struck Nepal few days ago. Phew.,sympathy_and_emotional_support,low,4,sympathy_and_emotional_support,sympathy_and_emotional_support,0.73860514,0.73860514,True,low,4,low,4,True,0,0,False,False,False
593188232889761792,"RT @Hadithoftheday: Do your bit for the victims of the devastating earthquake in Nepal, donate via Human Appeal who're on the scene now: ht…","RT USER : Do your bit for the victims of the devastating earthquake in Nepal, donate via Human Appeal who're on the scene now: ht…",donation_needs_or_offers_or_volunteering_services,medium,3,donation_needs_or_offers_or_volunteering_services,donation_needs_or_offers_or_volunteering_services,0.8879227,0.8879227,True,medium,3,medium,3,True,0,0,False,False,False
592735113785581568,RT @_wickedlygood: Just gave out a huge pile of clothes for #NepalEarthquake Please #Donate whatever you can,RT USER : Just gave out a huge pile of clothes for NepalEarthquake Please Donate whatever you can,donation_needs_or_offers_or_volunteering_services,medium,3,donation_needs_or_offers_or_volunteering_services,donation_needs_or_offers_or_volunteering_services,0.8807105,0.8807105,True,medium,3,medium,3,True,0,0,False,False,False
592344855935758338,RT @ShivAroor: ὄDἿDὄDἿD Reports of RSS teams heading by road to Nepal to join rescue &amp; relief. Teams reportedly reaching later tonight &amp; tomorr…,RT USER : ὄDἿDὄDἿD Reports of RSS teams heading by road to Nepal to join rescue &amp; relief. Teams reportedly reaching later tonight &amp; tomorr…,donation_needs_or_offers_or_volunteering_services,medium,3,donation_needs_or_offers_or_volunteering_services,donation_needs_or_offers_or_volunteering_services,0.6999859,0.6999859,True,medium,3,medium,3,True,0,0,False,False,False
593515635608457217,"President Obama calls Nepal's prime minister, offers help with #earthquake recovery http://t.co/SIm6mHZ3yt","President Obama calls Nepal's prime minister, offers help with earthquake recovery URL",donation_needs_or_offers_or_volunteering_services,medium,3,donation_needs_or_offers_or_volunteering_services,donation_needs_or_offers_or_volunteering_services,0.82270306,0.82270306,True,medium,3,medium,3,True,0,0,False,False,False
593359308944879616,"RT @KoreanUpdates: #ParkShinHye (ambassador of ""Food For The Hungry"") donates 40 million won for Nepal earthquake relief #KoreanUpdates htt…","RT USER : ParkShinHye (ambassador of ""Food For The Hungry"") donates 40 million won for Nepal earthquake relief KoreanUpdates htt…",donation_needs_or_offers_or_volunteering_services,medium,3,donation_needs_or_offers_or_volunteering_services,donation_needs_or_offers_or_volunteering_services,0.8929703,0.8929703,True,medium,3,medium,3,True,0,0,False,False,False
592343665844051968,RT @RedCrossAU: Watch on @CNN - #RedCross discusses rescue efforts in Nepal: http://t.co/zspG1IEsqi #nepalearthquake @ICRC @Federation @nep…,RT USER : Watch on USER - RedCross discusses rescue efforts in Nepal: URL nepalearthquake USER USER USER …,other_useful_information,medium,3,other_useful_information,donation_needs_or_offers_or_volunteering_services,0.8110496,0.08352921,False,medium,3,medium,3,True,0,0,False,False,False
592309003260022785,RT @paulocoelho: Updates on Nepal Earthquake |&gt; @PCoelho_Nepal,RT USER : Updates on Nepal Earthquake |&gt; USER,other_useful_information,medium,3,other_useful_information,other_useful_information,0.771851,0.771851,True,medium,3,medium,3,True,0,0,False,False,False
592344308486836224,RT @namgayzam: #Bhutan 's small but not small enough to not be able to help our neighbour. His Majesty sends 52 member team with medical st…,RT USER : Bhutan 's small but not small enough to not be able to help our neighbour. His Majesty sends 52 member team with medical st…,donation_needs_or_offers_or_volunteering_services,medium,3,donation_needs_or_offers_or_volunteering_services,donation_needs_or_offers_or_volunteering_services,0.8065473,0.8065473,True,medium,3,medium,3,True,0,0,False,False,False
593422674040397824,RT @UNDP: .@UNDPNepal Emergency Centers have been providing vital info for #NepalQuake relief efforts: http://t.co/5xNYwkeUwP http://t.co/Q…,RT USER : . USER Emergency Centers have been providing vital info for NepalQuake relief efforts: URL URL,other_useful_information,medium,3,other_useful_information,donation_needs_or_offers_or_volunteering_services,0.82348055,0.071604304,False,medium,3,medium,3,True,0,0,False,False,False
592342994562490368,How to Help the Relief Effort in Nepal http://t.co/Ulb5nXAB3s via @nytimesworld,How to Help the Relief Effort in Nepal URL via USER,donation_needs_or_offers_or_volunteering_services,medium,3,donation_needs_or_offers_or_volunteering_services,donation_needs_or_offers_or_volunteering_services,0.86947197,0.86947197,True,medium,3,medium,3,True,0,0,False,False,False
592631425242763265,Day 4-14 foll a disaster like #NepalEarthquake are crucial for medical teams to provide live-saving trauma care to those w/ injuries @WHO,Day 4-14 foll a disaster like NepalEarthquake are crucial for medical teams to provide live-saving trauma care to those w/ injuries USER,other_useful_information,medium,3,other_useful_information,donation_needs_or_offers_or_volunteering_services,0.6949644,0.13817105,False,medium,3,medium,3,True,0,0,False,False,False
591919579556786176,RT @mascud_r: Let's pray for minimum life loss in  #NepalEarthquake .,RT USER : Let's pray for minimum life loss in NepalEarthquake .,sympathy_and_emotional_support,low,4,sympathy_and_emotional_support,sympathy_and_emotional_support,0.94854903,0.94854903,True,low,4,low,4,True,0,0,False,False,False
592272935815127041,Photoset: brophanbuscus: A 7.9 magnitude earthquake has hit Nepal. It’s sad to see that it’s not all over... http://t.co/wMjk4L1l8W,Photoset: brophanbuscus: A 7.9 magnitude earthquake has hit Nepal. It’s sad to see that it’s not all over... URL,sympathy_and_emotional_support,low,4,sympathy_and_emotional_support,other_useful_information,0.638635,0.101497635,False,low,4,medium,3,False,-1,1,False,True,False
592333525103288320,"RT @BreakingNews: More than 100 people killed in powerful Nepal earthquake, say government officials and police - @BBCNews http://t.co/1FiK…","RT USER : More than 100 people killed in powerful Nepal earthquake, say government officials and police - USER URL",injured_or_dead_people,high,1,injured_or_dead_people,injured_or_dead_people,0.96320444,0.96320444,True,high,1,high,1,True,0,0,False,False,False
592344660972085248,RT @MarianCataln: Many Himalayan Villages are like this. #nepal #earthquake #HELPNEPAL http://t.co/rARiOSEgHr,RT USER : Many Himalayan Villages are like this. nepal earthquake HELPNEPAL URL,not_related_or_irrelevant,low,4,not_related_or_irrelevant,other_useful_information,0.5682951,0.022666357,False,low,4,medium,3,False,-1,1,False,True,False
593830739436818432,"RT @WajSKhan: Meet ""Lahore"", the first baby born in Pak Army's Bhaktapur Field Hospital #Solidarity http://t.co/n1ui7rQ0Df","RT USER : Meet ""Lahore"", the first baby born in Pak Army's Bhaktapur Field Hospital Solidarity URL",not_related_or_irrelevant,low,4,not_related_or_irrelevant,displaced_people_and_evacuations,0.22978418,0.15646596,False,low,4,medium_high,2,False,-2,2,False,True,True
593296832060489729,#NEPALQUAKERELIEF: UBERAID IS ARRIVING NOW https://t.co/ZfkHKpg1Jf,NEPALQUAKERELIEF: UBERAID IS ARRIVING NOW URL,displaced_people_and_evacuations,medium_high,2,displaced_people_and_evacuations,other_useful_information,0.35210705,0.044271015,False,medium_high,2,medium,3,False,1,1,True,False,False
592879828547858434,Thank God that my dearest friend's family and friends in Nepal are safe and doing good.  Let's Pray… https://t.co/YqRABF5pj2,Thank God that my dearest friend's family and friends in Nepal are safe and doing good. Let's Pray… URL,sympathy_and_emotional_support,low,4,sympathy_and_emotional_support,sympathy_and_emotional_support,0.9500464,0.9500464,True,low,4,low,4,True,0,0,False,False,False
592322615710089216,"RT @jejejejo: 7,9 SR earthquake and more than 1000 people died. Oh God #PrayForNepal #PrayForNepal #PrayforNepal","RT USER : 7,9 SR earthquake and more than 1000 people died. Oh God PrayForNepal PrayForNepal PrayforNepal",injured_or_dead_people,high,1,injured_or_dead_people,injured_or_dead_people,0.9549617,0.9549617,True,high,1,high,1,True,0,0,False,False,False
593188602860941312,"RT @ScotGovFM: FM @NicolaSturgeon announces £250,000 @scotgov donation for the @decappeal #NepalQuake http://t.co/b2PJwdVtLf","RT USER : FM USER announces £250,000 USER donation for the USER NepalQuake URL",donation_needs_or_offers_or_volunteering_services,medium,3,donation_needs_or_offers_or_volunteering_services,donation_needs_or_offers_or_volunteering_services,0.8868756,0.8868756,True,medium,3,medium,3,True,0,0,False,False,False
592375750193389568,RT @timesofindia: India rushes 13 military aircraft with aid to Nepal  http://t.co/P21axKOMOI,RT USER : India rushes 13 military aircraft with aid to Nepal URL,other_useful_information,medium,3,other_useful_information,donation_needs_or_offers_or_volunteering_services,0.86485106,0.04364091,False,medium,3,medium,3,True,0,0,False,False,False
600504152712564736,"RT @Harry_Styles: To help those affected by the devastating earthquake in Nepal, text: DONATE5 to 70008 and give £5. Thank you @savechildre…","RT USER : To help those affected by the devastating earthquake in Nepal, text: DONATE5 to 70008 and give £5. Thank you USER …",donation_needs_or_offers_or_volunteering_services,medium,3,donation_needs_or_offers_or_volunteering_services,donation_needs_or_offers_or_volunteering_services,0.88131785,0.88131785,True,medium,3,medium,3,True,0,0,False,False,False
592343937479643136,RT @unicefphils: #NepalEarthquake Help save lives of children affected by the #NepalQuake. DONATE NOW: https://t.co/8JQ8GjLvRb http://t.co/…,RT USER : NepalEarthquake Help save lives of children affected by the NepalQuake. DONATE NOW: URL URL,donation_needs_or_offers_or_volunteering_services,medium,3,donation_needs_or_offers_or_volunteering_services,donation_needs_or_offers_or_volunteering_services,0.8656053,0.8656053,True,medium,3,medium,3,True,0,0,False,False,False
592909332750143493,Four Hongkongers missing after Nepal earthquake found safe and well - South China Morning Post (subscription) http://t.co/dFhobdq2Er #hon…,Four Hongkongers missing after Nepal earthquake found safe and well - South China Morning Post (subscription) URL hon…,missing_trapped_or_found_people,high,1,missing_trapped_or_found_people,missing_trapped_or_found_people,0.9287954,0.9287954,True,high,1,high,1,True,0,0,False,False,False
592700771273187328,"RT @ndtv: After Nepal earthquake, a pile of bodies and a lost world http://t.co/JMaU2SYycP http://t.co/T40SpgH7B7","RT USER : After Nepal earthquake, a pile of bodies and a lost world URL URL",injured_or_dead_people,high,1,injured_or_dead_people,injured_or_dead_people,0.6428223,0.6428223,True,high,1,high,1,True,0,0,False,False,False
591930922426994689,@timesofindia  Really pathetic. Still we dont know how much the toll will rise. #NepalEarthquake.,USER Really pathetic. Still we dont know how much the toll will rise. NepalEarthquake.,injured_or_dead_people,high,1,injured_or_dead_people,other_useful_information,0.3165226,0.23719099,False,high,1,medium,3,False,2,2,True,False,True
592912027527569408,"RT @DParashar82: Our brave forces are tirelessly working to save lifes &amp; help people in Nepal. #Salute2IndianForces""","RT USER : Our brave forces are tirelessly working to save lifes &amp; help people in Nepal. Salute2IndianForces""",donation_needs_or_offers_or_volunteering_services,medium,3,donation_needs_or_offers_or_volunteering_services,donation_needs_or_offers_or_volunteering_services,0.6843541,0.6843541,True,medium,3,medium,3,True,0,0,False,False,False
593159037396656130,".@climberjim said ""my day in Everest base camp feels like a month.""  #everest #nepal http://t.co/XkRlTan78p",". USER said ""my day in Everest base camp feels like a month."" everest nepal URL",other_useful_information,medium,3,other_useful_information,other_useful_information,0.5509964,0.5509964,True,medium,3,medium,3,True,0,0,False,False,False
593156327259639809,Grassroots Help for Nepal Earthquake Survivors: http://t.co/rDZvx3KsWm,Grassroots Help for Nepal Earthquake Survivors: URL,donation_needs_or_offers_or_volunteering_services,medium,3,donation_needs_or_offers_or_volunteering_services,donation_needs_or_offers_or_volunteering_services,0.8456995,0.8456995,True,medium,3,medium,3,True,0,0,False,False,False
593776071436271616,"RT @pcgamer: Ubisoft's Far Cry dev team will donate up to $100,000 to support relief efforts in Nepal. http://t.co/r62uwsTde3 http://t.co/j…","RT USER : Ubisoft's Far Cry dev team will donate up to $100,000 to support relief efforts in Nepal. URL URL",donation_needs_or_offers_or_volunteering_services,medium,3,donation_needs_or_offers_or_volunteering_services,donation_needs_or_offers_or_volunteering_services,0.892769,0.892769,True,medium,3,medium,3,True,0,0,False,False,False
591988823069888512,RT @MissionBJP4UP: Friends don't donate fund anywhere else except http://t.co/2MXvnr5cNZ as NGO's are using fund for anti national activiti…,RT USER : Friends don't donate fund anywhere else except URL as NGO's are using fund for anti national activiti…,donation_needs_or_offers_or_volunteering_services,medium,3,donation_needs_or_offers_or_volunteering_services,donation_needs_or_offers_or_volunteering_services,0.8541287,0.8541287,True,medium,3,medium,3,True,0,0,False,False,False
592204506013700096,"State helplines for Nepal Earthquake WB:1070, Gujarat: 079 23251900/ 079 23251902/ 14, Maharashtra: 011- 23380326, 022-22027990","State helplines for Nepal Earthquake WB:1070, Gujarat: 079 23251900/ 079 23251902/ 14, Maharashtra: 011- 23380326, 022-22027990",caution_and_advice,medium_high,2,caution_and_advice,donation_needs_or_offers_or_volunteering_services,0.49541935,0.0406903,False,medium_high,2,medium,3,False,1,1,True,False,False
593656131223846914,Phil's mission to help Nepal quake victims http://t.co/WuBZdZygrM,Phil's mission to help Nepal quake victims URL,donation_needs_or_offers_or_volunteering_services,medium,3,donation_needs_or_offers_or_volunteering_services,donation_needs_or_offers_or_volunteering_services,0.86231136,0.86231136,True,medium,3,medium,3,True,0,0,False,False,False
591986639817216000,RT @RanOutOfCharact: Blessings up to those in Nepal right now. This is a straight up disaster.,RT USER : Blessings up to those in Nepal right now. This is a straight up disaster.,sympathy_and_emotional_support,low,4,sympathy_and_emotional_support,sympathy_and_emotional_support,0.9405131,0.9405131,True,low,4,low,4,True,0,0,False,False,False
592763915353858048,"Scott, if u love travel and adventure my novel will take u to Thailand Nepal &amp; India @ … http://t.co/B39lr6uKoi","Scott, if u love travel and adventure my novel will take u to Thailand Nepal &amp; India @ … URL",not_related_or_irrelevant,low,4,not_related_or_irrelevant,not_related_or_irrelevant,0.33919585,0.33919585,True,low,4,low,4,True,0,0,False,False,False
592250013285224448,RT @SEHUPORN: Lets keep our thoughts and prayers to our fellow human beings who are in Nepal. They need all the support they can get at a t…,RT USER : Lets keep our thoughts and prayers to our fellow human beings who are in Nepal. They need all the support they can get at a t…,sympathy_and_emotional_support,low,4,sympathy_and_emotional_support,sympathy_and_emotional_support,0.95243734,0.95243734,True,low,4,low,4,True,0,0,False,False,False
592342908335820800,"RT @washingtonpost: Death toll from Nepal quake exceeds 2,100 http://t.co/NsQi0f9CSe","RT USER : Death toll from Nepal quake exceeds 2,100 URL",injured_or_dead_people,high,1,injured_or_dead_people,injured_or_dead_people,0.96233714,0.96233714,True,high,1,high,1,True,0,0,False,False,False
592894785955966976,"RT @umarket: If you want to truly help Nepal, don’t rush there now. Solid post in @guardian about how best to support Nepal now:  http://t.…","RT USER : If you want to truly help Nepal, don’t rush there now. Solid post in USER about how best to support Nepal now: URL",donation_needs_or_offers_or_volunteering_services,medium,3,donation_needs_or_offers_or_volunteering_services,donation_needs_or_offers_or_volunteering_services,0.7924632,0.7924632,True,medium,3,medium,3,True,0,0,False,False,False
592208474764902400,My heart is tender 2day 4 the beautiful Nepal &amp; all the people who lost loved ones &amp; are still trapped #PrayForNepal https://t.co/XaG3uzy1MK,My heart is tender 2day 4 the beautiful Nepal &amp; all the people who lost loved ones &amp; are still trapped PrayForNepal URL,sympathy_and_emotional_support,low,4,sympathy_and_emotional_support,sympathy_and_emotional_support,0.94925135,0.94925135,True,low,4,low,4,True,0,0,False,False,False
593640712068968448,RT @Aga_Atul: It's said that Modi has sent 200 Modi-fied media men to Nepal to propagate in his favour. What Nepali media says : http://t.c…,RT USER : It's said that Modi has sent 200 Modi-fied media men to Nepal to propagate in his favour. What Nepali media says : URL,other_useful_information,medium,3,other_useful_information,not_related_or_irrelevant,0.33460915,0.27563506,False,medium,3,low,4,False,1,1,True,False,False
593465791783313409,"RT @ShelterBox: We now have two @ShelterBox response teams in #Nepal following Saturday's earthquake, with more teams due to arrive later t…","RT USER : We now have two USER response teams in Nepal following Saturday's earthquake, with more teams due to arrive later t…",donation_needs_or_offers_or_volunteering_services,medium,3,donation_needs_or_offers_or_volunteering_services,donation_needs_or_offers_or_volunteering_services,0.52911264,0.52911264,True,medium,3,medium,3,True,0,0,False,False,False
593798614020968448,RT @drewunderhill: very lucky to be here. very lucky to be alive. please send nothing but prayers to the people of Nepal http://t.co/YgsDiz…,RT USER : very lucky to be here. very lucky to be alive. please send nothing but prayers to the people of Nepal URL,sympathy_and_emotional_support,low,4,sympathy_and_emotional_support,sympathy_and_emotional_support,0.9530354,0.9530354,True,low,4,low,4,True,0,0,False,False,False
592251563558752258,"#Nepal #NepalEarthquake #PrayForNepal  By @acornoverseas ""To all those who lost their lives may you… https://t.co/zrERhQJG0o","Nepal NepalEarthquake PrayForNepal By USER ""To all those who lost their lives may you… URL",sympathy_and_emotional_support,low,4,sympathy_and_emotional_support,sympathy_and_emotional_support,0.9562698,0.9562698,True,low,4,low,4,True,0,0,False,False,False
593463530441048065,RT @jetairways: #TravelUpdate: Our flight 9W 261 Kathmandu-Delhi has landed at Delhi. Our operations to Kathmandu will continue as per sche…,RT USER : TravelUpdate: Our flight 9W 261 Kathmandu-Delhi has landed at Delhi. Our operations to Kathmandu will continue as per sche…,other_useful_information,medium,3,other_useful_information,other_useful_information,0.5414088,0.5414088,True,medium,3,medium,3,True,0,0,False,False,False
597789995307413505,RT @raunakms: Tremors are decreasing ... #NepalQuake http://t.co/yDvaejcaYL,RT USER : Tremors are decreasing ... NepalQuake URL,other_useful_information,medium,3,other_useful_information,other_useful_information,0.6997972,0.6997972,True,medium,3,medium,3,True,0,0,False,False,False
592131684201431040,RT @USEmbassyNepal: RT USAID @theOFDA: We've activated a @ffxfirerescue urban search&amp;rescue team to deploy w/our DART to help in #NepalEart…,RT USER : RT USAID USER : We've activated a USER urban search&amp;rescue team to deploy w/our DART to help in NepalEart…,donation_needs_or_offers_or_volunteering_services,medium,3,donation_needs_or_offers_or_volunteering_services,donation_needs_or_offers_or_volunteering_services,0.84931296,0.84931296,True,medium,3,medium,3,True,0,0,False,False,False
592329784983556096,"RT @_Adi_Angel_: #Israel airforce left 2 #Nepal to save lives,search &amp;rescue &amp; set up a field hospital. #NepalQuakeRelief #NepalQuake http:…","RT USER : Israel airforce left 2 Nepal to save lives,search &amp;rescue &amp; set up a field hospital. NepalQuakeRelief NepalQuake URL",donation_needs_or_offers_or_volunteering_services,medium,3,donation_needs_or_offers_or_volunteering_services,donation_needs_or_offers_or_volunteering_services,0.7682556,0.7682556,True,medium,3,medium,3,True,0,0,False,False,False
592343385085607936,RT @MEAcontrolroom: #NepalEarthquake  Nepal Government Helpline 0097714200257,RT USER : NepalEarthquake Nepal Government Helpline 0097714200257,donation_needs_or_offers_or_volunteering_services,medium,3,donation_needs_or_offers_or_volunteering_services,donation_needs_or_offers_or_volunteering_services,0.70398444,0.70398444,True,medium,3,medium,3,True,0,0,False,False,False
592913734185652224,"RT @siobhanheanue: Australians who have commercial flights booked out of Nepal tomorrow or today should get on their planes, not wait for t…","RT USER : Australians who have commercial flights booked out of Nepal tomorrow or today should get on their planes, not wait for t…",displaced_people_and_evacuations,medium_high,2,displaced_people_and_evacuations,other_useful_information,0.3699745,0.15569668,False,medium_high,2,medium,3,False,1,1,True,False,False
592087968031969280,"RT @LiaqatAli2015: 5/48 recovered and still, 12 are missing. Furthermore, ISIS is killing people every day. Yesterday, I saw a photograph o…","RT USER : 5/48 recovered and still, 12 are missing. Furthermore, ISIS is killing people every day. Yesterday, I saw a photograph o…",missing_trapped_or_found_people,high,1,missing_trapped_or_found_people,missing_trapped_or_found_people,0.8882611,0.8882611,True,high,1,high,1,True,0,0,False,False,False
592332945320382464,This gang from UAE have been missing since the Quake. #PrayforNepal #QuakeNepal2015 http://t.co/UX2N39ZGhO,This gang from UAE have been missing since the Quake. PrayforNepal QuakeNepal2015 URL,missing_trapped_or_found_people,high,1,missing_trapped_or_found_people,missing_trapped_or_found_people,0.92592293,0.92592293,True,high,1,high,1,True,0,0,False,False,False
592308789925289984,"RT @ShujaRabbani: Top Google executive killed in Nepal quake, 100s of foreign tourists missing — RT News http://t.co/wHZYthGZI3 #Nepalquake…","RT USER : Top Google executive killed in Nepal quake, 100s of foreign tourists missing — RT News URL Nepalquake…",injured_or_dead_people,high,1,injured_or_dead_people,injured_or_dead_people,0.7569342,0.7569342,True,high,1,high,1,True,0,0,False,False,False
592139482150735872,RT @Oxfam: #NepalQuake For Oxfam comment @OxfamAustralia Laurelle Keough on 0425 701 801 @laurellek or @OxfamIndia Gunjan Jain on 0091 9811…,RT USER : NepalQuake For Oxfam comment USER Laurelle Keough on 0425 701 801 USER or USER Gunjan Jain on 0091 9811…,other_useful_information,medium,3,other_useful_information,not_related_or_irrelevant,0.44333947,0.24844407,False,medium,3,low,4,False,1,1,True,False,False
592305241837600768,RT @vCensored31: Bismillah. BREAKING NEWS - At least 217 missing in Mount Everest including many NATO-citizens. #NepalEarthquake,RT USER : Bismillah. BREAKING NEWS - At least 217 missing in Mount Everest including many NATO-citizens. NepalEarthquake,missing_trapped_or_found_people,high,1,missing_trapped_or_found_people,missing_trapped_or_found_people,0.8933257,0.8933257,True,high,1,high,1,True,0,0,False,False,False
593805268217044992,"RT @EconomicTimes: #NepalQuake: Let it be known that India is helping all, says Cabinet Secretary http://t.co/WdJp3eE1xV http://t.co/DLJfzM…","RT USER : NepalQuake: Let it be known that India is helping all, says Cabinet Secretary URL URL",other_useful_information,medium,3,other_useful_information,sympathy_and_emotional_support,0.49143565,0.11740226,False,medium,3,low,4,False,1,1,True,False,False
592374985689145344,RT @Sanjay_Vis: Mammoth relief operation on by India on second day in quake-hit #NepalEarthquake   #Proudonindianarmy  http://t.co/fZnApQ1i…,RT USER : Mammoth relief operation on by India on second day in quake-hit NepalEarthquake Proudonindianarmy URL,donation_needs_or_offers_or_volunteering_services,medium,3,donation_needs_or_offers_or_volunteering_services,donation_needs_or_offers_or_volunteering_services,0.8041903,0.8041903,True,medium,3,medium,3,True,0,0,False,False,False
593283759685832704,"Officials concede they made mistakes in initial response to Nepal quake that killed over 5,000: Anger and frus... http://t.co/B5llqk6mAk","Officials concede they made mistakes in initial response to Nepal quake that killed over 5,000: Anger and frus... URL",injured_or_dead_people,high,1,injured_or_dead_people,injured_or_dead_people,0.9572876,0.9572876,True,high,1,high,1,True,0,0,False,False,False
593101875710275584,"RT @yunartistic: #AHeartOfGold #YunaKim(@Yunaaaa) donated $100,000 thru @unicefkorea to help the Nepalese children affected by the #NepalEa…","RT USER : AHeartOfGold YunaKim( USER ) donated $100,000 thru USER to help the Nepalese children affected by the NepalEa…",donation_needs_or_offers_or_volunteering_services,medium,3,donation_needs_or_offers_or_volunteering_services,donation_needs_or_offers_or_volunteering_services,0.8881694,0.8881694,True,medium,3,medium,3,True,0,0,False,False,False
592344291483222016,How to help Nepal: 7 vetted charities doing relief work following the earthquake http://t.co/3q9YEbrWe7,How to help Nepal: 7 vetted charities doing relief work following the earthquake URL,donation_needs_or_offers_or_volunteering_services,medium,3,donation_needs_or_offers_or_volunteering_services,donation_needs_or_offers_or_volunteering_services,0.84646845,0.84646845,True,medium,3,medium,3,True,0,0,False,False,False
593727964786905088,RT @allsish: And.......another heart touching photo :'( :( :( :'( #NepalQuake #NepalEarthquake http://t.co/NhgRRHSgNZ,RT USER : And.......another heart touching photo :'( :( :( :'( NepalQuake NepalEarthquake URL,sympathy_and_emotional_support,low,4,sympathy_and_emotional_support,sympathy_and_emotional_support,0.74240434,0.74240434,True,low,4,low,4,True,0,0,False,False,False
591992433736601600,Send them some uranium. https://t.co/lRHuACDhsx,Send them some uranium. URL,not_related_or_irrelevant,low,4,not_related_or_irrelevant,not_related_or_irrelevant,0.39041507,0.39041507,True,low,4,low,4,True,0,0,False,False,False
591939212200423424,Hundreds dead as magnitude 7.8 earthquake hits Nepal: The death toll from a powerful earthquake that struck Ne... http://t.co/QNtq5Uffg3,Hundreds dead as magnitude 7.8 earthquake hits Nepal: The death toll from a powerful earthquake that struck Ne... URL,injured_or_dead_people,high,1,injured_or_dead_people,injured_or_dead_people,0.9630744,0.9630744,True,high,1,high,1,True,0,0,False,False,False
593317620113276929,We request each one of you to help Nepal earthquake survivors by donating generously. Your little support will... http://t.co/eFGrpV0VkY,We request each one of you to help Nepal earthquake survivors by donating generously. Your little support will... URL,donation_needs_or_offers_or_volunteering_services,medium,3,donation_needs_or_offers_or_volunteering_services,donation_needs_or_offers_or_volunteering_services,0.8863483,0.8863483,True,medium,3,medium,3,True,0,0,False,False,False
593110310808133632,RT @cnni: Roads are so damaged in Nepal it took a CNN crew two hours to go 20 miles -- a major challenge for rescue and aid: http://t.co/CT…,RT USER : Roads are so damaged in Nepal it took a CNN crew two hours to go 20 miles -- a major challenge for rescue and aid: URL,infrastructure_and_utilities_damage,medium_high,2,infrastructure_and_utilities_damage,infrastructure_and_utilities_damage,0.74565417,0.74565417,True,medium_high,2,medium_high,2,True,0,0,False,False,False
593121566726074368,"RT @DhavaliLama: Photograph from #NepalEarthquake that'll remain etched in memory. Structure damaged, but Buddha smiles in meditation. http…","RT USER : Photograph from NepalEarthquake that'll remain etched in memory. Structure damaged, but Buddha smiles in meditation. URL",infrastructure_and_utilities_damage,medium_high,2,infrastructure_and_utilities_damage,infrastructure_and_utilities_damage,0.8361144,0.8361144,True,medium_high,2,medium_high,2,True,0,0,False,False,False
592640964633595904,"'Pranksters' Record First 18 Minutes of Deadly Nepal Earthquake: On Saturday, 'The Nepali Pranksters' were sho... http://t.co/de5Q6gWr9a","'Pranksters' Record First 18 Minutes of Deadly Nepal Earthquake: On Saturday, 'The Nepali Pranksters' were sho... URL",infrastructure_and_utilities_damage,medium_high,2,infrastructure_and_utilities_damage,other_useful_information,0.73917794,0.048308,False,medium_high,2,medium,3,False,1,1,True,False,False
592324159067197440,RT @AapChorHain: Pic1 :Modi sent relief material to Nepal with in hours.  Pic2 :Sonia sent relief material to Uthrakhand after 3 days. http…,RT USER : Pic1 :Modi sent relief material to Nepal with in hours. Pic2 :Sonia sent relief material to Uthrakhand after 3 days. URL,donation_needs_or_offers_or_volunteering_services,medium,3,donation_needs_or_offers_or_volunteering_services,donation_needs_or_offers_or_volunteering_services,0.8691471,0.8691471,True,medium,3,medium,3,True,0,0,False,False,False
593227960590577665,"[ITAR-TASS Eng] Russian rescue team arrives in Nepal: KATHMANDU, April 29. /TASS/. A team of rescuers and medi... http://t.co/sd67wE24Q9","[ITAR-TASS Eng] Russian rescue team arrives in Nepal: KATHMANDU, April 29. /TASS/. A team of rescuers and medi... URL",donation_needs_or_offers_or_volunteering_services,medium,3,donation_needs_or_offers_or_volunteering_services,donation_needs_or_offers_or_volunteering_services,0.650927,0.650927,True,medium,3,medium,3,True,0,0,False,False,False
592701122197987328,"RT @loaideeb: When I see the outcomes of the recent earthquake in Nepal, i wonder if the nature's fury is enough for people or... http://t.…","RT USER : When I see the outcomes of the recent earthquake in Nepal, i wonder if the nature's fury is enough for people or... URL",not_related_or_irrelevant,low,4,not_related_or_irrelevant,other_useful_information,0.49827743,0.053302605,False,low,4,medium,3,False,-1,1,False,True,False
592294974500241410,"PlanGlobal: Watch PlanGlobal davtox on CNN in ten minutes, discussing #NepalEarthquake and Plan's response from the stranded plane to Kathm…","PlanGlobal: Watch PlanGlobal davtox on CNN in ten minutes, discussing NepalEarthquake and Plan's response from the stranded plane to Kathm…",other_useful_information,medium,3,other_useful_information,other_useful_information,0.6432576,0.6432576,True,medium,3,medium,3,True,0,0,False,False,False
593188404340379648,RT @JigarShahDC: #Solar lamps only public light in #Nepal; electric poles down; solar now has a crucial role during disasters. http://t.co/…,RT USER : Solar lamps only public light in Nepal; electric poles down; solar now has a crucial role during disasters. URL,infrastructure_and_utilities_damage,medium_high,2,infrastructure_and_utilities_damage,other_useful_information,0.57208246,0.24539825,False,medium_high,2,medium,3,False,1,1,True,False,False
592342125720666112,"RT @nytimesworld: ""This is why I love Nepal. People here help one another because they know the govt often can’t:"" @tangledjourneys http://…","RT USER : ""This is why I love Nepal. People here help one another because they know the govt often can’t:"" USER URL",sympathy_and_emotional_support,low,4,sympathy_and_emotional_support,donation_needs_or_offers_or_volunteering_services,0.67963743,0.049049426,False,low,4,medium,3,False,-1,1,False,True,False
591973820002476032,RT @PKalkoljuck: #PrayForNepal get well soonὢD,RT USER : PrayForNepal get well soonὢD,sympathy_and_emotional_support,low,4,sympathy_and_emotional_support,sympathy_and_emotional_support,0.9528905,0.9528905,True,low,4,low,4,True,0,0,False,False,False
592137869482799104,RT @ABCNews24: #NepalEarthquake update: The Indian Army says 18 bodies have been found on #MountEverest after an #avalanche buried part of …,RT USER : NepalEarthquake update: The Indian Army says 18 bodies have been found on MountEverest after an avalanche buried part of …,injured_or_dead_people,high,1,injured_or_dead_people,injured_or_dead_people,0.9106664,0.9106664,True,high,1,high,1,True,0,0,False,False,False
593435492768583682,"Our Social Justice Fund has donated $25,000 to @oxfamcanada for relief efforts in #Nepal. You can donate too: https://t.co/CUZg6jixf0","Our Social Justice Fund has donated $25,000 to USER for relief efforts in Nepal. You can donate too: URL",donation_needs_or_offers_or_volunteering_services,medium,3,donation_needs_or_offers_or_volunteering_services,donation_needs_or_offers_or_volunteering_services,0.89131343,0.89131343,True,medium,3,medium,3,True,0,0,False,False,False
592344738717569025,"RT @BBCWorld: Avalanche like ""50 storey building of white"" - Everest #NepalQuake survivors describe ordeal http://t.co/uIfwbQPTo0 http://t.…","RT USER : Avalanche like ""50 storey building of white"" - Everest NepalQuake survivors describe ordeal URL URL",other_useful_information,medium,3,other_useful_information,infrastructure_and_utilities_damage,0.77442133,0.10454673,False,medium,3,medium_high,2,False,-1,1,False,True,False
592623219825373184,UPDATE: Statement from ABTA following the change in travel advice to Nepal.... http://t.co/cNH0j1RiWi,UPDATE: Statement from ABTA following the change in travel advice to Nepal.... URL,other_useful_information,medium,3,other_useful_information,other_useful_information,0.5278081,0.5278081,True,medium,3,medium,3,True,0,0,False,False,False
592883809391083520,"Nepal quake death toll tops 4,000 as villages plead for aid: As the death toll from Nepal's devastating earthq... http://t.co/aj2E51PtpK","Nepal quake death toll tops 4,000 as villages plead for aid: As the death toll from Nepal's devastating earthq... URL",injured_or_dead_people,high,1,injured_or_dead_people,injured_or_dead_people,0.96181667,0.96181667,True,high,1,high,1,True,0,0,False,False,False
593148336435236864,RT @IPS_DC: Want to help #Nepal recover from the quake? Cancel its debt → http://t.co/zcul37C6Hd #NepalEarthquake http://t.co/fJsifVNft1,RT USER : Want to help Nepal recover from the quake? Cancel its debt → URL NepalEarthquake URL,other_useful_information,medium,3,other_useful_information,donation_needs_or_offers_or_volunteering_services,0.754772,0.11611312,False,medium,3,medium,3,True,0,0,False,False,False
592339713131970560,"State Dept ""Confirm that 3 U.S. citizens died in Nepal on April 25. US expresses its deepest condolences to family &amp; friends of victims.""","State Dept ""Confirm that 3 U.S. citizens died in Nepal on April 25. US expresses its deepest condolences to family &amp; friends of victims.""",injured_or_dead_people,high,1,injured_or_dead_people,injured_or_dead_people,0.83567345,0.83567345,True,high,1,high,1,True,0,0,False,False,False
591989866990174209,"RT @ANI_news: It is very shocking, very unfortunate that hundreds of people fell victim to this natural calamity in Nepal: Ram Madhav (BJP)…","RT USER : It is very shocking, very unfortunate that hundreds of people fell victim to this natural calamity in Nepal: Ram Madhav (BJP)…",injured_or_dead_people,high,1,injured_or_dead_people,injured_or_dead_people,0.8251524,0.8251524,True,high,1,high,1,True,0,0,False,False,False
592868455021412353,RT @RobinMacNab: Nepal earthquake reduces World Heritage sites to rubble http://t.co/YAA6c1Oe4d http://t.co/aG6Ymj2wkb,RT USER : Nepal earthquake reduces World Heritage sites to rubble URL URL,infrastructure_and_utilities_damage,medium_high,2,infrastructure_and_utilities_damage,infrastructure_and_utilities_damage,0.90808254,0.90808254,True,medium_high,2,medium_high,2,True,0,0,False,False,False
593106598907748353,RT @GOALUKCharity: #NepalEarthquake: We hope to not only bring emergency supplies but also a sense of hope https://t.co/Yceoe5sZMw http://t…,RT USER : NepalEarthquake: We hope to not only bring emergency supplies but also a sense of hope URL URL,sympathy_and_emotional_support,low,4,sympathy_and_emotional_support,donation_needs_or_offers_or_volunteering_services,0.828033,0.04622334,False,low,4,medium,3,False,-1,1,False,True,False
593164168817201153,RT @edinspotlight: Nepal fundraiser on tomorrow ALL DAY at the Gurkha Cafe on Cockburn Street #Edinburgh http://t.co/Ofb9n2dEUX,RT USER : Nepal fundraiser on tomorrow ALL DAY at the Gurkha Cafe on Cockburn Street Edinburgh URL,donation_needs_or_offers_or_volunteering_services,medium,3,donation_needs_or_offers_or_volunteering_services,donation_needs_or_offers_or_volunteering_services,0.6792586,0.6792586,True,medium,3,medium,3,True,0,0,False,False,False
591905667750866944,From Delhi to Kochi: Impact of Nepal earthquake across India  http://t.co/3DlEDhIY1E,From Delhi to Kochi: Impact of Nepal earthquake across India URL,other_useful_information,medium,3,other_useful_information,other_useful_information,0.75644946,0.75644946,True,medium,3,medium,3,True,0,0,False,False,False
592332971920658432,TEXT 'NEPAL' to 864233 (UNICEF) for $10 donation.,TEXT 'NEPAL' to 864233 (UNICEF) for $10 donation.,donation_needs_or_offers_or_volunteering_services,medium,3,donation_needs_or_offers_or_volunteering_services,donation_needs_or_offers_or_volunteering_services,0.87686217,0.87686217,True,medium,3,medium,3,True,0,0,False,False,False
593188403669127169,RT @ianbremmer: Who's Helping Nepal http://t.co/LpXSJwRvN8,RT USER : Who's Helping Nepal URL,donation_needs_or_offers_or_volunteering_services,medium,3,donation_needs_or_offers_or_volunteering_services,donation_needs_or_offers_or_volunteering_services,0.8355322,0.8355322,True,medium,3,medium,3,True,0,0,False,False,False
592792978642608128,Facebook Collecting Nepal Earthquake Aid Donations: Facebook was rolling out a donation button Monday for contributions to victims of...,Facebook Collecting Nepal Earthquake Aid Donations: Facebook was rolling out a donation button Monday for contributions to victims of...,donation_needs_or_offers_or_volunteering_services,medium,3,donation_needs_or_offers_or_volunteering_services,donation_needs_or_offers_or_volunteering_services,0.88777834,0.88777834,True,medium,3,medium,3,True,0,0,False,False,False
593186627981340673,RT @RedCross: #ICYMI: Global #RedCross is delivering aid to #Nepal. Here are 3 ways u can help! http://t.co/1K4hR9Qng6 #NepalQuake http://t…,RT USER : ICYMI: Global RedCross is delivering aid to Nepal. Here are 3 ways u can help! URL NepalQuake URL,donation_needs_or_offers_or_volunteering_services,medium,3,donation_needs_or_offers_or_volunteering_services,donation_needs_or_offers_or_volunteering_services,0.88290876,0.88290876,True,medium,3,medium,3,True,0,0,False,False,False
592341681359462401,RT @planemad: Over 110 volunteers tracing thousands of kms of mountain roads and trails for Nepal right now on http://t.co/Wlxt8lYVWJ #Nepa…,RT USER : Over 110 volunteers tracing thousands of kms of mountain roads and trails for Nepal right now on URL Nepa…,donation_needs_or_offers_or_volunteering_services,medium,3,donation_needs_or_offers_or_volunteering_services,other_useful_information,0.37630203,0.13918039,False,medium,3,medium,3,True,0,0,False,False,False
592344841859674115,"RT @BBCBreaking: Nepal urgently appeals for body bags, tents &amp; water as death toll tops 2,300 http://t.co/FEg9JApDaf (via @BBCSanjoyM) http…","RT USER : Nepal urgently appeals for body bags, tents &amp; water as death toll tops 2,300 URL (via USER ) URL",injured_or_dead_people,high,1,injured_or_dead_people,injured_or_dead_people,0.9598626,0.9598626,True,high,1,high,1,True,0,0,False,False,False
592674121022078976,Was eager to plan a holiday trip to Nepal earlier. Shocked to see the current state of the beautiful nation.Hopefully God will have mercy ὤFἿB,Was eager to plan a holiday trip to Nepal earlier. Shocked to see the current state of the beautiful nation.Hopefully God will have mercy ὤFἿB,sympathy_and_emotional_support,low,4,sympathy_and_emotional_support,sympathy_and_emotional_support,0.9259172,0.9259172,True,low,4,low,4,True,0,0,False,False,False
592261920788500480,"RT @ShakingEarth: Deadly earthquake Nepal - 2,083 fatalities so far - New quake may make additional victims New avalanches on Everest http:…","RT USER : Deadly earthquake Nepal - 2,083 fatalities so far - New quake may make additional victims New avalanches on Everest URL",injured_or_dead_people,high,1,injured_or_dead_people,injured_or_dead_people,0.9537913,0.9537913,True,high,1,high,1,True,0,0,False,False,False
592262814682591232,"RT @AnkurPoudel: Just heard about fire in Devchuli, Nwalaparasi. Suspect of volcano.. Furter clarification will be made soon. Source: kalik…","RT USER : Just heard about fire in Devchuli, Nwalaparasi. Suspect of volcano.. Furter clarification will be made soon. Source: kalik…",other_useful_information,medium,3,other_useful_information,other_useful_information,0.4807034,0.4807034,True,medium,3,medium,3,True,0,0,False,False,False
593181573664612352,"RT @BBCBreaking: 10,000+ people injured &amp; nearly 500,000 displaced by #NepalEarthquake, officials say http://t.co/GGpcp3WdFM","RT USER : 10,000+ people injured &amp; nearly 500,000 displaced by NepalEarthquake, officials say URL",injured_or_dead_people,high,1,injured_or_dead_people,injured_or_dead_people,0.7980391,0.7980391,True,high,1,high,1,True,0,0,False,False,False
592287855327612928,RT @saaurabhshuklaa: Death toll in #NepalEarthquake crosses 2200. Over 5000 injured #Kathmanduquake #avalanche  #IndiaWithNepal,RT USER : Death toll in NepalEarthquake crosses 2200. Over 5000 injured Kathmanduquake avalanche IndiaWithNepal,injured_or_dead_people,high,1,injured_or_dead_people,injured_or_dead_people,0.9635247,0.9635247,True,high,1,high,1,True,0,0,False,False,False
592328577376456704,"RT @thelindsayellis: UNICEF is one of your best bets where international disaster relief is concerned - https://t.co/TAItAeVsRs Send money,…","RT USER : UNICEF is one of your best bets where international disaster relief is concerned - URL Send money,…",donation_needs_or_offers_or_volunteering_services,medium,3,donation_needs_or_offers_or_volunteering_services,donation_needs_or_offers_or_volunteering_services,0.854111,0.854111,True,medium,3,medium,3,True,0,0,False,False,False
591960518467952641,RT @AprilBethea: Nepal declares state of emergency as death toll from 7.8-magnitude earthquake nears 900 - @BBCNews via @Breaking,RT USER : Nepal declares state of emergency as death toll from 7.8-magnitude earthquake nears 900 - USER via USER,injured_or_dead_people,high,1,injured_or_dead_people,injured_or_dead_people,0.9610656,0.9610656,True,high,1,high,1,True,0,0,False,False,False
593440864896028672,RT @kpoplover727: 150429 CHANYEOL and SEHUN Instagram  They both try to spread the word about Nepal and encourage people to donateὄD http://…,RT USER : 150429 CHANYEOL and SEHUN Instagram They both try to spread the word about Nepal and encourage people to donateὄD URL,donation_needs_or_offers_or_volunteering_services,medium,3,donation_needs_or_offers_or_volunteering_services,donation_needs_or_offers_or_volunteering_services,0.87439644,0.87439644,True,medium,3,medium,3,True,0,0,False,False,False
593609382119641088,2 aftershock until now siince this morninng..!! please stop it. #NepalEarthquake,2 aftershock until now siince this morninng..!! please stop it. NepalEarthquake,other_useful_information,medium,3,other_useful_information,sympathy_and_emotional_support,0.7177022,0.10304685,False,medium,3,low,4,False,1,1,True,False,False
593305362746322944,RT @unfoundation: [UPDATED] Support the @UN Humanitarian Response in Nepal http://t.co/60EztuRokG,RT USER : [UPDATED] Support the USER Humanitarian Response in Nepal URL,donation_needs_or_offers_or_volunteering_services,medium,3,donation_needs_or_offers_or_volunteering_services,donation_needs_or_offers_or_volunteering_services,0.86348486,0.86348486,True,medium,3,medium,3,True,0,0,False,False,False
592749758839713792,Dhungana family moved from Nepal 7 mnth ago. Family are okay but an orphan who lived with them is not. #cbcwdr http://t.co/izx7kUHCP2,Dhungana family moved from Nepal 7 mnth ago. Family are okay but an orphan who lived with them is not. cbcwdr URL,injured_or_dead_people,high,1,injured_or_dead_people,displaced_people_and_evacuations,0.52213126,0.012643258,False,high,1,medium_high,2,False,1,1,True,False,False
592340850090225666,RT @Habibies: Before and After of #NepalEarthquake. Pray for #Nepal. #NepalQuake #Earthquake http://t.co/9brmFn4gev,RT USER : Before and After of NepalEarthquake. Pray for Nepal. NepalQuake Earthquake URL,sympathy_and_emotional_support,low,4,sympathy_and_emotional_support,sympathy_and_emotional_support,0.95429486,0.95429486,True,low,4,low,4,True,0,0,False,False,False
593017270978408448,RT @III_Research: Nepal Earthquake Losses Could Top $2 Billion; Little Insurance Coverage http://t.co/CPgqzbzFrI,RT USER : Nepal Earthquake Losses Could Top $2 Billion; Little Insurance Coverage URL,other_useful_information,medium,3,other_useful_information,other_useful_information,0.4501195,0.4501195,True,medium,3,medium,3,True,0,0,False,False,False
592700669662011393,"RT @savechildrenuk: ""We know that children have been the most affected by this disaster."" - Roger Hodgson, part of our #Nepal team. https:/…","RT USER : ""We know that children have been the most affected by this disaster."" - Roger Hodgson, part of our Nepal team. URL",other_useful_information,medium,3,other_useful_information,sympathy_and_emotional_support,0.331296,0.22981592,False,medium,3,low,4,False,1,1,True,False,False
592997903251025921,RT @ndtv: All climbers stranded at camps high up Everest airlifted to safety http://t.co/qQ10dsP7OM #NepalEarthquake http://t.co/4iSnJOgSCL,RT USER : All climbers stranded at camps high up Everest airlifted to safety URL NepalEarthquake URL,displaced_people_and_evacuations,medium_high,2,displaced_people_and_evacuations,missing_trapped_or_found_people,0.79195386,0.12838976,False,medium_high,2,high,1,False,-1,1,False,True,False
592905148952924160,RT @_joshcarter: My heart is breaking as I watch what's happening in Baltimore &amp; Nepal!,RT USER : My heart is breaking as I watch what's happening in Baltimore &amp; Nepal!,sympathy_and_emotional_support,low,4,sympathy_and_emotional_support,sympathy_and_emotional_support,0.92915004,0.92915004,True,low,4,low,4,True,0,0,False,False,False
593024071736139777,One man swung into action mere minutes after the news of #NepalEarthquake and spearheaded an impressive rescue... http://t.co/PbGTGDs3i9,One man swung into action mere minutes after the news of NepalEarthquake and spearheaded an impressive rescue... URL,other_useful_information,medium,3,other_useful_information,other_useful_information,0.2711668,0.2711668,True,medium,3,medium,3,True,0,0,False,False,False
591939674328813568,Phones jammed in Nepal. Thankfully for Whatsapp for communicating messages!,Phones jammed in Nepal. Thankfully for Whatsapp for communicating messages!,infrastructure_and_utilities_damage,medium_high,2,infrastructure_and_utilities_damage,other_useful_information,0.72917485,0.04261532,False,medium_high,2,medium,3,False,1,1,True,False,False
593830138816679936,"RT @AdamMilstein: On first day, #IDFinNepal Field Hospital in #Nepal treats nearly 100, delivers baby http://t.co/6extsXdKws http://t.co/sQ…","RT USER : On first day, IDFinNepal Field Hospital in Nepal treats nearly 100, delivers baby URL URL",other_useful_information,medium,3,other_useful_information,donation_needs_or_offers_or_volunteering_services,0.4324943,0.08917768,False,medium,3,medium,3,True,0,0,False,False,False
593805450937696256,UN launches Nepal earthquake appeal https://t.co/lxn2IJpaBh,UN launches Nepal earthquake appeal URL,donation_needs_or_offers_or_volunteering_services,medium,3,donation_needs_or_offers_or_volunteering_services,donation_needs_or_offers_or_volunteering_services,0.49278238,0.49278238,True,medium,3,medium,3,True,0,0,False,False,False
592372900960858112,"RT @theOFDA: 30/75 districts in Nepal impacted by #NepalEarthquake, new map shows epicenter aftershocks http://t.co/upXg6SkP0p","RT USER : 30/75 districts in Nepal impacted by NepalEarthquake, new map shows epicenter aftershocks URL",infrastructure_and_utilities_damage,medium_high,2,infrastructure_and_utilities_damage,other_useful_information,0.43294275,0.41726148,False,medium_high,2,medium,3,False,1,1,True,False,False
592697370929930241,Nepal earthquake: climber captures Mount Everest avalanche  - #c4news http://t.co/e7Jre6vq14,Nepal earthquake: climber captures Mount Everest avalanche - c4news URL,other_useful_information,medium,3,other_useful_information,other_useful_information,0.67282563,0.67282563,True,medium,3,medium,3,True,0,0,False,False,False
600447008835543040,RT @lecrae: Between Baltimore and Nepal...I'm emotionally overwhelmed.,RT USER : Between Baltimore and Nepal...I'm emotionally overwhelmed.,sympathy_and_emotional_support,low,4,sympathy_and_emotional_support,sympathy_and_emotional_support,0.45102546,0.45102546,True,low,4,low,4,True,0,0,False,False,False
592337847937544192,RT @OxfamAmerica: Devastating Earthquake in #Nepal: Humanitarian Relief and Tackling Poverty by Oxfam's @Winnie_Byanyima http://t.co/Sn6zWp…,RT USER : Devastating Earthquake in Nepal: Humanitarian Relief and Tackling Poverty by Oxfam's USER URL,donation_needs_or_offers_or_volunteering_services,medium,3,donation_needs_or_offers_or_volunteering_services,donation_needs_or_offers_or_volunteering_services,0.7452939,0.7452939,True,medium,3,medium,3,True,0,0,False,False,False
592278369909125120,"Powerful earthquake, strong aftershocks hit Nepal http://t.co/baq4YHjDdX","Powerful earthquake, strong aftershocks hit Nepal URL",other_useful_information,medium,3,other_useful_information,other_useful_information,0.74262,0.74262,True,medium,3,medium,3,True,0,0,False,False,False
592234977267355648,Be strong Nepal. #prayfornepal #nepalearthquake,Be strong Nepal. prayfornepal nepalearthquake,sympathy_and_emotional_support,low,4,sympathy_and_emotional_support,sympathy_and_emotional_support,0.9509175,0.9509175,True,low,4,low,4,True,0,0,False,False,False
592343048362786816,RT @Mapbox: Watching the map improve as the team is editing in Nepal live @openstreetmap: https://t.co/aquKVrkr1d via @geohacker http://t.c…,RT USER : Watching the map improve as the team is editing in Nepal live USER : URL via USER URL,other_useful_information,medium,3,other_useful_information,other_useful_information,0.5748737,0.5748737,True,medium,3,medium,3,True,0,0,False,False,False
600034425129271297,RT @leessangsgfc: Charity Drive for Nepal   https://t.co/VesTXeubNj http://t.co/fUu1YdZfxt,RT USER : Charity Drive for Nepal URL URL,donation_needs_or_offers_or_volunteering_services,medium,3,donation_needs_or_offers_or_volunteering_services,donation_needs_or_offers_or_volunteering_services,0.87077725,0.87077725,True,medium,3,medium,3,True,0,0,False,False,False
592117211478753280,RT @amyduggar: Praying for the people of Nepal and every other region affected by such a tragic earthquake. ὉB,RT USER : Praying for the people of Nepal and every other region affected by such a tragic earthquake. ὉB,sympathy_and_emotional_support,low,4,sympathy_and_emotional_support,sympathy_and_emotional_support,0.95459,0.95459,True,low,4,low,4,True,0,0,False,False,False
592316315366359040,"@NMenonRao @ndtv is there prediction for aftershock in Nepal. My relative is in Birgunj, border of Bihar.","USER USER is there prediction for aftershock in Nepal. My relative is in Birgunj, border of Bihar.",other_useful_information,medium,3,other_useful_information,other_useful_information,0.6211843,0.6211843,True,medium,3,medium,3,True,0,0,False,False,False
592115412529127424,RT @meenakshigarg14: #MSGHelpEarthquakeVictims.. today total 7 times earthquake feel in all over india nd nepal.. papaji plz save to all,RT USER : MSGHelpEarthquakeVictims.. today total 7 times earthquake feel in all over india nd nepal.. papaji plz save to all,sympathy_and_emotional_support,low,4,sympathy_and_emotional_support,other_useful_information,0.75123894,0.0454308,False,low,4,medium,3,False,-1,1,False,True,False
593701932021194752,"RT @SAfmnews: Rescuers in Nepal's capital, Kathmandu, have found a fifteen-year-old boy alive in an air-pocket under tonnes of rubble. #SAB…","RT USER : Rescuers in Nepal's capital, Kathmandu, have found a fifteen-year-old boy alive in an air-pocket under tonnes of rubble. SAB…",missing_trapped_or_found_people,high,1,missing_trapped_or_found_people,missing_trapped_or_found_people,0.92552614,0.92552614,True,high,1,high,1,True,0,0,False,False,False
592176468601409536,RT @IndianExpress: #ExpressFrontPage #earthquake Explained: How bad is the damage? How prepared was Nepal? http://t.co/hTPVijPVcr http://t.…,RT USER : ExpressFrontPage earthquake Explained: How bad is the damage? How prepared was Nepal? URL URL,infrastructure_and_utilities_damage,medium_high,2,infrastructure_and_utilities_damage,infrastructure_and_utilities_damage,0.57436174,0.57436174,True,medium_high,2,medium_high,2,True,0,0,False,False,False
592312284975792130,"RT @adgpi: Gen Dalbir Singh, COAS conveys his heartfelt condolences to the people of Nepal and assures full and speedy assistance in this h…","RT USER : Gen Dalbir Singh, COAS conveys his heartfelt condolences to the people of Nepal and assures full and speedy assistance in this h…",sympathy_and_emotional_support,low,4,sympathy_and_emotional_support,sympathy_and_emotional_support,0.94635224,0.94635224,True,low,4,low,4,True,0,0,False,False,False
593030724678193152,RT @WSJ: Hindus bear loved ones’ bodies to Nepal holy site. “Nobody will love me as much as she did” http://t.co/OxhJubLvkp http://t.co/rUy…,RT USER : Hindus bear loved ones’ bodies to Nepal holy site. “Nobody will love me as much as she did” URL URL,injured_or_dead_people,high,1,injured_or_dead_people,sympathy_and_emotional_support,0.36037025,0.043582134,False,high,1,low,4,False,3,3,True,False,True
593170319407521793,RT @ICRC: #NepalQuake Our #familylinks website is in #Nepali too. Register if a relative is missing. Please retweet http://t.co/G1frQBCu8R …,RT USER : NepalQuake Our familylinks website is in Nepali too. Register if a relative is missing. Please retweet URL …,missing_trapped_or_found_people,high,1,missing_trapped_or_found_people,missing_trapped_or_found_people,0.92296773,0.92296773,True,high,1,high,1,True,0,0,False,False,False
592174200460341249,#Kashmir Better Knows Relief Work Of NDRF&amp;Indian Army. They Are Not Meant To Hlp People But Promoting &amp; Accumulating Bills. #NepalEarthquake,Kashmir Better Knows Relief Work Of NDRF&amp;Indian Army. They Are Not Meant To Hlp People But Promoting &amp; Accumulating Bills. NepalEarthquake,not_related_or_irrelevant,low,4,not_related_or_irrelevant,donation_needs_or_offers_or_volunteering_services,0.7898648,0.04867636,False,low,4,medium,3,False,-1,1,False,True,False
593042055351246851,"RT @HeadlinesToday: #NepalEarthquake: To get a better idea of the damage caused, watch these images taken from an unmanned drone http://t.c…","RT USER : NepalEarthquake: To get a better idea of the damage caused, watch these images taken from an unmanned drone URL",other_useful_information,medium,3,other_useful_information,infrastructure_and_utilities_damage,0.8609334,0.046285156,False,medium,3,medium_high,2,False,-1,1,False,True,False
593185480088428545,RT @LesleyRiddoch: I've given to @decappeal #NepalQuake Appeal. DONATE NOW http://t.co/LUhkMuTtly,RT USER : I've given to USER NepalQuake Appeal. DONATE NOW URL,donation_needs_or_offers_or_volunteering_services,medium,3,donation_needs_or_offers_or_volunteering_services,donation_needs_or_offers_or_volunteering_services,0.8771839,0.8771839,True,medium,3,medium,3,True,0,0,False,False,False
592590231519555584,Nepal’s Slowing Economy Set for Freefall Without World’s Help http://t.co/KSzIMVHGQf via @business,Nepal’s Slowing Economy Set for Freefall Without World’s Help URL via USER,other_useful_information,medium,3,other_useful_information,other_useful_information,0.60739726,0.60739726,True,medium,3,medium,3,True,0,0,False,False,False
592108836657311744,RT @FOX40: How You Can Help Victims of the Nepal Earthquake http://t.co/GFCXAEiudS,RT USER : How You Can Help Victims of the Nepal Earthquake URL,donation_needs_or_offers_or_volunteering_services,medium,3,donation_needs_or_offers_or_volunteering_services,donation_needs_or_offers_or_volunteering_services,0.8780782,0.8780782,True,medium,3,medium,3,True,0,0,False,False,False
592670963340353537,RT @NadineCoyleNow: My heart goes out to everyone  suffering from the Nepal earthquake. God please bring peace to all that you can. ὤF,RT USER : My heart goes out to everyone suffering from the Nepal earthquake. God please bring peace to all that you can. ὤF,sympathy_and_emotional_support,low,4,sympathy_and_emotional_support,sympathy_and_emotional_support,0.95571995,0.95571995,True,low,4,low,4,True,0,0,False,False,False
593161376341852161,RT @QuincyDVSD: UK dog teams at Delhi whilst on route to Nepal http://t.co/mDU7C5Tprp,RT USER : UK dog teams at Delhi whilst on route to Nepal URL,donation_needs_or_offers_or_volunteering_services,medium,3,donation_needs_or_offers_or_volunteering_services,other_useful_information,0.4024134,0.16682905,False,medium,3,medium,3,True,0,0,False,False,False
592339843537047552,RT @HashimThaciRKS: Saddened by enormous tragedy and loss of life unfolding after #NepalEarthquake. Condolences to people of #Nepal from #K…,RT USER : Saddened by enormous tragedy and loss of life unfolding after NepalEarthquake. Condolences to people of Nepal from K…,sympathy_and_emotional_support,low,4,sympathy_and_emotional_support,sympathy_and_emotional_support,0.94340146,0.94340146,True,low,4,low,4,True,0,0,False,False,False
592183258282098688,MukeshSinghani5: RT rachelhunterx: Ὁ4 love thoughts &amp; Prayers #nepal Heartbreaking http://t.co/VkjsAurAic,MukeshSinghani5: RT rachelhunterx: Ὁ4 love thoughts &amp; Prayers nepal Heartbreaking URL,sympathy_and_emotional_support,low,4,sympathy_and_emotional_support,sympathy_and_emotional_support,0.95335186,0.95335186,True,low,4,low,4,True,0,0,False,False,False
593301158950805504,"RT @OxfamAustralia: Doing everything we can to get teams to affected areas &amp; help to vulnerable ppl who need it, says Orla Murphy, Oxfam Hu…","RT USER : Doing everything we can to get teams to affected areas &amp; help to vulnerable ppl who need it, says Orla Murphy, Oxfam Hu…",donation_needs_or_offers_or_volunteering_services,medium,3,donation_needs_or_offers_or_volunteering_services,donation_needs_or_offers_or_volunteering_services,0.8639293,0.8639293,True,medium,3,medium,3,True,0,0,False,False,False
592344160969084928,RT @wesleystromberg: My heart goes out to all the families in Nepal.. I'm praying for you all,RT USER : My heart goes out to all the families in Nepal.. I'm praying for you all,sympathy_and_emotional_support,low,4,sympathy_and_emotional_support,sympathy_and_emotional_support,0.9503267,0.9503267,True,low,4,low,4,True,0,0,False,False,False
592700322964996098,RT @rowblanchard: Sending love and prayers to the families of the 3000+ people who died in #Nepal. Absolute tragedy. #NepalEarthquake,RT USER : Sending love and prayers to the families of the 3000+ people who died in Nepal. Absolute tragedy. NepalEarthquake,sympathy_and_emotional_support,low,4,sympathy_and_emotional_support,sympathy_and_emotional_support,0.9526333,0.9526333,True,low,4,low,4,True,0,0,False,False,False
592874066094202880,VIDEO: Thousands sleep on Nepal streets,VIDEO: Thousands sleep on Nepal streets,other_useful_information,medium,3,other_useful_information,displaced_people_and_evacuations,0.564534,0.08927541,False,medium,3,medium_high,2,False,-1,1,False,True,False
593077405322903552,"for the 1st time, after a major disaster, sending bibles r condemned. #SoulVultures agenda sliced open. @HKupdate #NepalQuakeRelief","for the 1st time, after a major disaster, sending bibles r condemned. SoulVultures agenda sliced open. USER NepalQuakeRelief",donation_needs_or_offers_or_volunteering_services,medium,3,donation_needs_or_offers_or_volunteering_services,sympathy_and_emotional_support,0.6823149,0.09649658,False,medium,3,low,4,False,1,1,True,False,False
592116214740099073,"RT @LiaqatAli2015: 46/48 when he heard what has been going on, he burst into tears. A lot of Jews around the world have come forward to con…","RT USER : 46/48 when he heard what has been going on, he burst into tears. A lot of Jews around the world have come forward to con…",not_related_or_irrelevant,low,4,not_related_or_irrelevant,not_related_or_irrelevant,0.32260868,0.32260868,True,low,4,low,4,True,0,0,False,False,False
592370762121609216,Deeply sadden with what has happened in Nepal ! We need more ambassadors of Christ before our God to pray for this nation constantly!,Deeply sadden with what has happened in Nepal ! We need more ambassadors of Christ before our God to pray for this nation constantly!,sympathy_and_emotional_support,low,4,sympathy_and_emotional_support,sympathy_and_emotional_support,0.955664,0.955664,True,low,4,low,4,True,0,0,False,False,False
592343533341671424,RT @DrJwalaG: India will try to wipe #Nepal’s tears: @narendramodi ! Lucky 2 have u as PM  #IndiaWithNepal #MEAatWork #MannKiBaat http://t.…,RT USER : India will try to wipe Nepal’s tears: USER ! Lucky 2 have u as PM IndiaWithNepal MEAatWork MannKiBaat URL,sympathy_and_emotional_support,low,4,sympathy_and_emotional_support,sympathy_and_emotional_support,0.8385546,0.8385546,True,low,4,low,4,True,0,0,False,False,False
593442271292305408,@RannvijaySingha dude I was thinking that how should be a part of this and contribute to Nepal relief.I think this a good way to help,USER dude I was thinking that how should be a part of this and contribute to Nepal relief.I think this a good way to help,donation_needs_or_offers_or_volunteering_services,medium,3,donation_needs_or_offers_or_volunteering_services,donation_needs_or_offers_or_volunteering_services,0.8194917,0.8194917,True,medium,3,medium,3,True,0,0,False,False,False
592171131743776768,"Death toll rises to 1,805 after 7.8 magnitude earthquake devastates Nepal http://t.co/FHy7LNH2vE http://t.co/oXtdTH7aWD","Death toll rises to 1,805 after 7.8 magnitude earthquake devastates Nepal URL URL",injured_or_dead_people,high,1,injured_or_dead_people,injured_or_dead_people,0.96253115,0.96253115,True,high,1,high,1,True,0,0,False,False,False
593108456229445633,"RT @UNICEF_uk: #NepalEarthquake - deadliest earthquake for more than 80 yrs, leaving millions of children in danger Donate &gt; http://t.co/1l…","RT USER : NepalEarthquake - deadliest earthquake for more than 80 yrs, leaving millions of children in danger Donate &gt; URL",donation_needs_or_offers_or_volunteering_services,medium,3,donation_needs_or_offers_or_volunteering_services,donation_needs_or_offers_or_volunteering_services,0.55199856,0.55199856,True,medium,3,medium,3,True,0,0,False,False,False
592342064488128512,Deadly Earthquake in Nepal http://t.co/ci9u4QsC3B,Deadly Earthquake in Nepal URL,other_useful_information,medium,3,other_useful_information,other_useful_information,0.763361,0.763361,True,medium,3,medium,3,True,0,0,False,False,False
592700411204771840,RT @decappeal: The 7.8 earthquake in Nepal has left thousands of families in need of aid. Your gift can help. Please give now. https://t.co…,RT USER : The 7.8 earthquake in Nepal has left thousands of families in need of aid. Your gift can help. Please give now. URL,donation_needs_or_offers_or_volunteering_services,medium,3,donation_needs_or_offers_or_volunteering_services,donation_needs_or_offers_or_volunteering_services,0.8481161,0.8481161,True,medium,3,medium,3,True,0,0,False,False,False
592162497303449600,Yes this @narendramodi  govt works.... India is in safe hands . #NepalEarthquake amazing speed of rescue and relief reaction,Yes this USER govt works.... India is in safe hands . NepalEarthquake amazing speed of rescue and relief reaction,donation_needs_or_offers_or_volunteering_services,medium,3,donation_needs_or_offers_or_volunteering_services,donation_needs_or_offers_or_volunteering_services,0.71840966,0.71840966,True,medium,3,medium,3,True,0,0,False,False,False
592913342575943681,RT @TimesNow: Large number of Indians and locals rescued after #NepalEarthquake. Operation Maitri stepped up. #IndiaWithNepal https://t.co/…,RT USER : Large number of Indians and locals rescued after NepalEarthquake. Operation Maitri stepped up. IndiaWithNepal URL,missing_trapped_or_found_people,high,1,missing_trapped_or_found_people,missing_trapped_or_found_people,0.8667102,0.8667102,True,high,1,high,1,True,0,0,False,False,False
592688864516567043,RT @ieEntertainment: ‘RA.One’ director @anubhavsinha seeks assistance for house help stuck in quake-hit Nepal http://t.co/XG1izRmUY5 http:/…,RT USER : ‘RA.One’ director USER seeks assistance for house help stuck in quake-hit Nepal URL URL,donation_needs_or_offers_or_volunteering_services,medium,3,donation_needs_or_offers_or_volunteering_services,donation_needs_or_offers_or_volunteering_services,0.7033064,0.7033064,True,medium,3,medium,3,True,0,0,False,False,False
592343322477232128,RT @PMOIndia: Nepal's pain is our pain: PM @narendramodi,RT USER : Nepal's pain is our pain: PM USER,sympathy_and_emotional_support,low,4,sympathy_and_emotional_support,sympathy_and_emotional_support,0.87994695,0.87994695,True,low,4,low,4,True,0,0,False,False,False
593358970552594432,"RT @LokmanKarki: CIAA family has contributed a small bit to the victims of #NepalEarthquake by providing aid of Rs 12,847,850 seemore; http…","RT USER : CIAA family has contributed a small bit to the victims of NepalEarthquake by providing aid of Rs 12,847,850 seemore; URL",donation_needs_or_offers_or_volunteering_services,medium,3,donation_needs_or_offers_or_volunteering_services,donation_needs_or_offers_or_volunteering_services,0.8862627,0.8862627,True,medium,3,medium,3,True,0,0,False,False,False
592908506182918146,RT @IsraelMFA: Israeli embassy in #Kathmandu opened its gates to Israelis seeking shelter. Over 150 Israelis have been staying in @Israelin…,RT USER : Israeli embassy in Kathmandu opened its gates to Israelis seeking shelter. Over 150 Israelis have been staying in USER …,donation_needs_or_offers_or_volunteering_services,medium,3,donation_needs_or_offers_or_volunteering_services,displaced_people_and_evacuations,0.7937968,0.01716431,False,medium,3,medium_high,2,False,-1,1,False,True,False
592188336950804480,"RT @SalSuave: For those who don't know, a devastating earthquake hit Nepal. Please click the link for the relief fund. https://t.co/ToMS1rB…","RT USER : For those who don't know, a devastating earthquake hit Nepal. Please click the link for the relief fund. URL",donation_needs_or_offers_or_volunteering_services,medium,3,donation_needs_or_offers_or_volunteering_services,donation_needs_or_offers_or_volunteering_services,0.8263621,0.8263621,True,medium,3,medium,3,True,0,0,False,False,False
592900556856958979,"The Latest on Nepal Quake: Death toll 4,438 in 3 countries: 9.00 a.m. (0315 GMT) http://t.co/ZABV0CGb8I #BreakingNews","The Latest on Nepal Quake: Death toll 4,438 in 3 countries: 9.00 a.m. (0315 GMT) URL BreakingNews",injured_or_dead_people,high,1,injured_or_dead_people,injured_or_dead_people,0.96389806,0.96389806,True,high,1,high,1,True,0,0,False,False,False
592289464531034114,"RT @tumsoma: ""Original footage 7.9 Magnitude earthquake in Nepal 2015"" https://t.co/Laq5KAUtLm #NepalEarthquake #prayfornepal http://t.co/b…","RT USER : ""Original footage 7.9 Magnitude earthquake in Nepal 2015"" URL NepalEarthquake prayfornepal URL",other_useful_information,medium,3,other_useful_information,other_useful_information,0.76201206,0.76201206,True,medium,3,medium,3,True,0,0,False,False,False
593151641898995714,"RT @dna: Nepal quake: Bihar hospital pastes 'bhukamp' stickers on injured, removes after being exposed http://t.co/ikRFsJ49Fj","RT USER : Nepal quake: Bihar hospital pastes 'bhukamp' stickers on injured, removes after being exposed URL",injured_or_dead_people,high,1,injured_or_dead_people,injured_or_dead_people,0.29007015,0.29007015,True,high,1,high,1,True,0,0,False,False,False
592705318456549376,RT @KhandekarGauri: #India preparing for big #earthquake Fantastic #disasterrelief role in #Kathmandu. #Spain seeks #India help 4 rescue of…,RT USER : India preparing for big earthquake Fantastic disasterrelief role in Kathmandu. Spain seeks India help 4 rescue of…,donation_needs_or_offers_or_volunteering_services,medium,3,donation_needs_or_offers_or_volunteering_services,donation_needs_or_offers_or_volunteering_services,0.8103868,0.8103868,True,medium,3,medium,3,True,0,0,False,False,False
592344307626946560,RT @Asli_Jacqueline: Proud to hear @PMOIndia has extended support &amp; is sending relief to Nepal with the urgency that a situation like this …,RT USER : Proud to hear USER has extended support &amp; is sending relief to Nepal with the urgency that a situation like this …,donation_needs_or_offers_or_volunteering_services,medium,3,donation_needs_or_offers_or_volunteering_services,donation_needs_or_offers_or_volunteering_services,0.7464152,0.7464152,True,medium,3,medium,3,True,0,0,False,False,False
592672862101741568,"RT @DDerrickeWINS: Candlelight Vigil for Nepal in Jackson Heights, Queens. Hear from the many mourners on #1010WINS http://t.co/tbvc7dqFCJ","RT USER : Candlelight Vigil for Nepal in Jackson Heights, Queens. Hear from the many mourners on 1010WINS URL",sympathy_and_emotional_support,low,4,sympathy_and_emotional_support,sympathy_and_emotional_support,0.95154345,0.95154345,True,low,4,low,4,True,0,0,False,False,False
592869879092482050,"RT @ShiwaniNeupane: Many of you asking where to help, @subhash580's village in Gorkha is completely wrecked. Here's a link to help: http://…","RT USER : Many of you asking where to help, USER 's village in Gorkha is completely wrecked. Here's a link to help: URL",donation_needs_or_offers_or_volunteering_services,medium,3,donation_needs_or_offers_or_volunteering_services,donation_needs_or_offers_or_volunteering_services,0.7654926,0.7654926,True,medium,3,medium,3,True,0,0,False,False,False
591909208620142592,MORE: Nepal quake is the worst temblor to hit the poor South Asian nation in over 80 years: http://t.co/trPMxzumXB Via @ap,MORE: Nepal quake is the worst temblor to hit the poor South Asian nation in over 80 years: URL Via USER,other_useful_information,medium,3,other_useful_information,other_useful_information,0.73691577,0.73691577,True,medium,3,medium,3,True,0,0,False,False,False
593694273242931200,RT @madversity: I think Pakistan- Nepal relations have reached a rare moment and Islamabad  is not about to say 'well done' to the army. Pl…,RT USER : I think Pakistan- Nepal relations have reached a rare moment and Islamabad is not about to say 'well done' to the army. Pl…,not_related_or_irrelevant,low,4,not_related_or_irrelevant,other_useful_information,0.5604923,0.18727945,False,low,4,medium,3,False,-1,1,False,True,False
592627603317641216,Israel evacuates surrogate-born babies and Israeli parents from Nepal See More:http://t.co/ltjN9QqZaJ #world #news #… http://t.co/8XHEQvgakw,Israel evacuates surrogate-born babies and Israeli parents from Nepal See More: URL world news … URL,displaced_people_and_evacuations,medium_high,2,displaced_people_and_evacuations,displaced_people_and_evacuations,0.8198831,0.8198831,True,medium_high,2,medium_high,2,True,0,0,False,False,False
593807504548704256,yes. THANK you. RT @NorthmenPK Stefan's account on why climbers should not climb #Everest this year. http://t.co/U7mqG21Qzp … #NepalQuake,yes. THANK you. RT USER Stefan's account on why climbers should not climb Everest this year. URL … NepalQuake,other_useful_information,medium,3,other_useful_information,other_useful_information,0.5952385,0.5952385,True,medium,3,medium,3,True,0,0,False,False,False
591913016838508545,PLEASE SAY A PRAYERS FOR The People In #Nepal 7.9 Magnitude Earthquake ... Hundreds Killed Many More… https://t.co/9JCArfIGCZ,PLEASE SAY A PRAYERS FOR The People In Nepal 7.9 Magnitude Earthquake ... Hundreds Killed Many More… URL,sympathy_and_emotional_support,low,4,sympathy_and_emotional_support,sympathy_and_emotional_support,0.5210312,0.5210312,True,low,4,low,4,True,0,0,False,False,False
593355409450278912,Watch @oxfamgb spokesperson Lisa Rutherford with the latest on the humanitarian situation in #Nepal http://t.co/5pX8OwBdQw,Watch USER spokesperson Lisa Rutherford with the latest on the humanitarian situation in Nepal URL,other_useful_information,medium,3,other_useful_information,donation_needs_or_offers_or_volunteering_services,0.5084295,0.31167465,False,medium,3,medium,3,True,0,0,False,False,False
593152820607643649,RT @nytimes: Nepal's government is only gradually getting a grasp of destruction in the worst-hit villages http://t.co/DzHvwGV2uO,RT USER : Nepal's government is only gradually getting a grasp of destruction in the worst-hit villages URL,infrastructure_and_utilities_damage,medium_high,2,infrastructure_and_utilities_damage,infrastructure_and_utilities_damage,0.8924094,0.8924094,True,medium_high,2,medium_high,2,True,0,0,False,False,False
592810687715500032,Facebook collecting Nepal quake aid donations http://t.co/t538EYp3Lj #PhysOrg,Facebook collecting Nepal quake aid donations URL PhysOrg,donation_needs_or_offers_or_volunteering_services,medium,3,donation_needs_or_offers_or_volunteering_services,donation_needs_or_offers_or_volunteering_services,0.88604873,0.88604873,True,medium,3,medium,3,True,0,0,False,False,False
592340255748988928,RT @TimesNow: Delhi Metro services hit due to the #NepalEarthquake https://t.co/HBgJhGbiKK,RT USER : Delhi Metro services hit due to the NepalEarthquake URL,infrastructure_and_utilities_damage,medium_high,2,infrastructure_and_utilities_damage,other_useful_information,0.5516663,0.25319177,False,medium_high,2,medium,3,False,1,1,True,False,False
592875153484316674,"Daily Brief - Same-sex marriage in #US, protests in #Burundi, #Tibetans lost in #Nepal, http://t.co/VRSlFaE2Sn","Daily Brief - Same-sex marriage in US, protests in Burundi, Tibetans lost in Nepal, URL",not_related_or_irrelevant,low,4,not_related_or_irrelevant,other_useful_information,0.36711156,0.3511599,False,low,4,medium,3,False,-1,1,False,True,False
593166631301304320,"RT @WFPUSA: @MarkRuffalo Mark, we're raising funds for #NepalEarthquake at http://t.co/vuFU2SD5CG &amp; would love your support in spreading th…","RT USER : USER Mark, we're raising funds for NepalEarthquake at URL &amp; would love your support in spreading th…",donation_needs_or_offers_or_volunteering_services,medium,3,donation_needs_or_offers_or_volunteering_services,donation_needs_or_offers_or_volunteering_services,0.8810807,0.8810807,True,medium,3,medium,3,True,0,0,False,False,False
592154823753015296,RT @LoisAppleby: Big #earthquake reported in #Nepal @ActionAid team in country holding emergency meeting to assess situation.,RT USER : Big earthquake reported in Nepal USER team in country holding emergency meeting to assess situation.,donation_needs_or_offers_or_volunteering_services,medium,3,donation_needs_or_offers_or_volunteering_services,other_useful_information,0.72088635,0.04933289,False,medium,3,medium,3,True,0,0,False,False,False
591944948062113793,RT @mktgmacgyver: Very heavy heart. Our thoughts and prayers with families in Nepal impacted by earthquake. Help us respond. Link: http://t…,RT USER : Very heavy heart. Our thoughts and prayers with families in Nepal impacted by earthquake. Help us respond. Link: URL,sympathy_and_emotional_support,low,4,sympathy_and_emotional_support,sympathy_and_emotional_support,0.95283794,0.95283794,True,low,4,low,4,True,0,0,False,False,False
592690229166866432,My friend is in Red Cross and currently in Nepal helping out the locals. The locals are staying strong and smiling. http://t.co/mXoPPNM30B,My friend is in Red Cross and currently in Nepal helping out the locals. The locals are staying strong and smiling. URL,donation_needs_or_offers_or_volunteering_services,medium,3,donation_needs_or_offers_or_volunteering_services,donation_needs_or_offers_or_volunteering_services,0.62799317,0.62799317,True,medium,3,medium,3,True,0,0,False,False,False
592341761562955777,"RT @Punechi: Cousin was hiking in Nepal when earthquake hit. Throw this an RT, you never know who may see it &amp; could help  https://t.co/EJ2…","RT USER : Cousin was hiking in Nepal when earthquake hit. Throw this an RT, you never know who may see it &amp; could help URL",missing_trapped_or_found_people,high,1,missing_trapped_or_found_people,other_useful_information,0.39739677,0.08932586,False,high,1,medium,3,False,2,2,True,False,True
592651449001095169,RT @WB_WithRG: #IndiawithNepal 40 Member Army Engineer Task Force moved yesterday. Separate team to check Nepal's power grid. #ThankUArmy,RT USER : IndiawithNepal 40 Member Army Engineer Task Force moved yesterday. Separate team to check Nepal's power grid. ThankUArmy,infrastructure_and_utilities_damage,medium_high,2,infrastructure_and_utilities_damage,other_useful_information,0.61933833,0.04854117,False,medium_high,2,medium,3,False,1,1,True,False,False
593355567978020864,RT @animalssworld: 10 thing about why earth quak come  in nepal click here.... http://t.co/wLe441Whs9,RT USER : 10 thing about why earth quak come in nepal click here.... URL,other_useful_information,medium,3,other_useful_information,not_related_or_irrelevant,0.6216624,0.19943473,False,medium,3,low,4,False,1,1,True,False,False
592778333542289408,RT @edsmither: Nepal Earthquake Relief Fund: http://t.co/u5odn9xOaW,RT USER : Nepal Earthquake Relief Fund: URL,donation_needs_or_offers_or_volunteering_services,medium,3,donation_needs_or_offers_or_volunteering_services,donation_needs_or_offers_or_volunteering_services,0.8608823,0.8608823,True,medium,3,medium,3,True,0,0,False,False,False
593117322514014209,#NepalEarthquake:List of places to get food &amp; shelter in #Kathmandu @dibang @NaghmaNDTV @kundadixit @toi_BhartiJ http://t.co/hSmZwrWy5b,NepalEarthquake:List of places to get food &amp; shelter in Kathmandu USER USER USER USER URL,other_useful_information,medium,3,other_useful_information,donation_needs_or_offers_or_volunteering_services,0.69494104,0.083853394,False,medium,3,medium,3,True,0,0,False,False,False
593325003082432512,RT @GreenpeaceSG: Our thoughts and prayers are with everyone affected by the #NepalEarthquake. Here's a list of organizations doing... http…,RT USER : Our thoughts and prayers are with everyone affected by the NepalEarthquake. Here's a list of organizations doing... URL,sympathy_and_emotional_support,low,4,sympathy_and_emotional_support,sympathy_and_emotional_support,0.9534145,0.9534145,True,low,4,low,4,True,0,0,False,False,False
593005207371390976,"@dlbhutan remote areas need humantarian aid, shelter, food, medical assistance #NepalEarthquake","USER remote areas need humantarian aid, shelter, food, medical assistance NepalEarthquake",donation_needs_or_offers_or_volunteering_services,medium,3,donation_needs_or_offers_or_volunteering_services,donation_needs_or_offers_or_volunteering_services,0.86330855,0.86330855,True,medium,3,medium,3,True,0,0,False,False,False
592186519441383425,Another useful #facility by #Facebook to help people affected by #earthquake #EarthquakeNepal #Disaster  https://t.co/HanJnPF5eC,Another useful facility by Facebook to help people affected by earthquake EarthquakeNepal Disaster URL,sympathy_and_emotional_support,low,4,sympathy_and_emotional_support,donation_needs_or_offers_or_volunteering_services,0.8558057,0.018974993,False,low,4,medium,3,False,-1,1,False,True,False
592756339530702849,@FoxNews is there anyway you can post his pic so someone may find him in Nepal im his daughter living in MD,USER is there anyway you can post his pic so someone may find him in Nepal im his daughter living in MD,missing_trapped_or_found_people,high,1,missing_trapped_or_found_people,missing_trapped_or_found_people,0.89817965,0.89817965,True,high,1,high,1,True,0,0,False,False,False
593254575668203520,((Noticias SIN)) The Latest on Nepal Quake: Thousands Try to Leave Kathmandu: Thousands line up at bus stations in Kathmandu in bid t...,((Noticias SIN)) The Latest on Nepal Quake: Thousands Try to Leave Kathmandu: Thousands line up at bus stations in Kathmandu in bid t...,displaced_people_and_evacuations,medium_high,2,displaced_people_and_evacuations,displaced_people_and_evacuations,0.80566114,0.80566114,True,medium_high,2,medium_high,2,True,0,0,False,False,False
592339030618021888,"RT @narendramodi: We are in the process of finding more information and are working to reach out to those affected, both at home &amp; in Nepal.","RT USER : We are in the process of finding more information and are working to reach out to those affected, both at home &amp; in Nepal.",other_useful_information,medium,3,other_useful_information,donation_needs_or_offers_or_volunteering_services,0.7929244,0.04593346,False,medium,3,medium,3,True,0,0,False,False,False
592334866823294977,RT @RITURATHAUR: #IndiawithNepal Kudos to Indian PM..  Super proud of him.. http://t.co/UCL6H5VL5F,RT USER : IndiawithNepal Kudos to Indian PM.. Super proud of him.. URL,other_useful_information,medium,3,other_useful_information,sympathy_and_emotional_support,0.45568874,0.15921499,False,medium,3,low,4,False,1,1,True,False,False
592342304427417601,"RT @LTCPeterLerner: #IDF mission to #Nepal to depart at 2230 this evening. 260 strong medical, Search &amp; Rescue &amp; a full field hospital http…","RT USER : IDF mission to Nepal to depart at 2230 this evening. 260 strong medical, Search &amp; Rescue &amp; a full field hospital URL",donation_needs_or_offers_or_volunteering_services,medium,3,donation_needs_or_offers_or_volunteering_services,donation_needs_or_offers_or_volunteering_services,0.6911131,0.6911131,True,medium,3,medium,3,True,0,0,False,False,False
592289413343924224,@BobPisani #NepalQuake #doctorswithoutborders  I just made a donation to DWB to ease some of the human suffering in Nepal.,USER NepalQuake doctorswithoutborders I just made a donation to DWB to ease some of the human suffering in Nepal.,donation_needs_or_offers_or_volunteering_services,medium,3,donation_needs_or_offers_or_volunteering_services,donation_needs_or_offers_or_volunteering_services,0.88623726,0.88623726,True,medium,3,medium,3,True,0,0,False,False,False
593149954794921987,RT @IvanCNN: Aftershock in Kathmandu. One jolt felt like an artillery shell hit. Heard screaming from frightened people around the neighbor…,RT USER : Aftershock in Kathmandu. One jolt felt like an artillery shell hit. Heard screaming from frightened people around the neighbor…,other_useful_information,medium,3,other_useful_information,other_useful_information,0.44269785,0.44269785,True,medium,3,medium,3,True,0,0,False,False,False
592902025991561216,"There's civil unrest/violence in Baltimore and a horrible disaster in Nepal, and all the media cares about is a transgender Republican ὢA","There's civil unrest/violence in Baltimore and a horrible disaster in Nepal, and all the media cares about is a transgender Republican ὢA",other_useful_information,medium,3,other_useful_information,other_useful_information,0.471976,0.471976,True,medium,3,medium,3,True,0,0,False,False,False
592298695661490176,loool what if i told you that praying won't help nepal's situation,loool what if i told you that praying won't help nepal's situation,sympathy_and_emotional_support,low,4,sympathy_and_emotional_support,sympathy_and_emotional_support,0.920105,0.920105,True,low,4,low,4,True,0,0,False,False,False
592341270850211841,RT @SpokespersonMoD: #NepalEarthquake Indian Air Force transport and helicopter assets are on standby for any task given by the government.…,RT USER : NepalEarthquake Indian Air Force transport and helicopter assets are on standby for any task given by the government.…,donation_needs_or_offers_or_volunteering_services,medium,3,donation_needs_or_offers_or_volunteering_services,other_useful_information,0.44975814,0.22999732,False,medium,3,medium,3,True,0,0,False,False,False
600022444628283392,"RT @UNICEF: After devastating #NepalEarthquake, nearly 1m children are in need of urgent assistance. Support our response here: http://t.co…","RT USER : After devastating NepalEarthquake, nearly 1m children are in need of urgent assistance. Support our response here: URL",donation_needs_or_offers_or_volunteering_services,medium,3,donation_needs_or_offers_or_volunteering_services,donation_needs_or_offers_or_volunteering_services,0.8101387,0.8101387,True,medium,3,medium,3,True,0,0,False,False,False
592932042247110657,Facebook rolls out ‘Donate’ button for Nepal earthquake https://t.co/qdp5IMg4t3 via @sharethis,Facebook rolls out ‘Donate’ button for Nepal earthquake URL via USER,donation_needs_or_offers_or_volunteering_services,medium,3,donation_needs_or_offers_or_volunteering_services,donation_needs_or_offers_or_volunteering_services,0.87718856,0.87718856,True,medium,3,medium,3,True,0,0,False,False,False
592329391495053312,"RT @ABC: UPDATE: At least 1,457 believed to be dead after massive earthquake strikes in Nepal: http://t.co/yXKpIsBixf http://t.co/1nhQ48MI2s","RT USER : UPDATE: At least 1,457 believed to be dead after massive earthquake strikes in Nepal: URL URL",injured_or_dead_people,high,1,injured_or_dead_people,injured_or_dead_people,0.96145386,0.96145386,True,high,1,high,1,True,0,0,False,False,False
593180666709319680,RT @GreatKathmandu: Please retweet http://t.co/AfZ6lZ8ElD donations for #nepal #earthquake,RT USER : Please retweet URL donations for nepal earthquake,donation_needs_or_offers_or_volunteering_services,medium,3,donation_needs_or_offers_or_volunteering_services,donation_needs_or_offers_or_volunteering_services,0.87922996,0.87922996,True,medium,3,medium,3,True,0,0,False,False,False
593333859506331648,"RT @nytimesworld: Nepal’s Historic Sites, Before and After http://t.co/DMJjrR2t57","RT USER : Nepal’s Historic Sites, Before and After URL",infrastructure_and_utilities_damage,medium_high,2,infrastructure_and_utilities_damage,infrastructure_and_utilities_damage,0.88552606,0.88552606,True,medium_high,2,medium_high,2,True,0,0,False,False,False
592684312153174016,RT @HMOIndia: We asked states bordering Nepal to send buses to evacuate people. I am thankful to Bihar UP &amp; other state governments for pro…,RT USER : We asked states bordering Nepal to send buses to evacuate people. I am thankful to Bihar UP &amp; other state governments for pro…,displaced_people_and_evacuations,medium_high,2,displaced_people_and_evacuations,displaced_people_and_evacuations,0.79338604,0.79338604,True,medium_high,2,medium_high,2,True,0,0,False,False,False
593178914480087040,RT @WorldWeWant2015: YOU can make a difference! SOLIDARITY goes a long way! #NepalEarthquake FIND OUT HOW! http://t.co/MKAcufxFFb @UNOCHA h…,RT USER : YOU can make a difference! SOLIDARITY goes a long way! NepalEarthquake FIND OUT HOW! URL USER h…,donation_needs_or_offers_or_volunteering_services,medium,3,donation_needs_or_offers_or_volunteering_services,not_related_or_irrelevant,0.4487894,0.10692867,False,medium,3,low,4,False,1,1,True,False,False
592343104021262336,RT @Joe_Sugg: Reading up on it and watching the news. Thoughts are with the families that have lost loved ones #NepalEarthquake,RT USER : Reading up on it and watching the news. Thoughts are with the families that have lost loved ones NepalEarthquake,sympathy_and_emotional_support,low,4,sympathy_and_emotional_support,sympathy_and_emotional_support,0.93859726,0.93859726,True,low,4,low,4,True,0,0,False,False,False
593802112397606914,RT @UNICEF_uk: Millions of children in danger after #NepalEarthquake - Text NEPAL to 70123 to donate £5 T&amp;Cs: http://t.co/SlVO60gbFU http:/…,RT USER : Millions of children in danger after NepalEarthquake - Text NEPAL to 70123 to donate £5 T&amp;Cs: URL URL,donation_needs_or_offers_or_volunteering_services,medium,3,donation_needs_or_offers_or_volunteering_services,donation_needs_or_offers_or_volunteering_services,0.8727737,0.8727737,True,medium,3,medium,3,True,0,0,False,False,False
599911736435609600,RT @Ji_Rupesh: Immature messageὄ7from BRAINLESSὄ9@AamAadmiParty at the time of CRISIS. Can't expect better from MURDER #IndiaWithNepal http:/…,RT USER : Immature messageὄ7from BRAINLESSὄ9 USER at the time of CRISIS. Can't expect better from MURDER IndiaWithNepal URL,not_related_or_irrelevant,low,4,not_related_or_irrelevant,not_related_or_irrelevant,0.5730054,0.5730054,True,low,4,low,4,True,0,0,False,False,False
592321947624550400,RT @snobers: #Nepal’s UNESCO heritage landmarks before &amp; After #NepalEarthquake 1. Maju Deval 2. Dharahara Tower #Kathmandu #quake http://t…,RT USER : Nepal’s UNESCO heritage landmarks before &amp; After NepalEarthquake 1. Maju Deval 2. Dharahara Tower Kathmandu quake URL,other_useful_information,medium,3,other_useful_information,infrastructure_and_utilities_damage,0.88423526,0.045994215,False,medium,3,medium_high,2,False,-1,1,False,True,False
593110945095929856,RT @CNNMoney: #NepalQuakeRelief donations so far: - 7 countries = $25M - nonprofits = $2.5M More:  http://t.co/qvmbU8R2wX http://t.co/Pyc1V…,RT USER : NepalQuakeRelief donations so far: - 7 countries = $25M - nonprofits = $2.5M More: URL URL,donation_needs_or_offers_or_volunteering_services,medium,3,donation_needs_or_offers_or_volunteering_services,donation_needs_or_offers_or_volunteering_services,0.88403404,0.88403404,True,medium,3,medium,3,True,0,0,False,False,False
592344880988299264,RT @AUThackeray: All Shiv Sena MPs will give their 1 month's salary to @PMOIndia 's relief fund for #NepalQuakeRelief . #StandwithNepal,RT USER : All Shiv Sena MPs will give their 1 month's salary to USER 's relief fund for NepalQuakeRelief . StandwithNepal,donation_needs_or_offers_or_volunteering_services,medium,3,donation_needs_or_offers_or_volunteering_services,donation_needs_or_offers_or_volunteering_services,0.8363735,0.8363735,True,medium,3,medium,3,True,0,0,False,False,False
592737382274879489,Another big jerk in kathmandu...i hope it stops soon. People stop ignoring and help us. Please even $1 helps...,Another big jerk in kathmandu...i hope it stops soon. People stop ignoring and help us. Please even $1 helps...,donation_needs_or_offers_or_volunteering_services,medium,3,donation_needs_or_offers_or_volunteering_services,donation_needs_or_offers_or_volunteering_services,0.82470167,0.82470167,True,medium,3,medium,3,True,0,0,False,False,False
592701088677134338,RT @noconversion: India offered $1 Billion loan help $10+ Mil as aid  US offer $1M as aid  + Army of Missionaries   #SoulVultures  http://t…,RT USER : India offered $1 Billion loan help $10+ Mil as aid US offer $1M as aid + Army of Missionaries SoulVultures URL,donation_needs_or_offers_or_volunteering_services,medium,3,donation_needs_or_offers_or_volunteering_services,donation_needs_or_offers_or_volunteering_services,0.8713152,0.8713152,True,medium,3,medium,3,True,0,0,False,False,False
592732198521982979,I just wish it all to be bad dream when i wake up tomorrow so that i can worry about my college assignments #NepalQuake,I just wish it all to be bad dream when i wake up tomorrow so that i can worry about my college assignments NepalQuake,not_related_or_irrelevant,low,4,not_related_or_irrelevant,sympathy_and_emotional_support,0.83899015,0.019264769,False,low,4,low,4,True,0,0,False,False,False
591989267968167936,RT @liveleak: Many people killed and injured in powerful quake in Nepal: Scores of people have been killed and many injured ... http://t.co…,RT USER : Many people killed and injured in powerful quake in Nepal: Scores of people have been killed and many injured ... URL,injured_or_dead_people,high,1,injured_or_dead_people,injured_or_dead_people,0.96252614,0.96252614,True,high,1,high,1,True,0,0,False,False,False
593604958769061888,TwitchSharing IMC_Worldwide #fundraising for #NepalQuake on #twitch with Telltale's #TheWa… http://t.co/ufMHP05Nnr http://t.co/IwzDtonCeH,TwitchSharing IMC_Worldwide fundraising for NepalQuake on twitch with Telltale's TheWa… URL URL,donation_needs_or_offers_or_volunteering_services,medium,3,donation_needs_or_offers_or_volunteering_services,donation_needs_or_offers_or_volunteering_services,0.8768069,0.8768069,True,medium,3,medium,3,True,0,0,False,False,False
592979541477330944,"#GoManny     God Bless You po  #NepalEarthquake  Trust God ,, Dont loose Hope","GoManny God Bless You po NepalEarthquake Trust God ,, Dont loose Hope",sympathy_and_emotional_support,low,4,sympathy_and_emotional_support,sympathy_and_emotional_support,0.9536027,0.9536027,True,low,4,low,4,True,0,0,False,False,False
593829013040173057,"RT @thesushmitasen: Kalighat!Prayed for all of us!!! My deepest prayers for lives in Nepal..courage to endure, heal n find peace! #Faith ht…","RT USER : Kalighat!Prayed for all of us!!! My deepest prayers for lives in Nepal..courage to endure, heal n find peace! Faith ht…",sympathy_and_emotional_support,low,4,sympathy_and_emotional_support,sympathy_and_emotional_support,0.9566526,0.9566526,True,low,4,low,4,True,0,0,False,False,False
592618328641810433,RT @Sudhks: We know u won't let our hopes and heads down. #ThankYouPM #SaviourPM #IndiaWithNepal #NepalEarthquake http://t.co/zGesu0WZCt,RT USER : We know u won't let our hopes and heads down. ThankYouPM SaviourPM IndiaWithNepal NepalEarthquake URL,sympathy_and_emotional_support,low,4,sympathy_and_emotional_support,sympathy_and_emotional_support,0.85523367,0.85523367,True,low,4,low,4,True,0,0,False,False,False
592824371703590913,"RT @SkyNews: More than 4,000 people have died following Saturday's earthquake in Nepal, officials say #NepalEarthquake http://t.co/w3ztO7pu…","RT USER : More than 4,000 people have died following Saturday's earthquake in Nepal, officials say NepalEarthquake URL",injured_or_dead_people,high,1,injured_or_dead_people,injured_or_dead_people,0.960166,0.960166,True,high,1,high,1,True,0,0,False,False,False
592339797911343104,"RT @Roy_Journo: ShubhamPrabhakar(front) was last in #Nepal.My jr. frm school,any info about him pls. contact 8197247205. Kindly RT. http://…","RT USER : ShubhamPrabhakar(front) was last in Nepal.My jr. frm school,any info about him pls. contact 8197247205. Kindly RT. URL",missing_trapped_or_found_people,high,1,missing_trapped_or_found_people,missing_trapped_or_found_people,0.43673444,0.43673444,True,high,1,high,1,True,0,0,False,False,False
593144673121783808,"How to donate to Nepal earthquake relief efforts through iTunes, Facebook and more http://t.co/2z7o0q3nCy http://t.co/u2oNX1ZB3x","How to donate to Nepal earthquake relief efforts through iTunes, Facebook and more URL URL",donation_needs_or_offers_or_volunteering_services,medium,3,donation_needs_or_offers_or_volunteering_services,donation_needs_or_offers_or_volunteering_services,0.8876259,0.8876259,True,medium,3,medium,3,True,0,0,False,False,False
592344157873696769,RT @JoeyBragg: My heart goes out to everyone in Nepal.,RT USER : My heart goes out to everyone in Nepal.,sympathy_and_emotional_support,low,4,sympathy_and_emotional_support,sympathy_and_emotional_support,0.9493301,0.9493301,True,low,4,low,4,True,0,0,False,False,False
592665039955460096,RT @HDLindiaOrg: Bollywood #AdarshLiberal can bark only on #BeefBan &amp;Gaza but no words for #NepalEarthquake Victims. Bloody hypocrites. #Th…,RT USER : Bollywood AdarshLiberal can bark only on BeefBan &amp;Gaza but no words for NepalEarthquake Victims. Bloody hypocrites. Th…,other_useful_information,medium,3,other_useful_information,not_related_or_irrelevant,0.59735274,0.22178318,False,medium,3,low,4,False,1,1,True,False,False
592085562904813568,"RT @Sumair1993: 31/48 humanity that even if 1% of what He has under His feet - as compassion, spiritual authority and love - is given to hu…","RT USER : 31/48 humanity that even if 1% of what He has under His feet - as compassion, spiritual authority and love - is given to hu…",not_related_or_irrelevant,low,4,not_related_or_irrelevant,not_related_or_irrelevant,0.369397,0.369397,True,low,4,low,4,True,0,0,False,False,False
592343878474293250,RT @washingtonpost: Experts had warned for decades that Nepal was vulnerable to a killer quake http://t.co/3Gb2ESbfpZ,RT USER : Experts had warned for decades that Nepal was vulnerable to a killer quake URL,other_useful_information,medium,3,other_useful_information,other_useful_information,0.71562105,0.71562105,True,medium,3,medium,3,True,0,0,False,False,False
591992442049560577,RT @Karachi_Post: Nearly 1500 reported dead so far in #Nepal Earth quake.Toll expected to rise,RT USER : Nearly 1500 reported dead so far in Nepal Earth quake.Toll expected to rise,injured_or_dead_people,high,1,injured_or_dead_people,injured_or_dead_people,0.96366185,0.96366185,True,high,1,high,1,True,0,0,False,False,False
591915487350493184,RT @rileyhalden: Sending ALL the love to those affected by the 7.9 earthquake that hit Nepal http://t.co/gcpC5N1rub #earthquake #NepalQuake,RT USER : Sending ALL the love to those affected by the 7.9 earthquake that hit Nepal URL earthquake NepalQuake,sympathy_and_emotional_support,low,4,sympathy_and_emotional_support,sympathy_and_emotional_support,0.9376017,0.9376017,True,low,4,low,4,True,0,0,False,False,False
592689836856844288,RT @GlobalBC: 5 facts about the #Nepal earthquake http://t.co/RqVBnOUdHY,RT USER : 5 facts about the Nepal earthquake URL,other_useful_information,medium,3,other_useful_information,other_useful_information,0.8155464,0.8155464,True,medium,3,medium,3,True,0,0,False,False,False
592656993615228929,"RT @ANI_news: Vadodara (Gujarat): Students express their solidarity with Nepal, offer prayers for the victims of #NepalEarthquake. http://t…","RT USER : Vadodara (Gujarat): Students express their solidarity with Nepal, offer prayers for the victims of NepalEarthquake. URL",sympathy_and_emotional_support,low,4,sympathy_and_emotional_support,sympathy_and_emotional_support,0.95550513,0.95550513,True,low,4,low,4,True,0,0,False,False,False
592141687754883072,"RT @IsanGroula: #Kathmandu if your WiFi is working, #FreetheWiFi. Disable the password. Let people connect.","RT USER : Kathmandu if your WiFi is working, FreetheWiFi. Disable the password. Let people connect.",donation_needs_or_offers_or_volunteering_services,medium,3,donation_needs_or_offers_or_volunteering_services,other_useful_information,0.40827173,0.05738208,False,medium,3,medium,3,True,0,0,False,False,False
592377791410089984,RT @rahulsinghx: EXCLUSIVE: Army chief Gen Dalbir Singh cancels Sri Lanka tour (Apr27-30) as he wants to monitor rescue n relief ops in Nep…,RT USER : EXCLUSIVE: Army chief Gen Dalbir Singh cancels Sri Lanka tour (Apr27-30) as he wants to monitor rescue n relief ops in Nep…,donation_needs_or_offers_or_volunteering_services,medium,3,donation_needs_or_offers_or_volunteering_services,donation_needs_or_offers_or_volunteering_services,0.66336703,0.66336703,True,medium,3,medium,3,True,0,0,False,False,False
592256527152484352,RT @Raheelk: For everyone in Nepal.  https://t.co/54YPD0W9WG,RT USER : For everyone in Nepal. URL,other_useful_information,medium,3,other_useful_information,sympathy_and_emotional_support,0.9121397,0.019131798,False,medium,3,low,4,False,1,1,True,False,False
592685210304696321,"RT @MihirBijur: Dear @Lenskart_com, you shameless, insensitive bastards. I'm NEVER buying from you!!! #NepalEarthquake http://t.co/KzfPbRZG…","RT USER : Dear USER , you shameless, insensitive bastards. I'm NEVER buying from you!!! NepalEarthquake URL",not_related_or_irrelevant,low,4,not_related_or_irrelevant,not_related_or_irrelevant,0.7314144,0.7314144,True,low,4,low,4,True,0,0,False,False,False
591972670918496256,Earthquake in Nepal Kills Hundreds and Levels Buildings - New York Times - http://t.co/cqIpqKySR7,Earthquake in Nepal Kills Hundreds and Levels Buildings - New York Times - URL,other_useful_information,medium,3,other_useful_information,injured_or_dead_people,0.9436085,0.009231723,False,medium,3,high,1,False,-2,2,False,True,True
592342776181858304,"RT @JackSWS: My heart going out to the people of Nepal right now, so sadὡEὡE","RT USER : My heart going out to the people of Nepal right now, so sadὡEὡE",sympathy_and_emotional_support,low,4,sympathy_and_emotional_support,sympathy_and_emotional_support,0.9530995,0.9530995,True,low,4,low,4,True,0,0,False,False,False
593028888600674305,This Nepal earthquake survivor was buried for 50 hours before being rescued http://t.co/VsKS74Sl0n,This Nepal earthquake survivor was buried for 50 hours before being rescued URL,missing_trapped_or_found_people,high,1,missing_trapped_or_found_people,missing_trapped_or_found_people,0.92259485,0.92259485,True,high,1,high,1,True,0,0,False,False,False
597721513018687488,"RT @allkpop: Park Shin Hye donates $28,000 to the Nepal earthquake relief fund through 'Hunger Saver' http://t.co/gFQG8hB2m0 http://t.co/ZE…","RT USER : Park Shin Hye donates $28,000 to the Nepal earthquake relief fund through 'Hunger Saver' URL URL",donation_needs_or_offers_or_volunteering_services,medium,3,donation_needs_or_offers_or_volunteering_services,donation_needs_or_offers_or_volunteering_services,0.88769567,0.88769567,True,medium,3,medium,3,True,0,0,False,False,False
592251762196750336,RT @dandavats_com: Let us come together to pray for those affected by the earthquake in Nepal and India. ISKCON Nepal has set up a rel… htt…,RT USER : Let us come together to pray for those affected by the earthquake in Nepal and India. ISKCON Nepal has set up a rel… htt…,sympathy_and_emotional_support,low,4,sympathy_and_emotional_support,sympathy_and_emotional_support,0.9290899,0.9290899,True,low,4,low,4,True,0,0,False,False,False
593276690635227136,This one is nice!!! #IndiaWithNepal http://t.co/Javy5H03Uw,This one is nice!!! IndiaWithNepal URL,not_related_or_irrelevant,low,4,not_related_or_irrelevant,not_related_or_irrelevant,0.603674,0.603674,True,low,4,low,4,True,0,0,False,False,False
593312043748331521,PLEASE PRAY FOR HUMANITY &amp; PEOPLE WHO DIED &amp; INJURED IN EARTQUAKE IN INDIA &amp; IN NEPAL MAY GOD PROTECT AND BLESS ALL HUMAN BEINGS &amp; HUMANITY,PLEASE PRAY FOR HUMANITY &amp; PEOPLE WHO DIED &amp; INJURED IN EARTQUAKE IN INDIA &amp; IN NEPAL MAY GOD PROTECT AND BLESS ALL HUMAN BEINGS &amp; HUMANITY,sympathy_and_emotional_support,low,4,sympathy_and_emotional_support,sympathy_and_emotional_support,0.94686645,0.94686645,True,low,4,low,4,True,0,0,False,False,False
592353565483597824,IHH Search and Rescue Team has begun work in earthquake-hit Nepal. http://t.co/7cYzF86cq2,IHH Search and Rescue Team has begun work in earthquake-hit Nepal. URL,other_useful_information,medium,3,other_useful_information,donation_needs_or_offers_or_volunteering_services,0.7225643,0.08186109,False,medium,3,medium,3,True,0,0,False,False,False
592684006644260864,"RT @gauravcsawant: Hope &amp; prayer at Everest ""@DailyO_: #NepalEarthquake: #IndianArmy doesn't let you lose hope by @gauravcsawant | http://t…","RT USER : Hope &amp; prayer at Everest "" USER : NepalEarthquake: IndianArmy doesn't let you lose hope by USER | URL",sympathy_and_emotional_support,low,4,sympathy_and_emotional_support,sympathy_and_emotional_support,0.9495969,0.9495969,True,low,4,low,4,True,0,0,False,False,False
593110560872341504,RT @Keisar_: Who needs a True God when you have Indian Defence Forces...Respect! #NepalQuakeRelief http://t.co/iI1LN6gPHz,RT USER : Who needs a True God when you have Indian Defence Forces...Respect! NepalQuakeRelief URL,donation_needs_or_offers_or_volunteering_services,medium,3,donation_needs_or_offers_or_volunteering_services,not_related_or_irrelevant,0.46474448,0.06125485,False,medium,3,low,4,False,1,1,True,False,False
592353726817443841,RT @the_hindu: The world’s strongest #earthquakes since 1900 #NepalEarthquake http://t.co/w3OBD5Dd0t,RT USER : The world’s strongest earthquakes since 1900 NepalEarthquake URL,other_useful_information,medium,3,other_useful_information,other_useful_information,0.7714105,0.7714105,True,medium,3,medium,3,True,0,0,False,False,False
593305199890079744,"Death toll from Nepal earthquake rises to more than 4,700, with more than 9,000 injured. http://t.co/J12YUPMiyv.","Death toll from Nepal earthquake rises to more than 4,700, with more than 9,000 injured. URL",injured_or_dead_people,high,1,injured_or_dead_people,injured_or_dead_people,0.9628668,0.9628668,True,high,1,high,1,True,0,0,False,False,False
592321120277135360,RT @MEAIndia: #NepalEarthquake Update: 4 flights have returned from KTM with stranded Indians. Ten flights planned for day with personnel a…,RT USER : NepalEarthquake Update: 4 flights have returned from KTM with stranded Indians. Ten flights planned for day with personnel a…,displaced_people_and_evacuations,medium_high,2,displaced_people_and_evacuations,missing_trapped_or_found_people,0.47210732,0.41191533,False,medium_high,2,high,1,False,-1,1,False,True,False
592698206007463936,RT @MEAIndia: #IndiawithNepal More details on India's relief and rescue efforts to Nepal under #OperationMaitri http://t.co/Lv2Wgbm52L,RT USER : IndiawithNepal More details on India's relief and rescue efforts to Nepal under OperationMaitri URL,donation_needs_or_offers_or_volunteering_services,medium,3,donation_needs_or_offers_or_volunteering_services,donation_needs_or_offers_or_volunteering_services,0.84465677,0.84465677,True,medium,3,medium,3,True,0,0,False,False,False
593122765546205184,Before and After Photos of Historic Monuments Ruined in Nepal Quake: The death toll in Nepal from last weekend... http://t.co/pztt5WtapQ,Before and After Photos of Historic Monuments Ruined in Nepal Quake: The death toll in Nepal from last weekend... URL,injured_or_dead_people,high,1,injured_or_dead_people,injured_or_dead_people,0.6707004,0.6707004,True,high,1,high,1,True,0,0,False,False,False
593112804263067649,RT @itsPrinceInsan: Salute 2 @derasachasauda chief @Gurmeetramrahim 4 his grt step 4 #Nepalquake victims #MSGHelpEarthquakeVictims... http:…,RT USER : Salute 2 USER chief USER 4 his grt step 4 Nepalquake victims MSGHelpEarthquakeVictims... URL,injured_or_dead_people,high,1,injured_or_dead_people,injured_or_dead_people,0.8093812,0.8093812,True,high,1,high,1,True,0,0,False,False,False
592344738361028608,RT @AP: BREAKING: #USGS says Kathmandu region hit by magnitude 6.7 aftershock,RT USER : BREAKING: USGS says Kathmandu region hit by magnitude 6.7 aftershock,other_useful_information,medium,3,other_useful_information,other_useful_information,0.5294454,0.5294454,True,medium,3,medium,3,True,0,0,False,False,False
593044803878670338,RT @AnneFHughes: Nepal needs help.  I have been personally involved with @dzifoundation. I trust them completely.  Please donate. https://t…,RT USER : Nepal needs help. I have been personally involved with USER . I trust them completely. Please donate. URL,donation_needs_or_offers_or_volunteering_services,medium,3,donation_needs_or_offers_or_volunteering_services,donation_needs_or_offers_or_volunteering_services,0.85808164,0.85808164,True,medium,3,medium,3,True,0,0,False,False,False
592740825391575041,An overwhelming sense of helplessness over Nepal is seeping in. Hope we can pick up the pieces soon.,An overwhelming sense of helplessness over Nepal is seeping in. Hope we can pick up the pieces soon.,sympathy_and_emotional_support,low,4,sympathy_and_emotional_support,sympathy_and_emotional_support,0.8958482,0.8958482,True,low,4,low,4,True,0,0,False,False,False
593331668200476672,The Latest on Nepal: Protesters complain no aid reached them http://t.co/Q655vEXFa1 Free tool online http://t.co/J90dT28MyB,The Latest on Nepal: Protesters complain no aid reached them URL Free tool online URL,other_useful_information,medium,3,other_useful_information,donation_needs_or_offers_or_volunteering_services,0.7574408,0.11857552,False,medium,3,medium,3,True,0,0,False,False,False
592349417115553792,Please take a moment or more out of your day today and pray for Nepal. ❤️ http://t.co/O1pcgiJRUZ,Please take a moment or more out of your day today and pray for Nepal. ❤️ URL,sympathy_and_emotional_support,low,4,sympathy_and_emotional_support,sympathy_and_emotional_support,0.9542876,0.9542876,True,low,4,low,4,True,0,0,False,False,False
592600384452997120,#The Latest on #Nepal Quake Foreign Tourists out in the Cold  http://t.co/qXH2aUQaLy #GMT #military,The Latest on Nepal Quake Foreign Tourists out in the Cold URL GMT military,missing_trapped_or_found_people,high,1,missing_trapped_or_found_people,missing_trapped_or_found_people,0.38518226,0.38518226,True,high,1,high,1,True,0,0,False,False,False
592137499322941440,Add hit songs to your videos - FREE APP TODAY! http://t.co/dJ1DKauKxf #Nepal,Add hit songs to your videos - FREE APP TODAY! URL Nepal,not_related_or_irrelevant,low,4,not_related_or_irrelevant,not_related_or_irrelevant,0.5131232,0.5131232,True,low,4,low,4,True,0,0,False,False,False
592889233666404354,RT @ESPN_CoachMack: “@TheSamAcho: This world that we live in is broken and hurting. We need hope #Baltimore #Nepal” So true my friend!,RT USER : “ USER : This world that we live in is broken and hurting. We need hope Baltimore Nepal” So true my friend!,sympathy_and_emotional_support,low,4,sympathy_and_emotional_support,sympathy_and_emotional_support,0.9360709,0.9360709,True,low,4,low,4,True,0,0,False,False,False
592343015756169216,"RT @siobhanheanue: Still can't believe what I witnessed in #NepalQuake today. History crumbling, a nation in despair. http://t.co/sFcOj2vzVi","RT USER : Still can't believe what I witnessed in NepalQuake today. History crumbling, a nation in despair. URL",infrastructure_and_utilities_damage,medium_high,2,infrastructure_and_utilities_damage,other_useful_information,0.4386072,0.17696789,False,medium_high,2,medium,3,False,1,1,True,False,False
592700345656172544,RT @sadierob: Thoughts and prayers are with everyone who was involved in the Nepal earthquake. Praying for the families of those who lost t…,RT USER : Thoughts and prayers are with everyone who was involved in the Nepal earthquake. Praying for the families of those who lost t…,sympathy_and_emotional_support,low,4,sympathy_and_emotional_support,sympathy_and_emotional_support,0.9531074,0.9531074,True,low,4,low,4,True,0,0,False,False,False
593346692034011136,"RT @nepalitimes: After 82 hours,Rishi Khanal is pulled out alive from underneath fallen floors http://t.co/kKCiImlIau #NepalEarthquake http…","RT USER : After 82 hours,Rishi Khanal is pulled out alive from underneath fallen floors URL NepalEarthquake URL",missing_trapped_or_found_people,high,1,missing_trapped_or_found_people,missing_trapped_or_found_people,0.92798996,0.92798996,True,high,1,high,1,True,0,0,False,False,False
593273575198494722,RT @paddukonisetti: This #Amul ad of Himalayan tragedy is very thoughful #NepalEarthquake http://t.co/JBYQDMnAld,RT USER : This Amul ad of Himalayan tragedy is very thoughful NepalEarthquake URL,other_useful_information,medium,3,other_useful_information,other_useful_information,0.5513731,0.5513731,True,medium,3,medium,3,True,0,0,False,False,False
593830956856905730,RT @CBSNews: Amazing story of survival: Rescuers find baby buried under rubble in Nepal for 22 hrs — alive http://t.co/QRRTIEL1wW http://t.…,RT USER : Amazing story of survival: Rescuers find baby buried under rubble in Nepal for 22 hrs — alive URL URL,missing_trapped_or_found_people,high,1,missing_trapped_or_found_people,missing_trapped_or_found_people,0.9272011,0.9272011,True,high,1,high,1,True,0,0,False,False,False
592344180359241728,RT @ElisabethGee_23: please #PrayForNepal http://t.co/pvbKqG2EPX,RT USER : please PrayForNepal URL,sympathy_and_emotional_support,low,4,sympathy_and_emotional_support,sympathy_and_emotional_support,0.95460373,0.95460373,True,low,4,low,4,True,0,0,False,False,False
592343766029185024,"RT @WorldVisionUSA: Children after Nepal earthquake scared, won't let go of parents. It's freezing—need shelter: http://t.co/ZqF1mLvnHg htt…","RT USER : Children after Nepal earthquake scared, won't let go of parents. It's freezing—need shelter: URL htt…",other_useful_information,medium,3,other_useful_information,displaced_people_and_evacuations,0.5538674,0.16070697,False,medium,3,medium_high,2,False,-1,1,False,True,False
592336650098708480,RT @RohitVBhardwaj: My heart goes out for India and Nepal . Praying for everyone's well being . Condolence for departed souls #RIP http://t…,RT USER : My heart goes out for India and Nepal . Praying for everyone's well being . Condolence for departed souls RIP URL,sympathy_and_emotional_support,low,4,sympathy_and_emotional_support,sympathy_and_emotional_support,0.9553769,0.9553769,True,low,4,low,4,True,0,0,False,False,False
593156830534078464,"RT @ggiittiikkaa: After Indian Air Force, Indian Army and  NDRF, Indian Navy too joins rescue-relief ops in Nepal with their medical staff.…","RT USER : After Indian Air Force, Indian Army and NDRF, Indian Navy too joins rescue-relief ops in Nepal with their medical staff.…",donation_needs_or_offers_or_volunteering_services,medium,3,donation_needs_or_offers_or_volunteering_services,donation_needs_or_offers_or_volunteering_services,0.82569796,0.82569796,True,medium,3,medium,3,True,0,0,False,False,False
597724832265052160,"RT @UNICEF: #NepalEarthquake: 1.7m children are in desperate need of vital aid including clean water, shelter &amp; sanitation http://t.co/W3Um…","RT USER : NepalEarthquake: 1.7m children are in desperate need of vital aid including clean water, shelter &amp; sanitation URL",donation_needs_or_offers_or_volunteering_services,medium,3,donation_needs_or_offers_or_volunteering_services,donation_needs_or_offers_or_volunteering_services,0.8493374,0.8493374,True,medium,3,medium,3,True,0,0,False,False,False
592690177681825794,"RT @BhavnaInsan7: Mobile hospital,Food,Doctors being sent to nepal by @derasachasauda under the guidance of Guruji @Gurmeetramrahim  #MSGHe…","RT USER : Mobile hospital,Food,Doctors being sent to nepal by USER under the guidance of Guruji USER MSGHe…",donation_needs_or_offers_or_volunteering_services,medium,3,donation_needs_or_offers_or_volunteering_services,donation_needs_or_offers_or_volunteering_services,0.8340831,0.8340831,True,medium,3,medium,3,True,0,0,False,False,False
592272783587078144,"RT @cnni: BREAKING: Death toll in massive Nepal earthquake tops 1,800, Home Ministry official tells CNN","RT USER : BREAKING: Death toll in massive Nepal earthquake tops 1,800, Home Ministry official tells CNN",injured_or_dead_people,high,1,injured_or_dead_people,injured_or_dead_people,0.96430457,0.96430457,True,high,1,high,1,True,0,0,False,False,False
593780878779645954,#OlivettaChantal New beautiful pic of baby rescued from Nepal's earthquake rubble: The 4-mont... http://t.co/rx27nTNDqP #OlivettaChantal,OlivettaChantal New beautiful pic of baby rescued from Nepal's earthquake rubble: The 4-mont... URL OlivettaChantal,missing_trapped_or_found_people,high,1,missing_trapped_or_found_people,missing_trapped_or_found_people,0.90961856,0.90961856,True,high,1,high,1,True,0,0,False,False,False
592752900960563202,Spain seeks India’s help in getting its nationals out of Nepal - The Times of India http://t.co/5duy992epx via @timesofindia,Spain seeks India’s help in getting its nationals out of Nepal - The Times of India URL via USER,displaced_people_and_evacuations,medium_high,2,displaced_people_and_evacuations,displaced_people_and_evacuations,0.69628185,0.69628185,True,medium_high,2,medium_high,2,True,0,0,False,False,False
593828081774796800,"RT @nepalitimes: If you want to help, here's a comprehensive list of organisations and individuals that are helping earthquake victims http…","RT USER : If you want to help, here's a comprehensive list of organisations and individuals that are helping earthquake victims URL",donation_needs_or_offers_or_volunteering_services,medium,3,donation_needs_or_offers_or_volunteering_services,donation_needs_or_offers_or_volunteering_services,0.8686832,0.8686832,True,medium,3,medium,3,True,0,0,False,False,False
592266195606188033,"@neeleshmisra sir, they should also not be asking stupid question to ppl in Nepal such -how are you feeling now? Devastated Obviously","USER sir, they should also not be asking stupid question to ppl in Nepal such -how are you feeling now? Devastated Obviously",not_related_or_irrelevant,low,4,not_related_or_irrelevant,other_useful_information,0.3281799,0.21382804,False,low,4,medium,3,False,-1,1,False,True,False
592358000112861186,"C/O WORLD NEWS BLOG Nepal quake kills, traps climbers on Mount Everest http://t.co/A55suM9CAA","C/O WORLD NEWS BLOG Nepal quake kills, traps climbers on Mount Everest URL",injured_or_dead_people,high,1,injured_or_dead_people,injured_or_dead_people,0.93940943,0.93940943,True,high,1,high,1,True,0,0,False,False,False
592344667942825984,RT @TheMahiraKhan: Heartbreaking to see the devastation in Nepal..,RT USER : Heartbreaking to see the devastation in Nepal..,sympathy_and_emotional_support,low,4,sympathy_and_emotional_support,sympathy_and_emotional_support,0.93173087,0.93173087,True,low,4,low,4,True,0,0,False,False,False
592700205948100608,RT @UNICEF_uk: #Breaking: Nearly 1 million children require urgent humanitarian assistance after #NepalEarthquake http://t.co/ix6cdq7jMf,RT USER : Breaking: Nearly 1 million children require urgent humanitarian assistance after NepalEarthquake URL,donation_needs_or_offers_or_volunteering_services,medium,3,donation_needs_or_offers_or_volunteering_services,donation_needs_or_offers_or_volunteering_services,0.7428161,0.7428161,True,medium,3,medium,3,True,0,0,False,False,False
592872096914644992,UK aid leaves for Nepal on RAF plane: An RAF flight carrying UK aid and British Army Gurkhas is flying to Nepa... http://t.co/zae9sqI5PR,UK aid leaves for Nepal on RAF plane: An RAF flight carrying UK aid and British Army Gurkhas is flying to Nepa... URL,donation_needs_or_offers_or_volunteering_services,medium,3,donation_needs_or_offers_or_volunteering_services,donation_needs_or_offers_or_volunteering_services,0.8448185,0.8448185,True,medium,3,medium,3,True,0,0,False,False,False
593817582685310977,RT @UKScouting: Nepal Scouts are stepping up to provide support after Saturday's earthquake. Find out more: http://t.co/IcSVfcUKhB http://t…,RT USER : Nepal Scouts are stepping up to provide support after Saturday's earthquake. Find out more: URL URL,donation_needs_or_offers_or_volunteering_services,medium,3,donation_needs_or_offers_or_volunteering_services,donation_needs_or_offers_or_volunteering_services,0.83644664,0.83644664,True,medium,3,medium,3,True,0,0,False,False,False
593440530542931968,"""Time of the essence"" for Nepal victims says UN in $415 million appeal http://t.co/lvr6FZt9ET","""Time of the essence"" for Nepal victims says UN in $415 million appeal URL",other_useful_information,medium,3,other_useful_information,donation_needs_or_offers_or_volunteering_services,0.80634046,0.063836895,False,medium,3,medium,3,True,0,0,False,False,False
592338885927182337,RT @sajjad_irfan: OH Allah yOu are most Forgiving &amp; You love to forgive so forgive usὤF  #NepalEarthquake #PrayForNepal http://t.co/JQQ7KCaZ…,RT USER : OH Allah yOu are most Forgiving &amp; You love to forgive so forgive usὤF NepalEarthquake PrayForNepal URL,sympathy_and_emotional_support,low,4,sympathy_and_emotional_support,sympathy_and_emotional_support,0.9546061,0.9546061,True,low,4,low,4,True,0,0,False,False,False
593749452034285568,RT @carolineheldman: @USEMbassyNepal #American Beverly Brown Brooks+her group who were reported missing are safe! #Langtang #hope #Nepal,RT USER : USER American Beverly Brown Brooks+her group who were reported missing are safe! Langtang hope Nepal,missing_trapped_or_found_people,high,1,missing_trapped_or_found_people,missing_trapped_or_found_people,0.9167995,0.9167995,True,high,1,high,1,True,0,0,False,False,False
592612974302367744,What caused the Nepal earthquake? – Al Jazeera English http://t.co/DxVNjM03iL,What caused the Nepal earthquake? – Al Jazeera English URL,other_useful_information,medium,3,other_useful_information,other_useful_information,0.7487431,0.7487431,True,medium,3,medium,3,True,0,0,False,False,False
593115676107149312,"RT @dpradhanbjp: Had a joint discussion with IOCL,SSB,Cons.Gen.,IndianEmbassy,Nepal &amp; representatives from #earthquake affected areas. http…","RT USER : Had a joint discussion with IOCL,SSB,Cons.Gen.,IndianEmbassy,Nepal &amp; representatives from earthquake affected areas. URL",donation_needs_or_offers_or_volunteering_services,medium,3,donation_needs_or_offers_or_volunteering_services,other_useful_information,0.56838924,0.20394991,False,medium,3,medium,3,True,0,0,False,False,False
592158813391720448,"No new patients arriving at Nepal Medical College,  Jorpati at the moment.","No new patients arriving at Nepal Medical College, Jorpati at the moment.",other_useful_information,medium,3,other_useful_information,displaced_people_and_evacuations,0.5638141,0.1012054,False,medium,3,medium_high,2,False,-1,1,False,True,False
592181225688682496,"@TshiamoMatlala @Jentezen  Nepal is Hindu/Buddhist Country but Gospel has been there for 50 years, We are Praying that People Turn to Jesus","USER USER Nepal is Hindu/Buddhist Country but Gospel has been there for 50 years, We are Praying that People Turn to Jesus",not_related_or_irrelevant,low,4,not_related_or_irrelevant,sympathy_and_emotional_support,0.9067901,0.022219934,False,low,4,low,4,True,0,0,False,False,False
593032908702621696,"Our teams report that the most needed items are food, shelter, pain killers, antibiotics and stretchers. #NepalQuake http://t.co/5neAEBCf5p","Our teams report that the most needed items are food, shelter, pain killers, antibiotics and stretchers. NepalQuake URL",donation_needs_or_offers_or_volunteering_services,medium,3,donation_needs_or_offers_or_volunteering_services,donation_needs_or_offers_or_volunteering_services,0.7424709,0.7424709,True,medium,3,medium,3,True,0,0,False,False,False
592764906555973635,@mormontimes something from Nepal https://t.co/7PzQ8iv1B8,USER something from Nepal URL,not_related_or_irrelevant,low,4,not_related_or_irrelevant,other_useful_information,0.30449358,0.13563731,False,low,4,medium,3,False,-1,1,False,True,False
593077445672112128,"RT @NehaT_: We have compiled a list of NGOs working for Nepal. If you wish to help, click here -  http://t.co/sD04Mpbi7c. Spread the word. …","RT USER : We have compiled a list of NGOs working for Nepal. If you wish to help, click here - URL Spread the word. …",donation_needs_or_offers_or_volunteering_services,medium,3,donation_needs_or_offers_or_volunteering_services,donation_needs_or_offers_or_volunteering_services,0.8721316,0.8721316,True,medium,3,medium,3,True,0,0,False,False,False
592084542132920320,"RT @noorabaloch2: Base camp sherpas running down the mountain, not even stopping in Lobouche! #Everest #NepalQuake http://t.co/NuL3UgIBlS","RT USER : Base camp sherpas running down the mountain, not even stopping in Lobouche! Everest NepalQuake URL",other_useful_information,medium,3,other_useful_information,other_useful_information,0.5524099,0.5524099,True,medium,3,medium,3,True,0,0,False,False,False
592203704301846529,RT @AnupamkPandey: From #Varanasi ; 236 Nepali Swayamsevaks reached to Nepal to help Injured #NepalEarthquake #RSS,RT USER : From Varanasi ; 236 Nepali Swayamsevaks reached to Nepal to help Injured NepalEarthquake RSS,donation_needs_or_offers_or_volunteering_services,medium,3,donation_needs_or_offers_or_volunteering_services,donation_needs_or_offers_or_volunteering_services,0.85419965,0.85419965,True,medium,3,medium,3,True,0,0,False,False,False
592690407600971776,"RT @Ajit_Doval: {ॐ}- There Are 40,000 Gorkha Soldiers In #IndianArmy :: &amp; 1.25 Lakh Retired , Gorkha Regiment Soldiers In #Nepal :: ॥ॐ॥ #Ne…","RT USER : {ॐ}- There Are 40,000 Gorkha Soldiers In IndianArmy :: &amp; 1.25 Lakh Retired , Gorkha Regiment Soldiers In Nepal :: ॥ॐ॥ Ne…",donation_needs_or_offers_or_volunteering_services,medium,3,donation_needs_or_offers_or_volunteering_services,displaced_people_and_evacuations,0.4128225,0.0488244,False,medium,3,medium_high,2,False,-1,1,False,True,False
593184365477265408,"RT @Skype: In light of the tragic events in Nepal, all Skype calls to landlines &amp; mobiles in &amp; out of Nepal are free. More: [http://t.co/pz…","RT USER : In light of the tragic events in Nepal, all Skype calls to landlines &amp; mobiles in &amp; out of Nepal are free. More: [ URL",donation_needs_or_offers_or_volunteering_services,medium,3,donation_needs_or_offers_or_volunteering_services,other_useful_information,0.52827126,0.13316469,False,medium,3,medium,3,True,0,0,False,False,False
592198410477772800,"RT @madfreshrisa: And she's right. Prayers are nice and all, but Nepal needs help. As someone who comes from a place that constantly gets h…","RT USER : And she's right. Prayers are nice and all, but Nepal needs help. As someone who comes from a place that constantly gets h…",donation_needs_or_offers_or_volunteering_services,medium,3,donation_needs_or_offers_or_volunteering_services,sympathy_and_emotional_support,0.9196048,0.030508107,False,medium,3,low,4,False,1,1,True,False,False
593831023286288386,RT @Discovery: The people of Nepal need your help. Find out how you can support relief efforts &gt;&gt;  http://t.co/I4dObdcjYf http://t.co/evGc7…,RT USER : The people of Nepal need your help. Find out how you can support relief efforts &gt;&gt; URL URL,donation_needs_or_offers_or_volunteering_services,medium,3,donation_needs_or_offers_or_volunteering_services,donation_needs_or_offers_or_volunteering_services,0.87921834,0.87921834,True,medium,3,medium,3,True,0,0,False,False,False
592700281210720257,Photos: The aftermath of Nepal's deadly earthquake http://t.co/oQMgpBF9IY,Photos: The aftermath of Nepal's deadly earthquake URL,other_useful_information,medium,3,other_useful_information,infrastructure_and_utilities_damage,0.60115904,0.2828101,False,medium,3,medium_high,2,False,-1,1,False,True,False
592343682784854016,RT @Suriyaofflfans: Google has created person finder page for #NepalQuake  http://t.co/twEmt8hqZF Retweet please or share @Suriya_offl http…,RT USER : Google has created person finder page for NepalQuake URL Retweet please or share USER URL,donation_needs_or_offers_or_volunteering_services,medium,3,donation_needs_or_offers_or_volunteering_services,missing_trapped_or_found_people,0.55524206,0.01867249,False,medium,3,high,1,False,-2,2,False,True,True
592382316208500736,@kate_frankie Tragic thinking of the disaster in the mountains right now. :( #NepalQuake #pttravel,USER Tragic thinking of the disaster in the mountains right now. :( NepalQuake pttravel,sympathy_and_emotional_support,low,4,sympathy_and_emotional_support,sympathy_and_emotional_support,0.7134791,0.7134791,True,low,4,low,4,True,0,0,False,False,False
592344648397426690,"RT @SriSri: If you wish to donate for #NepalEarthquake,you can do so through Prime Minister’s Relief Fund or through http://t.co/otRDO2Bt7Q…","RT USER : If you wish to donate for NepalEarthquake,you can do so through Prime Minister’s Relief Fund or through URL",donation_needs_or_offers_or_volunteering_services,medium,3,donation_needs_or_offers_or_volunteering_services,donation_needs_or_offers_or_volunteering_services,0.88162535,0.88162535,True,medium,3,medium,3,True,0,0,False,False,False
592140023211819008,"Nepal seeks help, death toll seen rising after devastating quake: KATHMANDU (Reuters) - Nepal urged countries ... http://t.co/TdnMh2tJuh","Nepal seeks help, death toll seen rising after devastating quake: KATHMANDU (Reuters) - Nepal urged countries ... URL",injured_or_dead_people,high,1,injured_or_dead_people,injured_or_dead_people,0.9574333,0.9574333,True,high,1,high,1,True,0,0,False,False,False
593707771008131073,Nepal earthquake: Teenager rescued after 120 hours under rubble - Hindustan Times http://t.co/ZWSX4kmDLS,Nepal earthquake: Teenager rescued after 120 hours under rubble - Hindustan Times URL,missing_trapped_or_found_people,high,1,missing_trapped_or_found_people,missing_trapped_or_found_people,0.92006457,0.92006457,True,high,1,high,1,True,0,0,False,False,False
592343566950608896,RT @guplia: Thai medical students haven't reported back from Nepal. If anyone knows any updates about them please contact me. Thx http://t.…,RT USER : Thai medical students haven't reported back from Nepal. If anyone knows any updates about them please contact me. Thx URL,missing_trapped_or_found_people,high,1,missing_trapped_or_found_people,missing_trapped_or_found_people,0.54182285,0.54182285,True,high,1,high,1,True,0,0,False,False,False
593029346534686721,"Rescue attempts continued Tuesday near the epicenter of the weekend earthquake in #Nepal that killed more than 4,400. http://t.co/z7D54RpPws","Rescue attempts continued Tuesday near the epicenter of the weekend earthquake in Nepal that killed more than 4,400. URL",injured_or_dead_people,high,1,injured_or_dead_people,injured_or_dead_people,0.9345611,0.9345611,True,high,1,high,1,True,0,0,False,False,False
592640033875632128,S. Korea Raises Travel Advisory for Quake-Hit Nepal http://t.co/hFJJuQ8sg6,S. Korea Raises Travel Advisory for Quake-Hit Nepal URL,other_useful_information,medium,3,other_useful_information,donation_needs_or_offers_or_volunteering_services,0.5388993,0.22642888,False,medium,3,medium,3,True,0,0,False,False,False
593760928572657665,RT @NEoCOfficial: Helicopter Mobilization Detail(Today): 1 for Okhaldhunga; Purpose: Relief Material Distribution,RT USER : Helicopter Mobilization Detail(Today): 1 for Okhaldhunga; Purpose: Relief Material Distribution,donation_needs_or_offers_or_volunteering_services,medium,3,donation_needs_or_offers_or_volunteering_services,donation_needs_or_offers_or_volunteering_services,0.82172906,0.82172906,True,medium,3,medium,3,True,0,0,False,False,False
592851099234738177,OperationUSA: #NepalEarthquake Recovery: How to Help http://t.co/DuYApFdKY6 #disasterrelief #nepal #earthquake #helpnepal,OperationUSA: NepalEarthquake Recovery: How to Help URL disasterrelief nepal earthquake helpnepal,donation_needs_or_offers_or_volunteering_services,medium,3,donation_needs_or_offers_or_volunteering_services,donation_needs_or_offers_or_volunteering_services,0.8584675,0.8584675,True,medium,3,medium,3,True,0,0,False,False,False
592337496639287297,RT @HinduAmericans: .@nytimes Communist China has no business in Nepal except to promote violent Maosim. They can't be trusted.,RT USER : . USER Communist China has no business in Nepal except to promote violent Maosim. They can't be trusted.,not_related_or_irrelevant,low,4,not_related_or_irrelevant,not_related_or_irrelevant,0.563624,0.563624,True,low,4,low,4,True,0,0,False,False,False
593377856434089984,"RT @gmeiks: With everything else happening in Nepal, the Kathmandu Post is still covering other world news, including #Baltimore. http://t.…","RT USER : With everything else happening in Nepal, the Kathmandu Post is still covering other world news, including Baltimore. URL",other_useful_information,medium,3,other_useful_information,other_useful_information,0.7436356,0.7436356,True,medium,3,medium,3,True,0,0,False,False,False
592344535268593664,"RT @MEAIndia: State helplines for #NepalEarthquake  T'gana:- 09650990016, 040- 23454088 Andhra Pradesh: 011-23385016. NDMA 01126701728/ 29 …","RT USER : State helplines for NepalEarthquake T'gana:- 09650990016, 040- 23454088 Andhra Pradesh: 011-23385016. NDMA 01126701728/ 29 …",caution_and_advice,medium_high,2,caution_and_advice,donation_needs_or_offers_or_volunteering_services,0.7310673,0.022812042,False,medium_high,2,medium,3,False,1,1,True,False,False
592666339547938818,"50time i wash my face,2time bath with cold water,but my heart didn't gave me permision to praper fro my exam. #quakefear #nepalquake","50time i wash my face,2time bath with cold water,but my heart didn't gave me permision to praper fro my exam. quakefear nepalquake",not_related_or_irrelevant,low,4,not_related_or_irrelevant,sympathy_and_emotional_support,0.3691664,0.079695076,False,low,4,low,4,True,0,0,False,False,False
592763161259986945,How To Help Nepal: 10 Charities Delivering Critical Support To Nepal Earthquake Victims http://t.co/uOxcfZoBiF @TwannaGrazier,How To Help Nepal: 10 Charities Delivering Critical Support To Nepal Earthquake Victims URL USER,donation_needs_or_offers_or_volunteering_services,medium,3,donation_needs_or_offers_or_volunteering_services,donation_needs_or_offers_or_volunteering_services,0.88176334,0.88176334,True,medium,3,medium,3,True,0,0,False,False,False
592341030596452353,RT @paulocoelho: My prayers go out to my friends and people in Nepal. I hope all your loved ones are safe and sound,RT USER : My prayers go out to my friends and people in Nepal. I hope all your loved ones are safe and sound,sympathy_and_emotional_support,low,4,sympathy_and_emotional_support,sympathy_and_emotional_support,0.94414455,0.94414455,True,low,4,low,4,True,0,0,False,False,False
592188182889943042,My prayers are with Nepal and its people.,My prayers are with Nepal and its people.,sympathy_and_emotional_support,low,4,sympathy_and_emotional_support,sympathy_and_emotional_support,0.948889,0.948889,True,low,4,low,4,True,0,0,False,False,False
592244109898850305,RT @IndianDiplomacy: RT: @SpokespersonMoD  #NepalEarthquake C-130J carrying stranded Indians has landed at Palam a short while ago.,RT USER : RT: USER NepalEarthquake C-130J carrying stranded Indians has landed at Palam a short while ago.,displaced_people_and_evacuations,medium_high,2,displaced_people_and_evacuations,missing_trapped_or_found_people,0.47883576,0.4065126,False,medium_high,2,high,1,False,-1,1,False,True,False
593785562865082368,"RT @nwarikoo: In Nepal,""Israel evacuates surrogate babies, leaves mothers behind."" Gay Israeli couples rent Indian wombs for babies http://…","RT USER : In Nepal,""Israel evacuates surrogate babies, leaves mothers behind."" Gay Israeli couples rent Indian wombs for babies URL",other_useful_information,medium,3,other_useful_information,displaced_people_and_evacuations,0.7778059,0.04947616,False,medium,3,medium_high,2,False,-1,1,False,True,False
592950303982559232,"SO thankful this week for access to a working, flushing toilet, something that can't be taken for granted even on a normal day. #NepalQuake","SO thankful this week for access to a working, flushing toilet, something that can't be taken for granted even on a normal day. NepalQuake",not_related_or_irrelevant,low,4,not_related_or_irrelevant,sympathy_and_emotional_support,0.35215226,0.075695336,False,low,4,low,4,True,0,0,False,False,False
592247094397640704,Praying for everyone. #PrayForNepal #GodBlessUsAll,Praying for everyone. PrayForNepal GodBlessUsAll,sympathy_and_emotional_support,low,4,sympathy_and_emotional_support,sympathy_and_emotional_support,0.95346415,0.95346415,True,low,4,low,4,True,0,0,False,False,False
591959492209856512,RT @Article_25: Hearts with @PHMNSC and Nepali people http://t.co/2jzPUecwYu,RT USER : Hearts with USER and Nepali people URL,sympathy_and_emotional_support,low,4,sympathy_and_emotional_support,sympathy_and_emotional_support,0.92965317,0.92965317,True,low,4,low,4,True,0,0,False,False,False
593359092892176384,RT @decappeal: #Aid is getting through. Your support will help those affected #NepalQuake http://t.co/r3o1X0I5Wd http://t.co/AcSWqYQ2vm,RT USER : Aid is getting through. Your support will help those affected NepalQuake URL URL,donation_needs_or_offers_or_volunteering_services,medium,3,donation_needs_or_offers_or_volunteering_services,donation_needs_or_offers_or_volunteering_services,0.80299246,0.80299246,True,medium,3,medium,3,True,0,0,False,False,False
591939569093713920,RT @ibnlive: #NepalQuake India lends a helping hand  ALSO READ: Helpline numbers: http://t.co/iyLmhU1OS8 http://t.co/cJJqBwFna5,RT USER : NepalQuake India lends a helping hand ALSO READ: Helpline numbers: URL URL,donation_needs_or_offers_or_volunteering_services,medium,3,donation_needs_or_offers_or_volunteering_services,donation_needs_or_offers_or_volunteering_services,0.8833201,0.8833201,True,medium,3,medium,3,True,0,0,False,False,False
592950352883916800,"RT @ivrpa: Pre 2015 Earthquake Panoramas from Kathmandu, Nepal http://t.co/ndhZXWeXrk✓&amp;query=Kathmandu http://t.co/sADrbncPua","RT USER : Pre 2015 Earthquake Panoramas from Kathmandu, Nepal URL URL",other_useful_information,medium,3,other_useful_information,infrastructure_and_utilities_damage,0.68089086,0.20918496,False,medium,3,medium_high,2,False,-1,1,False,True,False
592406962643574784,"RT @WNTonight: Death toll in #NepalEarthquake rises past 2,100 as rescuers continue search for survivors: http://t.co/4pPpR7Vn68 http://t.c…","RT USER : Death toll in NepalEarthquake rises past 2,100 as rescuers continue search for survivors: URL URL",injured_or_dead_people,high,1,injured_or_dead_people,injured_or_dead_people,0.9563498,0.9563498,True,high,1,high,1,True,0,0,False,False,False
592648766169026561,RT @TelegraphNews: Mount Everest disaster: British woman escaped death by 'outrunning' avalanche http://t.co/wBfsDtA5pv http://t.co/7KMibjf…,RT USER : Mount Everest disaster: British woman escaped death by 'outrunning' avalanche URL URL,missing_trapped_or_found_people,high,1,missing_trapped_or_found_people,missing_trapped_or_found_people,0.6125562,0.6125562,True,high,1,high,1,True,0,0,False,False,False
592373114668855296,"How to call Nepal for free on Viber:1) Dial the number in keypad with code +977or 2) Select ""Viber Out"" from contact page","How to call Nepal for free on Viber:1) Dial the number in keypad with code +977or 2) Select ""Viber Out"" from contact page",other_useful_information,medium,3,other_useful_information,donation_needs_or_offers_or_volunteering_services,0.3462277,0.34248447,False,medium,3,medium,3,True,0,0,False,False,False
593258471111274496,"@ofnosurnamefame @firstpost @Amul_Coop ""Har Haal Nepal ke saath"" would have been better phonetically. Appreciate the gesture though.","USER USER USER ""Har Haal Nepal ke saath"" would have been better phonetically. Appreciate the gesture though.",not_related_or_irrelevant,low,4,not_related_or_irrelevant,other_useful_information,0.34997955,0.2985757,False,low,4,medium,3,False,-1,1,False,True,False
592692001361002499,'Nightmare Waiting to Happen': Quake Experts Gathered in Nepal a Week Ago http://t.co/0jXeo5skvC,'Nightmare Waiting to Happen': Quake Experts Gathered in Nepal a Week Ago URL,other_useful_information,medium,3,other_useful_information,other_useful_information,0.6321072,0.6321072,True,medium,3,medium,3,True,0,0,False,False,False
592645001957408769,RT @WizcraftIndia: Team Wizcraft's prayers &amp; love goes with all those affected and we hope for their speedy recovery. #PrayForNepal http://…,RT USER : Team Wizcraft's prayers &amp; love goes with all those affected and we hope for their speedy recovery. PrayForNepal URL,sympathy_and_emotional_support,low,4,sympathy_and_emotional_support,sympathy_and_emotional_support,0.95495874,0.95495874,True,low,4,low,4,True,0,0,False,False,False
593157615279968256,RT @ndtv: Thousands flee Kathmandu as India steps up relief efforts in Nepal: 10 developments http://t.co/2PSUwTRqv5 http://t.co/0yVpcvhjED,RT USER : Thousands flee Kathmandu as India steps up relief efforts in Nepal: 10 developments URL URL,displaced_people_and_evacuations,medium_high,2,displaced_people_and_evacuations,displaced_people_and_evacuations,0.82588863,0.82588863,True,medium_high,2,medium_high,2,True,0,0,False,False,False
592256577555529729,Our all nations stand with Nepal and Indians #NepalEarthquake,Our all nations stand with Nepal and Indians NepalEarthquake,sympathy_and_emotional_support,low,4,sympathy_and_emotional_support,sympathy_and_emotional_support,0.933932,0.933932,True,low,4,low,4,True,0,0,False,False,False
593463828576342019,"@whoUmAr Kathmandu, the most vulnerable area. Just 300m far from me, most of the houses are collapsed :(","USER Kathmandu, the most vulnerable area. Just 300m far from me, most of the houses are collapsed :(",infrastructure_and_utilities_damage,medium_high,2,infrastructure_and_utilities_damage,infrastructure_and_utilities_damage,0.8999586,0.8999586,True,medium_high,2,medium_high,2,True,0,0,False,False,False
591975137227870211,RT @swaroopvaidya78: MOS Kirren Rijiju says Prime Minister is Personally Monitoring from d Top on #Nepal Relief Operations &amp; taking Min2Min…,RT USER : MOS Kirren Rijiju says Prime Minister is Personally Monitoring from d Top on Nepal Relief Operations &amp; taking Min2Min…,other_useful_information,medium,3,other_useful_information,donation_needs_or_offers_or_volunteering_services,0.6924977,0.16481762,False,medium,3,medium,3,True,0,0,False,False,False
592751611631513601,http://t.co/X2qKYBihkj Missing Newry earthquake man 'alive': A County Down man reported missing in Nepal after an earthquake is alive...,URL Missing Newry earthquake man 'alive': A County Down man reported missing in Nepal after an earthquake is alive...,missing_trapped_or_found_people,high,1,missing_trapped_or_found_people,missing_trapped_or_found_people,0.9301867,0.9301867,True,high,1,high,1,True,0,0,False,False,False
593324598315192320,World › Riot police intervene as anger erupts among Nepal quake survivors http://t.co/cXOO3EHkCx,World › Riot police intervene as anger erupts among Nepal quake survivors URL,other_useful_information,medium,3,other_useful_information,other_useful_information,0.45116013,0.45116013,True,medium,3,medium,3,True,0,0,False,False,False
592376053286375424,"Buddhists have a prayer for these dark times. I am not one for prayer, but today I am praying for #Nepal. ὤF http://t.co/l9LgLGLyOY","Buddhists have a prayer for these dark times. I am not one for prayer, but today I am praying for Nepal. ὤF URL",sympathy_and_emotional_support,low,4,sympathy_and_emotional_support,sympathy_and_emotional_support,0.95448446,0.95448446,True,low,4,low,4,True,0,0,False,False,False
592310370347257856,"RT @brahmasingh417: ""India leaped to Nepal's help in record time with PM Modi leading from front"" TOI Apr 26 - Humanitarian move wid likely…","RT USER : ""India leaped to Nepal's help in record time with PM Modi leading from front"" TOI Apr 26 - Humanitarian move wid likely…",donation_needs_or_offers_or_volunteering_services,medium,3,donation_needs_or_offers_or_volunteering_services,donation_needs_or_offers_or_volunteering_services,0.78412324,0.78412324,True,medium,3,medium,3,True,0,0,False,False,False
592312120894627840,RT @RareHistorical: Pashupatinath Temple is the holiest Hindu pilgrimage destination in Nepal is a World Heritage Site. AD 400-AD 879. http…,RT USER : Pashupatinath Temple is the holiest Hindu pilgrimage destination in Nepal is a World Heritage Site. AD 400-AD 879. URL,other_useful_information,medium,3,other_useful_information,infrastructure_and_utilities_damage,0.6635689,0.09823496,False,medium,3,medium_high,2,False,-1,1,False,True,False
592182910997794816,"RT @SGRedCross: We have disbursed SGD50,000 worth of relief items to #NepalQuake and are launching a public appeal for donations http://t.c…","RT USER : We have disbursed SGD50,000 worth of relief items to NepalQuake and are launching a public appeal for donations URL",donation_needs_or_offers_or_volunteering_services,medium,3,donation_needs_or_offers_or_volunteering_services,donation_needs_or_offers_or_volunteering_services,0.8890406,0.8890406,True,medium,3,medium,3,True,0,0,False,False,False
592670203911217153,"RT @bryanprincebks: Dear friends, Bryan has asked us to assure everyone that he is safe in Nepal. Our thoughts are with everyone affected b…","RT USER : Dear friends, Bryan has asked us to assure everyone that he is safe in Nepal. Our thoughts are with everyone affected b…",sympathy_and_emotional_support,low,4,sympathy_and_emotional_support,sympathy_and_emotional_support,0.9321176,0.9321176,True,low,4,low,4,True,0,0,False,False,False
593691981345202176,@kjagadeesan93 @swamy39 @sardesairajdeep @timesnow @rupasubramanya that is why I do not visit foreign countries barring Nepal etc,USER USER USER USER USER that is why I do not visit foreign countries barring Nepal etc,not_related_or_irrelevant,low,4,not_related_or_irrelevant,not_related_or_irrelevant,0.5621141,0.5621141,True,low,4,low,4,True,0,0,False,False,False
592267523967483904,RT @RashtrapatiBhvn: India committed to assist Govt. of Nepal in every way possible in dealing with situation #PresidentMukherjee,RT USER : India committed to assist Govt. of Nepal in every way possible in dealing with situation PresidentMukherjee,other_useful_information,medium,3,other_useful_information,donation_needs_or_offers_or_volunteering_services,0.79259485,0.08726787,False,medium,3,medium,3,True,0,0,False,False,False
592113856547131392,36/48 One has taken place or they do not want to believe that the Awaited One is here. They are so obsessed with materialistic #Nepal,36/48 One has taken place or they do not want to believe that the Awaited One is here. They are so obsessed with materialistic Nepal,other_useful_information,medium,3,other_useful_information,not_related_or_irrelevant,0.5972392,0.19922477,False,medium,3,low,4,False,1,1,True,False,False
592272759058735105,RT @SonamB_: It's heartbreaking seeing all these pictures and recognising every place #NepalEarthquake,RT USER : It's heartbreaking seeing all these pictures and recognising every place NepalEarthquake,sympathy_and_emotional_support,low,4,sympathy_and_emotional_support,sympathy_and_emotional_support,0.9018492,0.9018492,True,low,4,low,4,True,0,0,False,False,False
592781004038889472,"RT @seccathaholic: Wait? There was a devastating earthquake in Nepal with over 4,000 estimated dead? At least CNN knows it's important that…","RT USER : Wait? There was a devastating earthquake in Nepal with over 4,000 estimated dead? At least CNN knows it's important that…",injured_or_dead_people,high,1,injured_or_dead_people,injured_or_dead_people,0.96220696,0.96220696,True,high,1,high,1,True,0,0,False,False,False
591989002913316865,Mashable : Nepal's historic Dharahara Tower collapses in massive earthquake http://t.co/14BUgkst9E,Mashable : Nepal's historic Dharahara Tower collapses in massive earthquake URL,infrastructure_and_utilities_damage,medium_high,2,infrastructure_and_utilities_damage,infrastructure_and_utilities_damage,0.9051924,0.9051924,True,medium_high,2,medium_high,2,True,0,0,False,False,False
591990042198835200,Biggest earthquake in Nepal region since 1934; aftershocks to continue: NGRI scientist: The earthquake measuri... http://t.co/89sL6jcftK,Biggest earthquake in Nepal region since 1934; aftershocks to continue: NGRI scientist: The earthquake measuri... URL,other_useful_information,medium,3,other_useful_information,other_useful_information,0.79065406,0.79065406,True,medium,3,medium,3,True,0,0,False,False,False
592343900179730432,RT @vishnoi4u: How Many Team send By @INCIndia @AamAadmiParty Ford Found GreenPeace For Rescue op Nepal  #MEAatWork #IndiaWithNepal http://…,RT USER : How Many Team send By USER USER Ford Found GreenPeace For Rescue op Nepal MEAatWork IndiaWithNepal URL,other_useful_information,medium,3,other_useful_information,donation_needs_or_offers_or_volunteering_services,0.8404153,0.056032624,False,medium,3,medium,3,True,0,0,False,False,False
592312130222841856,Two Ways You Can Join Nepal's Earthquake Relief Effort From a Computer  #technews http://t.co/7dE7xpVKit,Two Ways You Can Join Nepal's Earthquake Relief Effort From a Computer technews URL,donation_needs_or_offers_or_volunteering_services,medium,3,donation_needs_or_offers_or_volunteering_services,donation_needs_or_offers_or_volunteering_services,0.8660768,0.8660768,True,medium,3,medium,3,True,0,0,False,False,False
592821756462821378,RT @PictureGlobal: Tech giants help track Nepal earthquake survivors - MarketWatch http://t.co/TlgmOGANGL,RT USER : Tech giants help track Nepal earthquake survivors - MarketWatch URL,missing_trapped_or_found_people,high,1,missing_trapped_or_found_people,missing_trapped_or_found_people,0.74693334,0.74693334,True,high,1,high,1,True,0,0,False,False,False
593159571809705985,RT @AFADTurkey: A search+rescue worker looks for a sign of life in a collapsed apartment building in Kathmandu. #NepalEarthquake http://t.c…,RT USER : A search+rescue worker looks for a sign of life in a collapsed apartment building in Kathmandu. NepalEarthquake URL,missing_trapped_or_found_people,high,1,missing_trapped_or_found_people,infrastructure_and_utilities_damage,0.55692446,0.28790513,False,high,1,medium_high,2,False,1,1,True,False,False
592332031150804992,"RT @MahaveerM_: ""ModiSarkaar Zindabad"" Chants Grow Loud Wid Swift Response &amp; Appreciation 4m All Thnks @narendramodi #IndiaWithNepal http:/…","RT USER : ""ModiSarkaar Zindabad"" Chants Grow Loud Wid Swift Response &amp; Appreciation 4m All Thnks USER IndiaWithNepal URL",sympathy_and_emotional_support,low,4,sympathy_and_emotional_support,sympathy_and_emotional_support,0.59461415,0.59461415,True,low,4,low,4,True,0,0,False,False,False
592689948316278784,"RT @OxfamKnaresboro: If you can't make it into an #oxfam shop, you can donate £5 to #NepalEarthquake appeal by texting EMERGENCY to 70066.","RT USER : If you can't make it into an oxfam shop, you can donate £5 to NepalEarthquake appeal by texting EMERGENCY to 70066.",donation_needs_or_offers_or_volunteering_services,medium,3,donation_needs_or_offers_or_volunteering_services,donation_needs_or_offers_or_volunteering_services,0.8816235,0.8816235,True,medium,3,medium,3,True,0,0,False,False,False
593102231106416640,The Power of Business in Emergencies - Online Briefing on the Nepal Earthquake http://t.co/fG3YZBRAND,The Power of Business in Emergencies - Online Briefing on the Nepal Earthquake URL,other_useful_information,medium,3,other_useful_information,other_useful_information,0.5859276,0.5859276,True,medium,3,medium,3,True,0,0,False,False,False
592689834898137090,RT @ani23021977: #NepalQuake my family is stucked In tato paani in Nepal name is Aditya bhargava and sanjay bhargava mobi no +9779801122921,RT USER : NepalQuake my family is stucked In tato paani in Nepal name is Aditya bhargava and sanjay bhargava mobi no +9779801122921,missing_trapped_or_found_people,high,1,missing_trapped_or_found_people,not_related_or_irrelevant,0.6515535,0.024103831,False,high,1,low,4,False,3,3,True,False,True
592910523353669632,RT @Bedi4DelhiCM: (1/8)  #Salute2IndianForces Nepal Earthquake at 11.56 AM. Meeting called by Modi at 3 PM. First plane with relief materia…,RT USER : (1/8) Salute2IndianForces Nepal Earthquake at 11.56 AM. Meeting called by Modi at 3 PM. First plane with relief materia…,donation_needs_or_offers_or_volunteering_services,medium,3,donation_needs_or_offers_or_volunteering_services,donation_needs_or_offers_or_volunteering_services,0.7319035,0.7319035,True,medium,3,medium,3,True,0,0,False,False,False
593186080314290177,"RT @PMOIndia: MoS Dr. Jitendra Singh, a doctor by profession has arranged to send free insulin to diabetes patients among the Earthquake vi…","RT USER : MoS Dr. Jitendra Singh, a doctor by profession has arranged to send free insulin to diabetes patients among the Earthquake vi…",donation_needs_or_offers_or_volunteering_services,medium,3,donation_needs_or_offers_or_volunteering_services,donation_needs_or_offers_or_volunteering_services,0.7881074,0.7881074,True,medium,3,medium,3,True,0,0,False,False,False
592684424749305856,"Nepal Tragedy: Lenskart Botches, But Indian Telco’s &amp; Startups Extend Genuine Help! (Trakin) http://t.co/HH3mfOi6r2","Nepal Tragedy: Lenskart Botches, But Indian Telco’s &amp; Startups Extend Genuine Help! (Trakin) URL",donation_needs_or_offers_or_volunteering_services,medium,3,donation_needs_or_offers_or_volunteering_services,donation_needs_or_offers_or_volunteering_services,0.8075907,0.8075907,True,medium,3,medium,3,True,0,0,False,False,False
592344746636378113,RT @MEAIndia: Returning home. C17 with 225 Indians arrives in Delhi from Kathmandu. http://t.co/Gsl7CmCX4l,RT USER : Returning home. C17 with 225 Indians arrives in Delhi from Kathmandu. URL,displaced_people_and_evacuations,medium_high,2,displaced_people_and_evacuations,displaced_people_and_evacuations,0.81951284,0.81951284,True,medium_high,2,medium_high,2,True,0,0,False,False,False
592344826143604736,RT @MaherZains: Astaghfirullah heartbreaking photos from #Nepal. May Allah save the victims of #NepalEarthquake. Ameen @Zurmat http://t.co/…,RT USER : Astaghfirullah heartbreaking photos from Nepal. May Allah save the victims of NepalEarthquake. Ameen USER URL,sympathy_and_emotional_support,low,4,sympathy_and_emotional_support,sympathy_and_emotional_support,0.95061046,0.95061046,True,low,4,low,4,True,0,0,False,False,False
593005013066219520,"So sad that there are places destroyed because of natural disaster, and other places destroyed by its own people #PrayForNepal #NotBaltimore","So sad that there are places destroyed because of natural disaster, and other places destroyed by its own people PrayForNepal NotBaltimore",other_useful_information,medium,3,other_useful_information,sympathy_and_emotional_support,0.85105073,0.0242675,False,medium,3,low,4,False,1,1,True,False,False
592149334994518016,RT @dipakbhattarai: Hundreds of people getting treatment outside of Teaching hospital #earthquake  #nepal http://t.co/wHv1w2kToe,RT USER : Hundreds of people getting treatment outside of Teaching hospital earthquake nepal URL,injured_or_dead_people,high,1,injured_or_dead_people,displaced_people_and_evacuations,0.62180835,0.08034504,False,high,1,medium_high,2,False,1,1,True,False,False
592746963839406081,RT  Maxamed MohaBiG : Let me look for some drone footage of Nepal.,RT Maxamed MohaBiG : Let me look for some drone footage of Nepal.,other_useful_information,medium,3,other_useful_information,infrastructure_and_utilities_damage,0.43205482,0.25024694,False,medium,3,medium_high,2,False,-1,1,False,True,False
593074564927598592,#RG fishing for votes politicking on #LAB when world is helping #NepalEarthquake victims! This completes Congis' disconnect! #RGPunjabVisit,RG fishing for votes politicking on LAB when world is helping NepalEarthquake victims! This completes Congis' disconnect! RGPunjabVisit,other_useful_information,medium,3,other_useful_information,donation_needs_or_offers_or_volunteering_services,0.60517704,0.18933922,False,medium,3,medium,3,True,0,0,False,False,False
600481398944768000,"RT @AstroTerry: Looking down on the Himalayas, Kathmandu, and Mt. Everest.  Praying for everyone affected by the #NepalQuake. http://t.co/h…","RT USER : Looking down on the Himalayas, Kathmandu, and Mt. Everest. Praying for everyone affected by the NepalQuake. URL",sympathy_and_emotional_support,low,4,sympathy_and_emotional_support,sympathy_and_emotional_support,0.94969386,0.94969386,True,low,4,low,4,True,0,0,False,False,False
592681522446147586,RT @ChannelNewsAsia: Building collapses in Kathmandu on day of #NepalQuake (Video: So Nan Tsai Jen) http://t.co/dxzhZYHUDB,RT USER : Building collapses in Kathmandu on day of NepalQuake (Video: So Nan Tsai Jen) URL,infrastructure_and_utilities_damage,medium_high,2,infrastructure_and_utilities_damage,infrastructure_and_utilities_damage,0.899589,0.899589,True,medium_high,2,medium_high,2,True,0,0,False,False,False
593739709458681856,RT @UNWomenAust: 3.2 million women &amp; children are affected. Support UN Women’s relief efforts in #Nepal. https://t.co/73od9Urfs7 http://t.c…,RT USER : 3.2 million women &amp; children are affected. Support UN Women’s relief efforts in Nepal. URL URL,other_useful_information,medium,3,other_useful_information,donation_needs_or_offers_or_volunteering_services,0.8293537,0.04548661,False,medium,3,medium,3,True,0,0,False,False,False
592208483929296896,India's aid to Nepal named 'Operation Maitri': The Indian Army has named the aid to Nepal 'Operation Maitri' o... http://t.co/4QacfRG4wY,India's aid to Nepal named 'Operation Maitri': The Indian Army has named the aid to Nepal 'Operation Maitri' o... URL,donation_needs_or_offers_or_volunteering_services,medium,3,donation_needs_or_offers_or_volunteering_services,donation_needs_or_offers_or_volunteering_services,0.83614415,0.83614415,True,medium,3,medium,3,True,0,0,False,False,False
591933544424935425,"Hundreds die, many trapped in Nepal earthquake http://t.co/SBLycwmznE","Hundreds die, many trapped in Nepal earthquake URL",injured_or_dead_people,high,1,injured_or_dead_people,injured_or_dead_people,0.7987252,0.7987252,True,high,1,high,1,True,0,0,False,False,False
592331630808735744,"Graphic Photos: Over 400 People Dead, 1000 Injured As Massive Earthquake Hits Nepal http://t.co/0vwfrVa7cv","Graphic Photos: Over 400 People Dead, 1000 Injured As Massive Earthquake Hits Nepal URL",injured_or_dead_people,high,1,injured_or_dead_people,injured_or_dead_people,0.9632382,0.9632382,True,high,1,high,1,True,0,0,False,False,False
592089569396281344,Facebook Safety Check connects those affected by devastating Nepal earthquake As Nepal exp http://t.co/QKXr3eFVcf,Facebook Safety Check connects those affected by devastating Nepal earthquake As Nepal exp URL,other_useful_information,medium,3,other_useful_information,other_useful_information,0.298231,0.298231,True,medium,3,medium,3,True,0,0,False,False,False
592083813594968064,"RT @snsachinnandu: Swayamsevak teams from Uttarakhand, Harit Pradesh, Rohilakand, Awadh, Purvanchal &amp; Bihar will soon leave for Nepal to he…","RT USER : Swayamsevak teams from Uttarakhand, Harit Pradesh, Rohilakand, Awadh, Purvanchal &amp; Bihar will soon leave for Nepal to he…",donation_needs_or_offers_or_volunteering_services,medium,3,donation_needs_or_offers_or_volunteering_services,other_useful_information,0.33853433,0.1854941,False,medium,3,medium,3,True,0,0,False,False,False
592320518155407361,"RT @churchofjjong: [nepal quake] a number of organisations are now accepting online donations, read more here http://t.co/Za4WKpkxsB and pl…","RT USER : [nepal quake] a number of organisations are now accepting online donations, read more here URL and pl…",donation_needs_or_offers_or_volunteering_services,medium,3,donation_needs_or_offers_or_volunteering_services,donation_needs_or_offers_or_volunteering_services,0.8760796,0.8760796,True,medium,3,medium,3,True,0,0,False,False,False
592689853441167362,RT @atulkasbekar: If you're wondering how efficiently u can donate to help #Nepal then...  http://t.co/H2fUgJ91In,RT USER : If you're wondering how efficiently u can donate to help Nepal then... URL,donation_needs_or_offers_or_volunteering_services,medium,3,donation_needs_or_offers_or_volunteering_services,donation_needs_or_offers_or_volunteering_services,0.83487326,0.83487326,True,medium,3,medium,3,True,0,0,False,False,False
592340605130289152,RT @Jal_Kukdi: Few months ago Modi said that Nepal is like India's extended family and today his actions are speaking louder than his words…,RT USER : Few months ago Modi said that Nepal is like India's extended family and today his actions are speaking louder than his words…,other_useful_information,medium,3,other_useful_information,not_related_or_irrelevant,0.5427309,0.24089247,False,medium,3,low,4,False,1,1,True,False,False
591928379693211648,@EmilyBeart Pray for #Nepal ὤF,USER Pray for Nepal ὤF,sympathy_and_emotional_support,low,4,sympathy_and_emotional_support,sympathy_and_emotional_support,0.9526076,0.9526076,True,low,4,low,4,True,0,0,False,False,False
593796721089454082,RT @NeelakshiGswm: Hindus &amp; Buddhists in #Nepal never attacked anyone. Still filthy #Pak humiliating them for spreading islam during traged…,RT USER : Hindus &amp; Buddhists in Nepal never attacked anyone. Still filthy Pak humiliating them for spreading islam during traged…,other_useful_information,medium,3,other_useful_information,not_related_or_irrelevant,0.60799927,0.21187785,False,medium,3,low,4,False,1,1,True,False,False
592340548482048000,RT @Khalsa_Aid: #NepalQuakeRelief Our relief team will be on the ground in the next 2 hours to provide aid ὤF http://t.co/IM27yOXeen http://…,RT USER : NepalQuakeRelief Our relief team will be on the ground in the next 2 hours to provide aid ὤF URL URL,donation_needs_or_offers_or_volunteering_services,medium,3,donation_needs_or_offers_or_volunteering_services,donation_needs_or_offers_or_volunteering_services,0.8732031,0.8732031,True,medium,3,medium,3,True,0,0,False,False,False
592378631738949632,RT @BBCSanjoyM: And another - bit longer - tremor #NepalEarthquake,RT USER : And another - bit longer - tremor NepalEarthquake,other_useful_information,medium,3,other_useful_information,other_useful_information,0.6461304,0.6461304,True,medium,3,medium,3,True,0,0,False,False,False
592606987277475840,RT @himanshugolchha: Help make it happen for Nepal Earthquake Relief Fund: Worst affected areas on @indiegogo http://t.co/3eOhl2lzAn,RT USER : Help make it happen for Nepal Earthquake Relief Fund: Worst affected areas on USER URL,donation_needs_or_offers_or_volunteering_services,medium,3,donation_needs_or_offers_or_volunteering_services,donation_needs_or_offers_or_volunteering_services,0.8188673,0.8188673,True,medium,3,medium,3,True,0,0,False,False,False
592329314328289280,"RT @ArmitageBrazil: Let us pray for our brothers in NEPAL! Another earthquake today, Sunday - via http://t.co/d5dKvaORp5","RT USER : Let us pray for our brothers in NEPAL! Another earthquake today, Sunday - via URL",sympathy_and_emotional_support,low,4,sympathy_and_emotional_support,sympathy_and_emotional_support,0.9557077,0.9557077,True,low,4,low,4,True,0,0,False,False,False
593444013878874114,RT @EXOWORLDINA: [PIC] 150429 Chanyeol &amp; Sehun update on Instgram - They posted about Help earthquake's victims on Nepal (UNICEF) http://t.…,RT USER : [PIC] 150429 Chanyeol &amp; Sehun update on Instgram - They posted about Help earthquake's victims on Nepal (UNICEF) URL,sympathy_and_emotional_support,low,4,sympathy_and_emotional_support,donation_needs_or_offers_or_volunteering_services,0.85256547,0.018994456,False,low,4,medium,3,False,-1,1,False,True,False
593248695489044481,#Apple #Nepal #Sadhu #Photo: @hacerfotos Info help: http://t.co/9GMFuPQwIz http://t.co/wgmgz5SGhd,Apple Nepal Sadhu Photo: USER Info help: URL URL,not_related_or_irrelevant,low,4,not_related_or_irrelevant,donation_needs_or_offers_or_volunteering_services,0.57537144,0.15087391,False,low,4,medium,3,False,-1,1,False,True,False
592346761919889408,RT @Paolme: We can do our little duty to help the earthquake victims in #Nepal ---&gt; http://t.co/sYsyNbSvST,RT USER : We can do our little duty to help the earthquake victims in Nepal ---&gt; URL,donation_needs_or_offers_or_volunteering_services,medium,3,donation_needs_or_offers_or_volunteering_services,donation_needs_or_offers_or_volunteering_services,0.84646547,0.84646547,True,medium,3,medium,3,True,0,0,False,False,False
592087835450220544,Google exec dies in Mt. Everest avalanche after Nepal quake http://t.co/s0jpaUROB1 #Startup #Entrepreneurs #Ideas,Google exec dies in Mt. Everest avalanche after Nepal quake URL Startup Entrepreneurs Ideas,injured_or_dead_people,high,1,injured_or_dead_people,injured_or_dead_people,0.7571391,0.7571391,True,high,1,high,1,True,0,0,False,False,False
592320944292700160,RT @Islamic_Station: OH Allah Please Guide the people of Nepal in this time of Need. PLEASE  make DUA for them &amp; Spread This HASH TAG  #All…,RT USER : OH Allah Please Guide the people of Nepal in this time of Need. PLEASE make DUA for them &amp; Spread This HASH TAG All…,sympathy_and_emotional_support,low,4,sympathy_and_emotional_support,sympathy_and_emotional_support,0.9441868,0.9441868,True,low,4,low,4,True,0,0,False,False,False
592646909074022400,RT @AmericanLeprosy: Aftershocks. Airport closed. No power. No water. We are providing relief through our partner hospital. Thanks for pray…,RT USER : Aftershocks. Airport closed. No power. No water. We are providing relief through our partner hospital. Thanks for pray…,infrastructure_and_utilities_damage,medium_high,2,infrastructure_and_utilities_damage,sympathy_and_emotional_support,0.6460948,0.015147368,False,medium_high,2,low,4,False,2,2,True,False,True
592696255719022593,"RT @HonestReporting: .@KenRoth is ignoring the real situation in #Gaza. And also, why undermine Israel’s humanitarian efforts in #Nepal ? h…","RT USER : . USER is ignoring the real situation in Gaza. And also, why undermine Israel’s humanitarian efforts in Nepal ? h…",donation_needs_or_offers_or_volunteering_services,medium,3,donation_needs_or_offers_or_volunteering_services,other_useful_information,0.40549046,0.13071363,False,medium,3,medium,3,True,0,0,False,False,False
593187654511960065,RT @AnupKaphle: #Nepal army rescued a 4-month old baby from the rubble in Bhaktapur after the earthquake. (via Radio Express 88.4 FM) http:…,RT USER : Nepal army rescued a 4-month old baby from the rubble in Bhaktapur after the earthquake. (via Radio Express 88.4 FM) URL,missing_trapped_or_found_people,high,1,missing_trapped_or_found_people,missing_trapped_or_found_people,0.90966403,0.90966403,True,high,1,high,1,True,0,0,False,False,False
592251295194484737,RT @ANI_news: Indians rescued from Nepal reach Delhi. #NepalEarthquake http://t.co/0AVuHQw4U3,RT USER : Indians rescued from Nepal reach Delhi. NepalEarthquake URL,displaced_people_and_evacuations,medium_high,2,displaced_people_and_evacuations,missing_trapped_or_found_people,0.8284734,0.11039856,False,medium_high,2,high,1,False,-1,1,False,True,False
593785051071942656,@IndiGo6E Still cant get thru to the customer care numbers :( #NepalQuakeRelief,USER Still cant get thru to the customer care numbers :( NepalQuakeRelief,other_useful_information,medium,3,other_useful_information,donation_needs_or_offers_or_volunteering_services,0.7055661,0.14150158,False,medium,3,medium,3,True,0,0,False,False,False
592742935910850562,Family of missing Ottawa hiker Faye Kennedy says she is alive but injured and airlifted to Kathmandu No idea of extent of injuries @CTVNews,Family of missing Ottawa hiker Faye Kennedy says she is alive but injured and airlifted to Kathmandu No idea of extent of injuries USER,injured_or_dead_people,high,1,injured_or_dead_people,missing_trapped_or_found_people,0.9069292,0.017010339,False,high,1,high,1,True,0,0,False,False,False
592121096326881280,RT @Grybauskaite_LT: Our thoughts are with people of #Nepal. Deep condolences to the families of the earthquake victims.,RT USER : Our thoughts are with people of Nepal. Deep condolences to the families of the earthquake victims.,sympathy_and_emotional_support,low,4,sympathy_and_emotional_support,sympathy_and_emotional_support,0.95106107,0.95106107,True,low,4,low,4,True,0,0,False,False,False
593662200578904064,@brb_laaldhwoj at least go to Gorkha n look out for the affected people.Shame on you and ur party.And thank India who were the first I help.,USER at least go to Gorkha n look out for the affected people.Shame on you and ur party.And thank India who were the first I help.,other_useful_information,medium,3,other_useful_information,sympathy_and_emotional_support,0.57513046,0.049126647,False,medium,3,low,4,False,1,1,True,False,False
592343508209553410,"RT @cnnbrk: #NepalQuake death toll tops 1,400, according to Nepal's National Emergency Operation Center. http://t.co/w3DV9S1oqD http://t.co…","RT USER : NepalQuake death toll tops 1,400, according to Nepal's National Emergency Operation Center. URL URL",injured_or_dead_people,high,1,injured_or_dead_people,injured_or_dead_people,0.96082956,0.96082956,True,high,1,high,1,True,0,0,False,False,False
593117988397707264,RT @mercycorps: MT @Madonna: Rescue Nepal! Send support to the victims of the earthquake in Nepal. Join me by giving to @mercycorps: http:/…,RT USER : MT USER : Rescue Nepal! Send support to the victims of the earthquake in Nepal. Join me by giving to USER : URL,donation_needs_or_offers_or_volunteering_services,medium,3,donation_needs_or_offers_or_volunteering_services,donation_needs_or_offers_or_volunteering_services,0.8026697,0.8026697,True,medium,3,medium,3,True,0,0,False,False,False
592592007492554752,‘Maldivian’ to travel to Nepal to evacuate Maldivians from the country http://t.co/5jqfpfTUSe,‘Maldivian’ to travel to Nepal to evacuate Maldivians from the country URL,displaced_people_and_evacuations,medium_high,2,displaced_people_and_evacuations,displaced_people_and_evacuations,0.8330078,0.8330078,True,medium_high,2,medium_high,2,True,0,0,False,False,False
592841905546907651,"RT @Jewtastic: Israeli, American, and Canadian specialty teams dispatched to aid victims of #NepalEarthquake. | #MilitaryMonday http://t.co…","RT USER : Israeli, American, and Canadian specialty teams dispatched to aid victims of NepalEarthquake. | MilitaryMonday URL",donation_needs_or_offers_or_volunteering_services,medium,3,donation_needs_or_offers_or_volunteering_services,donation_needs_or_offers_or_volunteering_services,0.8578305,0.8578305,True,medium,3,medium,3,True,0,0,False,False,False
592344945849139200,RT @emraanhashmi: Jst got a pic from kunal deshmukh .He is at the airport trying to board the IAF flight out of kathmandu this evening http…,RT USER : Jst got a pic from kunal deshmukh .He is at the airport trying to board the IAF flight out of kathmandu this evening URL,displaced_people_and_evacuations,medium_high,2,displaced_people_and_evacuations,other_useful_information,0.47342837,0.13515721,False,medium_high,2,medium,3,False,1,1,True,False,False
592277759575105536,"RT @iRSSNews: #News #MostRecent Earthquake in Nepal kills more than 1,800 people http://t.co/QVZ4Qr3uza via @CNN","RT USER : News MostRecent Earthquake in Nepal kills more than 1,800 people URL via USER",injured_or_dead_people,high,1,injured_or_dead_people,injured_or_dead_people,0.96126425,0.96126425,True,high,1,high,1,True,0,0,False,False,False
592972521894387713,"RT @Anurag1Tripathi: #SpiceJetKTM in #Kathmandu - all safe, working tirelessly to handle relief flights. Take a bow, via @flyspicejet http:…","RT USER : SpiceJetKTM in Kathmandu - all safe, working tirelessly to handle relief flights. Take a bow, via USER URL",donation_needs_or_offers_or_volunteering_services,medium,3,donation_needs_or_offers_or_volunteering_services,other_useful_information,0.37299114,0.34750405,False,medium,3,medium,3,True,0,0,False,False,False
592258335253999616,Powerful Earthquake Kills Hundreds In Nepal http://t.co/BayjIW7eFY,Powerful Earthquake Kills Hundreds In Nepal URL,injured_or_dead_people,high,1,injured_or_dead_people,injured_or_dead_people,0.9603738,0.9603738,True,high,1,high,1,True,0,0,False,False,False
592155361701953537,http://t.co/abbtrs8RTk I AM STREAMING THE EMERGENCY COMMUNICATIONS FROM NEPAL.. http://t.co/mWNaOH1aCc,URL I AM STREAMING THE EMERGENCY COMMUNICATIONS FROM NEPAL.. URL,other_useful_information,medium,3,other_useful_information,other_useful_information,0.48325434,0.48325434,True,medium,3,medium,3,True,0,0,False,False,False
593073343999377409,RT @ewnupdates: [LISTEN] Mother of man trapped in Nepal fears for his safety http://t.co/1uXracZDg6 #NepalEarthquake http://t.co/OXN6e8J5vw,RT USER : [LISTEN] Mother of man trapped in Nepal fears for his safety URL NepalEarthquake URL,missing_trapped_or_found_people,high,1,missing_trapped_or_found_people,missing_trapped_or_found_people,0.89689744,0.89689744,True,high,1,high,1,True,0,0,False,False,False
593256947639398402,My deepest sympathy goes out to all those in Baltimore and Nepal right now. Remain strong! Our prayers are with you.,My deepest sympathy goes out to all those in Baltimore and Nepal right now. Remain strong! Our prayers are with you.,sympathy_and_emotional_support,low,4,sympathy_and_emotional_support,sympathy_and_emotional_support,0.9502334,0.9502334,True,low,4,low,4,True,0,0,False,False,False
599933903894355969,"RT @drsanjaygupta: this baby was trapped under rubble for 22 hours, and survived. had to meet him. he is healthy and happy. #NepalQuake htt…","RT USER : this baby was trapped under rubble for 22 hours, and survived. had to meet him. he is healthy and happy. NepalQuake htt…",missing_trapped_or_found_people,high,1,missing_trapped_or_found_people,missing_trapped_or_found_people,0.912825,0.912825,True,high,1,high,1,True,0,0,False,False,False
592698937804509184,Dozens of Britons untraced in Nepal http://t.co/9S08ZT23O8,Dozens of Britons untraced in Nepal URL,missing_trapped_or_found_people,high,1,missing_trapped_or_found_people,displaced_people_and_evacuations,0.3684385,0.06460709,False,high,1,medium_high,2,False,1,1,True,False,False
592335911683104768,RT @UNOCHA: #NepalQuake:  Worst earthquake in over 80 years leaves at least 1000 dead http://t.co/pKZGpDDVp0,RT USER : NepalQuake: Worst earthquake in over 80 years leaves at least 1000 dead URL,injured_or_dead_people,high,1,injured_or_dead_people,injured_or_dead_people,0.9609295,0.9609295,True,high,1,high,1,True,0,0,False,False,False
592694922144260096,China Rushes Aid to Nepal; Taiwan Is Turned Away http://t.co/hEseSA6qyd,China Rushes Aid to Nepal; Taiwan Is Turned Away URL,other_useful_information,medium,3,other_useful_information,donation_needs_or_offers_or_volunteering_services,0.8604873,0.0483693,False,medium,3,medium,3,True,0,0,False,False,False
593463999229988866,"Live: Earthquake in Nepal, north India — Day 5:   http://t.co/X7igFI4mzA","Live: Earthquake in Nepal, north India — Day 5: URL",other_useful_information,medium,3,other_useful_information,other_useful_information,0.8127142,0.8127142,True,medium,3,medium,3,True,0,0,False,False,False
592357231649161217,Washington (DC) Post:  Quake agony revealed quietly on trip from Nepal airport . More #Aviation #news - http://t.co/oi3JLGKopD,Washington (DC) Post: Quake agony revealed quietly on trip from Nepal airport . More Aviation news - URL,not_related_or_irrelevant,low,4,not_related_or_irrelevant,other_useful_information,0.5078119,0.021554206,False,low,4,medium,3,False,-1,1,False,True,False
593395116066242560,"Briton among Nepal earthquake dead: Victim, who was confirmed dead after searches by diplomatic staff, n... http://t.co/yoWn6zmd2v (GUA)","Briton among Nepal earthquake dead: Victim, who was confirmed dead after searches by diplomatic staff, n... URL (GUA)",injured_or_dead_people,high,1,injured_or_dead_people,injured_or_dead_people,0.90581805,0.90581805,True,high,1,high,1,True,0,0,False,False,False
593107718619140096,RT @BayFitness: The yoga Nepal fundraiser is on. Tag team yoga. 3-5 teachers on Croyde beach. Donations to Nepal. Bank holiday Monday 11am …,RT USER : The yoga Nepal fundraiser is on. Tag team yoga. 3-5 teachers on Croyde beach. Donations to Nepal. Bank holiday Monday 11am …,donation_needs_or_offers_or_volunteering_services,medium,3,donation_needs_or_offers_or_volunteering_services,donation_needs_or_offers_or_volunteering_services,0.86904985,0.86904985,True,medium,3,medium,3,True,0,0,False,False,False
592897910574055424,RT @ChicagoBreaking: Chicago men return from Nepal after experiencing earthquake http://t.co/9ypPGfIIA8,RT USER : Chicago men return from Nepal after experiencing earthquake URL,other_useful_information,medium,3,other_useful_information,displaced_people_and_evacuations,0.60580134,0.035739213,False,medium,3,medium_high,2,False,-1,1,False,True,False
592343586336681985,"RT @yunamusic: My prayers for those affected by the earthquake in Kathmandu, Nepal. This was one of the strongest earthquakes recorded.","RT USER : My prayers for those affected by the earthquake in Kathmandu, Nepal. This was one of the strongest earthquakes recorded.",sympathy_and_emotional_support,low,4,sympathy_and_emotional_support,sympathy_and_emotional_support,0.9519396,0.9519396,True,low,4,low,4,True,0,0,False,False,False
592344069789061120,"RT @AdamSmith_USA: A 7.8 magnitude earthquake rocked Nepal this morning, claiming 900 lives. The aftermath is devastating. http://t.co/b1tl…","RT USER : A 7.8 magnitude earthquake rocked Nepal this morning, claiming 900 lives. The aftermath is devastating. URL",injured_or_dead_people,high,1,injured_or_dead_people,injured_or_dead_people,0.93518996,0.93518996,True,high,1,high,1,True,0,0,False,False,False
593289332741378048,RT @AJordanGordon: #Everestbasecamp #NepalEarthquake #Everest 100Million THANK YOUS 4 the WORLDWIDE Network that helped us find Spencer! ht…,RT USER : Everestbasecamp NepalEarthquake Everest 100Million THANK YOUS 4 the WORLDWIDE Network that helped us find Spencer! ht…,missing_trapped_or_found_people,high,1,missing_trapped_or_found_people,missing_trapped_or_found_people,0.8261725,0.8261725,True,high,1,high,1,True,0,0,False,False,False
592342768711704576,RT @shahid_siddiqui: Appreciate d initiative taken by @narendramodi to help Nepal  This is what makes a nation great. Our moral authority g…,RT USER : Appreciate d initiative taken by USER to help Nepal This is what makes a nation great. Our moral authority g…,donation_needs_or_offers_or_volunteering_services,medium,3,donation_needs_or_offers_or_volunteering_services,donation_needs_or_offers_or_volunteering_services,0.48384547,0.48384547,True,medium,3,medium,3,True,0,0,False,False,False
593602279120379904,A full truckload relief materials despatched to Chhatri ganv @ Dadhing  of Nepal by All lions clubs of Birganj area. http://t.co/2WDHAgGKbr,A full truckload relief materials despatched to Chhatri ganv @ Dadhing of Nepal by All lions clubs of Birganj area. URL,donation_needs_or_offers_or_volunteering_services,medium,3,donation_needs_or_offers_or_volunteering_services,donation_needs_or_offers_or_volunteering_services,0.87768793,0.87768793,True,medium,3,medium,3,True,0,0,False,False,False
591975610655776769,900 dead and still counting... iam numb!! Thought with their families:'(:'(:'(  #NepalEarthquake  @Harry_Styles,900 dead and still counting... iam numb!! Thought with their families:'(:'(:'( NepalEarthquake USER,injured_or_dead_people,high,1,injured_or_dead_people,injured_or_dead_people,0.9349423,0.9349423,True,high,1,high,1,True,0,0,False,False,False
592344953965121537,RT @ShivAroor: Great. The Army has provided free dedicated phone exchanges for its Gurkha soldiers who want to speak to their families in N…,RT USER : Great. The Army has provided free dedicated phone exchanges for its Gurkha soldiers who want to speak to their families in N…,other_useful_information,medium,3,other_useful_information,donation_needs_or_offers_or_volunteering_services,0.48012924,0.2463276,False,medium,3,medium,3,True,0,0,False,False,False
592652666901168128,Nepal brings back so much of beautiful moments to treasure  and cherish . My prayers for the people for Nepal,Nepal brings back so much of beautiful moments to treasure and cherish . My prayers for the people for Nepal,sympathy_and_emotional_support,low,4,sympathy_and_emotional_support,sympathy_and_emotional_support,0.94461286,0.94461286,True,low,4,low,4,True,0,0,False,False,False
592903934806720512,"RT @NatGeoMag: Nepal's 8 key historic sites: What's rubble, what's still standing in wake of devastating earthquake http://t.co/8emNIXkKDY","RT USER : Nepal's 8 key historic sites: What's rubble, what's still standing in wake of devastating earthquake URL",infrastructure_and_utilities_damage,medium_high,2,infrastructure_and_utilities_damage,infrastructure_and_utilities_damage,0.90406233,0.90406233,True,medium_high,2,medium_high,2,True,0,0,False,False,False
600101493753171969,"RT @OCHAAsiaPac: #NepalQuake Infographic: The numbers you need to know (26 April, 7:00pm) - http://t.co/NR6LOSAcHS http://t.co/QRLDSo20fo","RT USER : NepalQuake Infographic: The numbers you need to know (26 April, 7:00pm) - URL URL",other_useful_information,medium,3,other_useful_information,other_useful_information,0.6515501,0.6515501,True,medium,3,medium,3,True,0,0,False,False,False
593458268036419584,Arsenal Official: Support the Nepal Earthquake appeal http://t.co/MHBiS7wuIf #AFC #Arsenal,Arsenal Official: Support the Nepal Earthquake appeal URL AFC Arsenal,sympathy_and_emotional_support,low,4,sympathy_and_emotional_support,donation_needs_or_offers_or_volunteering_services,0.8303856,0.0322677,False,low,4,medium,3,False,-1,1,False,True,False
592735133184163840,"To #Kathmandu and back: ‘Even now when I stand up, it feels as though the earth is moving’. http://t.co/MBybCWve5o #NepalQuake","To Kathmandu and back: ‘Even now when I stand up, it feels as though the earth is moving’. URL NepalQuake",other_useful_information,medium,3,other_useful_information,sympathy_and_emotional_support,0.4082856,0.2619255,False,medium,3,low,4,False,1,1,True,False,False
592632615288573953,Google opens its Person Finder tool to aid earthquake relief efforts in Nepal http://t.co/6VIxymQCht #Tech #News http://t.co/79ZxdxXuKk,Google opens its Person Finder tool to aid earthquake relief efforts in Nepal URL Tech News URL,donation_needs_or_offers_or_volunteering_services,medium,3,donation_needs_or_offers_or_volunteering_services,donation_needs_or_offers_or_volunteering_services,0.8693758,0.8693758,True,medium,3,medium,3,True,0,0,False,False,False
592342796939304961,"Delhi Government to Send Food Packets, Drinking Water to Nepal: Delhi Government has decided to send 25,000 pa... http://t.co/nJKs2viyeU","Delhi Government to Send Food Packets, Drinking Water to Nepal: Delhi Government has decided to send 25,000 pa... URL",donation_needs_or_offers_or_volunteering_services,medium,3,donation_needs_or_offers_or_volunteering_services,donation_needs_or_offers_or_volunteering_services,0.8491077,0.8491077,True,medium,3,medium,3,True,0,0,False,False,False
593355314998550528,RT @ShiwaniNeupane: Looking for phone number of transport companies in Kathmandu. Need to deliver aid to Gorkha immediately. Please send if…,RT USER : Looking for phone number of transport companies in Kathmandu. Need to deliver aid to Gorkha immediately. Please send if…,donation_needs_or_offers_or_volunteering_services,medium,3,donation_needs_or_offers_or_volunteering_services,donation_needs_or_offers_or_volunteering_services,0.85272706,0.85272706,True,medium,3,medium,3,True,0,0,False,False,False
593324254986276864,A French Spiderman scales #MontparnasseTower for Nepal! #TheLocalFrance #PrayForNepal #Paris https://t.co/J8MPHPEDqX,A French Spiderman scales MontparnasseTower for Nepal! TheLocalFrance PrayForNepal Paris URL,not_related_or_irrelevant,low,4,not_related_or_irrelevant,other_useful_information,0.384487,0.31580183,False,low,4,medium,3,False,-1,1,False,True,False
593797959692754945,RT @YahooNews: Miracle rescue sees baby pulled safely from quake rubble in Nepal http://t.co/jH7YPDcmci By @CEDickson http://t.co/xsdd0717nF,RT USER : Miracle rescue sees baby pulled safely from quake rubble in Nepal URL By USER URL,missing_trapped_or_found_people,high,1,missing_trapped_or_found_people,missing_trapped_or_found_people,0.89336073,0.89336073,True,high,1,high,1,True,0,0,False,False,False
592872744095744000,RT @mjdwarner: A PRAY FOR NEPAL by enrico barletta #Travel #Photography #TravelPhotography #PhotoOfTheDay http://t.co/R3hQCtucpC,RT USER : A PRAY FOR NEPAL by enrico barletta Travel Photography TravelPhotography PhotoOfTheDay URL,sympathy_and_emotional_support,low,4,sympathy_and_emotional_support,sympathy_and_emotional_support,0.9509387,0.9509387,True,low,4,low,4,True,0,0,False,False,False
592657046941597696,RT @MSF_uk: Our emergency teams &amp; supplies are on the way to help ppl caught in #NepalEarthquake.  https://t.co/BNClG1Vi5s,RT USER : Our emergency teams &amp; supplies are on the way to help ppl caught in NepalEarthquake. URL,other_useful_information,medium,3,other_useful_information,donation_needs_or_offers_or_volunteering_services,0.6967041,0.042094387,False,medium,3,medium,3,True,0,0,False,False,False
592272191745490944,"Jannat Director Kunal Deshmukh 'Safe' in Quake-Hit Nepal: ""Just talked to Kunal &amp; Sonali. They r both sitting on the Kathmandu runway...","Jannat Director Kunal Deshmukh 'Safe' in Quake-Hit Nepal: ""Just talked to Kunal &amp; Sonali. They r both sitting on the Kathmandu runway...",missing_trapped_or_found_people,high,1,missing_trapped_or_found_people,other_useful_information,0.7327087,0.03512593,False,high,1,medium,3,False,2,2,True,False,True
592343436650356736,RT @pappufromdelhi: @suhelseth PLZ RT Updated list of emergency contact after #NepalEarthquake http://t.co/nVky6fXHbO,RT USER : USER PLZ RT Updated list of emergency contact after NepalEarthquake URL,other_useful_information,medium,3,other_useful_information,other_useful_information,0.34668633,0.34668633,True,medium,3,medium,3,True,0,0,False,False,False
592696711799250944,RT @dfatirl: Please see our update on the Earthquake in Nepal this evening @IrlEmbIndia http://t.co/MmmjLzx1oF,RT USER : Please see our update on the Earthquake in Nepal this evening USER URL,other_useful_information,medium,3,other_useful_information,other_useful_information,0.76912653,0.76912653,True,medium,3,medium,3,True,0,0,False,False,False
592680034718130178,RT @iSupportNamo: Ramdev Baba will adopt 500 children Nepal who have lost their parents.. We thank Patanjali for their immense service.,RT USER : Ramdev Baba will adopt 500 children Nepal who have lost their parents.. We thank Patanjali for their immense service.,donation_needs_or_offers_or_volunteering_services,medium,3,donation_needs_or_offers_or_volunteering_services,donation_needs_or_offers_or_volunteering_services,0.57615215,0.57615215,True,medium,3,medium,3,True,0,0,False,False,False
592137589601267713,Learn about #Mountain #Ecosystems #EarthQuake #Nepal 1Miin 42 Sec http://t.co/1LiJ7qg3QB,Learn about Mountain Ecosystems EarthQuake Nepal 1Miin 42 Sec URL,other_useful_information,medium,3,other_useful_information,other_useful_information,0.61232847,0.61232847,True,medium,3,medium,3,True,0,0,False,False,False
592269963685048322,"RT @YearOfRat: Honestly, I feel bad for Christians. They felt so unsafe in India that they are shifting base to Nepal. WHY WHY WHY? http://…","RT USER : Honestly, I feel bad for Christians. They felt so unsafe in India that they are shifting base to Nepal. WHY WHY WHY? URL",not_related_or_irrelevant,low,4,not_related_or_irrelevant,not_related_or_irrelevant,0.5457917,0.5457917,True,low,4,low,4,True,0,0,False,False,False
592143164183482368,Nepal Earthquake: At Least 800 Feared Dead As 7.8 Magnitude Earthquake,Nepal Earthquake: At Least 800 Feared Dead As 7.8 Magnitude Earthquake,injured_or_dead_people,high,1,injured_or_dead_people,injured_or_dead_people,0.9601431,0.9601431,True,high,1,high,1,True,0,0,False,False,False
592173693167480832,Nepal Earthquake Kills Over 1800 People; More Than 40 Dead in India,Nepal Earthquake Kills Over 1800 People; More Than 40 Dead in India,injured_or_dead_people,high,1,injured_or_dead_people,injured_or_dead_people,0.9611602,0.9611602,True,high,1,high,1,True,0,0,False,False,False
591933335158403072,RT @sambitswaraj: Extremely Heart Wrecking to learn that more than 100 People are dead in Nepal ..May their Souls rest in Peace #earthquake…,RT USER : Extremely Heart Wrecking to learn that more than 100 People are dead in Nepal ..May their Souls rest in Peace earthquake…,injured_or_dead_people,high,1,injured_or_dead_people,injured_or_dead_people,0.9315938,0.9315938,True,high,1,high,1,True,0,0,False,False,False
593380623923941376,Aid with strings. Aftermath of Nepal's earthquake exposes Asia's geopolitical fault lines http://t.co/m744UJsdIx,Aid with strings. Aftermath of Nepal's earthquake exposes Asia's geopolitical fault lines URL,donation_needs_or_offers_or_volunteering_services,medium,3,donation_needs_or_offers_or_volunteering_services,other_useful_information,0.46613142,0.30004174,False,medium,3,medium,3,True,0,0,False,False,False
592911366425567232,'Eight million' hit by Nepal quake http://t.co/k4HNt0Yp9s Eight million people were affected by the Nepal earthquake and 1.4m are in need…,'Eight million' hit by Nepal quake URL Eight million people were affected by the Nepal earthquake and 1.4m are in need…,injured_or_dead_people,high,1,injured_or_dead_people,displaced_people_and_evacuations,0.51311606,0.055887267,False,high,1,medium_high,2,False,1,1,True,False,False
592692601104572416,http://t.co/500zARVQHv The Latest on Nepal Quake: Aid Worker in Epicenter District - New York Times #QuakeNewsApp,URL The Latest on Nepal Quake: Aid Worker in Epicenter District - New York Times QuakeNewsApp,donation_needs_or_offers_or_volunteering_services,medium,3,donation_needs_or_offers_or_volunteering_services,donation_needs_or_offers_or_volunteering_services,0.7900193,0.7900193,True,medium,3,medium,3,True,0,0,False,False,False
591989932438073344,Great initiative in the time of crisis ὄD https://t.co/dAgAcOpAuL,Great initiative in the time of crisis ὄD URL,donation_needs_or_offers_or_volunteering_services,medium,3,donation_needs_or_offers_or_volunteering_services,other_useful_information,0.44413808,0.07490246,False,medium,3,medium,3,True,0,0,False,False,False
592344734544240640,RT @nadeemmalik: #Pakistan sends relief goods for quake victims in #Nepal http://t.co/v5CYtOoiu7,RT USER : Pakistan sends relief goods for quake victims in Nepal URL,donation_needs_or_offers_or_volunteering_services,medium,3,donation_needs_or_offers_or_volunteering_services,donation_needs_or_offers_or_volunteering_services,0.86640584,0.86640584,True,medium,3,medium,3,True,0,0,False,False,False
592342680144719873,"RT @KiranKS: 20,000 @RSSorg swayamsevaks in Nepal assisting #NepalEarthquake victims.  Unlike #SoulVultures, no conversion here! http://t.c…","RT USER : 20,000 USER swayamsevaks in Nepal assisting NepalEarthquake victims. Unlike SoulVultures, no conversion here! URL",donation_needs_or_offers_or_volunteering_services,medium,3,donation_needs_or_offers_or_volunteering_services,donation_needs_or_offers_or_volunteering_services,0.8348324,0.8348324,True,medium,3,medium,3,True,0,0,False,False,False
592258346163441665,RT @KanchanGupta: Seven NDRF teams are on standby for short notice airlifting for rescue and relief #NepalEarthquake . Exemplary work by ND…,RT USER : Seven NDRF teams are on standby for short notice airlifting for rescue and relief NepalEarthquake . Exemplary work by ND…,donation_needs_or_offers_or_volunteering_services,medium,3,donation_needs_or_offers_or_volunteering_services,donation_needs_or_offers_or_volunteering_services,0.83671594,0.83671594,True,medium,3,medium,3,True,0,0,False,False,False
591940962424889344,"RT @AP: Latest on Nepal quake: Police say 449 dead, including 181 in Kathmandu: http://t.co/DVz0I49IcL","RT USER : Latest on Nepal quake: Police say 449 dead, including 181 in Kathmandu: URL",injured_or_dead_people,high,1,injured_or_dead_people,injured_or_dead_people,0.9626577,0.9626577,True,high,1,high,1,True,0,0,False,False,False
593396270741479424,"RT @WNEW: Death toll in #NepalEarthquake passes 5,000 as first aid shipments reach area near epicenter. (via @AP)","RT USER : Death toll in NepalEarthquake passes 5,000 as first aid shipments reach area near epicenter. (via USER )",injured_or_dead_people,high,1,injured_or_dead_people,injured_or_dead_people,0.96287704,0.96287704,True,high,1,high,1,True,0,0,False,False,False
593459468429492224,Monday 5:00pm PT Tina Sciabica of @READGlobal will be on @bizradio111 to talk about her ongoing help for Nepal.  Join us and please donate.,Monday 5:00pm PT Tina Sciabica of USER will be on USER to talk about her ongoing help for Nepal. Join us and please donate.,donation_needs_or_offers_or_volunteering_services,medium,3,donation_needs_or_offers_or_volunteering_services,donation_needs_or_offers_or_volunteering_services,0.86589956,0.86589956,True,medium,3,medium,3,True,0,0,False,False,False
592390506690150403,My heart goes out to all the people effected by the earthquake in Nepal.It was literally awfulὡEὡ4,My heart goes out to all the people effected by the earthquake in Nepal.It was literally awfulὡEὡ4,sympathy_and_emotional_support,low,4,sympathy_and_emotional_support,sympathy_and_emotional_support,0.9456025,0.9456025,True,low,4,low,4,True,0,0,False,False,False
591984998758002689,Kathmandu airport shut down following 7.9 magnitude earthquake: Read Full story of 'Kathmandu airport shut dow... http://t.co/ZXsU4sZuZ4,Kathmandu airport shut down following 7.9 magnitude earthquake: Read Full story of 'Kathmandu airport shut dow... URL,infrastructure_and_utilities_damage,medium_high,2,infrastructure_and_utilities_damage,infrastructure_and_utilities_damage,0.44140267,0.44140267,True,medium_high,2,medium_high,2,True,0,0,False,False,False
592700814180937730,"RT @IvanCNN: Ishan (16) &amp; Iman (13) shaved their heads in mourning after funeral of their mother Ishara, a victim of #Nepalquake http://t.c…","RT USER : Ishan (16) &amp; Iman (13) shaved their heads in mourning after funeral of their mother Ishara, a victim of Nepalquake URL",injured_or_dead_people,high,1,injured_or_dead_people,other_useful_information,0.24034482,0.15758584,False,high,1,medium,3,False,2,2,True,False,True
593798878077550592,RT @UNICEF: We've just launched a $50m appeal to get more lifesaving aid to children &amp; families affected by #NepalEarthquake: http://t.co/f…,RT USER : We've just launched a $50m appeal to get more lifesaving aid to children &amp; families affected by NepalEarthquake: URL,donation_needs_or_offers_or_volunteering_services,medium,3,donation_needs_or_offers_or_volunteering_services,donation_needs_or_offers_or_volunteering_services,0.8820185,0.8820185,True,medium,3,medium,3,True,0,0,False,False,False
592313801447452672,"RT @abcnews: Australians missing after #Nepal #earthquake kills more than 1,300 http://t.co/1cs7UqYps5 https://t.co/VkU3HPH1Nb","RT USER : Australians missing after Nepal earthquake kills more than 1,300 URL URL",missing_trapped_or_found_people,high,1,missing_trapped_or_found_people,missing_trapped_or_found_people,0.7705951,0.7705951,True,high,1,high,1,True,0,0,False,False,False
593466034495082496,RT @AnupKaphle: #Nepal police is arresting small store owners in Kathmandu who're inflating prices of daily goods. http://t.co/klES6SwoMM,RT USER : Nepal police is arresting small store owners in Kathmandu who're inflating prices of daily goods. URL,other_useful_information,medium,3,other_useful_information,other_useful_information,0.38517898,0.38517898,True,medium,3,medium,3,True,0,0,False,False,False
592270343391162368,RT @meganbata: Praying for everyone in Nepal...,RT USER : Praying for everyone in Nepal...,sympathy_and_emotional_support,low,4,sympathy_and_emotional_support,sympathy_and_emotional_support,0.95375943,0.95375943,True,low,4,low,4,True,0,0,False,False,False
592404629402562561,"RT @IsraelHatzolah: BREAKING: Due to problems with the landing in Kathmandu, Nepal. #IDF rescue teams will be delayed in Israel for another…","RT USER : BREAKING: Due to problems with the landing in Kathmandu, Nepal. IDF rescue teams will be delayed in Israel for another…",donation_needs_or_offers_or_volunteering_services,medium,3,donation_needs_or_offers_or_volunteering_services,other_useful_information,0.3972751,0.21980517,False,medium,3,medium,3,True,0,0,False,False,False
592912454734217216,"RT @tech2eets: #Google, #Facebook join Red Cross to find thousands missing after Nepal quake http://t.co/a28AUcoGe0 http://t.co/2zxUdVLBPm","RT USER : Google, Facebook join Red Cross to find thousands missing after Nepal quake URL URL",donation_needs_or_offers_or_volunteering_services,medium,3,donation_needs_or_offers_or_volunteering_services,missing_trapped_or_found_people,0.9236758,0.0069754627,False,medium,3,high,1,False,-2,2,False,True,True
592843696565002240,RT @HumanityUnited: We are with the people of #Nepal as they struggle to cope with Saturday's #earthquake http://t.co/aq4yLQtZRE,RT USER : We are with the people of Nepal as they struggle to cope with Saturday's earthquake URL,sympathy_and_emotional_support,low,4,sympathy_and_emotional_support,sympathy_and_emotional_support,0.71245885,0.71245885,True,low,4,low,4,True,0,0,False,False,False
592686635520827393,"RT @ParisBurned: 3,700 people dead is absolutely devastating for a country that is the size of Oklahoma on the map. #Nepal","RT USER : 3,700 people dead is absolutely devastating for a country that is the size of Oklahoma on the map. Nepal",injured_or_dead_people,high,1,injured_or_dead_people,injured_or_dead_people,0.962428,0.962428,True,high,1,high,1,True,0,0,False,False,False
592277507698720768,"Photos From the Devastating 7.8 Magnitude Earthquake in Nepal Tragedy struck the world when a 7.8 magnitude earthquake hit Kathmandu, Nepal…","Photos From the Devastating 7.8 Magnitude Earthquake in Nepal Tragedy struck the world when a 7.8 magnitude earthquake hit Kathmandu, Nepal…",other_useful_information,medium,3,other_useful_information,other_useful_information,0.55811375,0.55811375,True,medium,3,medium,3,True,0,0,False,False,False
592174209851330561,"RT @NaughtyDew_: Nepal , stay brave. Stay strong.","RT USER : Nepal , stay brave. Stay strong.",sympathy_and_emotional_support,low,4,sympathy_and_emotional_support,sympathy_and_emotional_support,0.9172585,0.9172585,True,low,4,low,4,True,0,0,False,False,False
593045422085525504,"Choppers ferry injured in Nepal; new mudslide hits village: GORKHA, Nepal (AP) — Helicopters cri... http://t.co/cwncd7EXic &lt;--Full Story","Choppers ferry injured in Nepal; new mudslide hits village: GORKHA, Nepal (AP) — Helicopters cri... URL &lt;--Full Story",other_useful_information,medium,3,other_useful_information,injured_or_dead_people,0.8652935,0.038509764,False,medium,3,high,1,False,-2,2,False,True,True
592109590625558529,"Hi @acharya_saugat, we detected a M5.6 earthquake at 23:16 UTC (19m, 8s ago) in Kirtipur, Nepal. Did you feel it?","Hi USER , we detected a M5.6 earthquake at 23:16 UTC (19m, 8s ago) in Kirtipur, Nepal. Did you feel it?",other_useful_information,medium,3,other_useful_information,other_useful_information,0.80010563,0.80010563,True,medium,3,medium,3,True,0,0,False,False,False
593296678490365953,"“I came to know about Earthquake through Modi twitter account while in Bangkok airport. We called Nepal and got updates regularly"" Koirala","“I came to know about Earthquake through Modi twitter account while in Bangkok airport. We called Nepal and got updates regularly"" Koirala",other_useful_information,medium,3,other_useful_information,other_useful_information,0.7765798,0.7765798,True,medium,3,medium,3,True,0,0,False,False,False
592141073071349760,RT @Melissa_PPI: Help our friends help others #NepalEarthquake  https://t.co/htYh9jBS3Q,RT USER : Help our friends help others NepalEarthquake URL,donation_needs_or_offers_or_volunteering_services,medium,3,donation_needs_or_offers_or_volunteering_services,donation_needs_or_offers_or_volunteering_services,0.71244764,0.71244764,True,medium,3,medium,3,True,0,0,False,False,False
592243314809704450,Live: Earthquake aftershock measuring 6.9 hits Nepal; fresh tremors felt in New ... - Firstpost: FirstpostLive... http://t.co/zaEa3q0Spv,Live: Earthquake aftershock measuring 6.9 hits Nepal; fresh tremors felt in New ... - Firstpost: FirstpostLive... URL,other_useful_information,medium,3,other_useful_information,other_useful_information,0.75330573,0.75330573,True,medium,3,medium,3,True,0,0,False,False,False
593817252006338560,RT @humanityfirstuk: Many qualified #clinicians in our HF team in #Nepal. Dr Alfa-Wali @Ecosurg is an NHS Surgeon from Imperial in London h…,RT USER : Many qualified clinicians in our HF team in Nepal. Dr Alfa-Wali USER is an NHS Surgeon from Imperial in London h…,donation_needs_or_offers_or_volunteering_services,medium,3,donation_needs_or_offers_or_volunteering_services,donation_needs_or_offers_or_volunteering_services,0.4268698,0.4268698,True,medium,3,medium,3,True,0,0,False,False,False
593302157639585792,"RT @WHO: There are well documented risks for relief workers, affected populations in the aftermath of natural disasters like #NepalEarthqua…","RT USER : There are well documented risks for relief workers, affected populations in the aftermath of natural disasters like NepalEarthqua…",other_useful_information,medium,3,other_useful_information,other_useful_information,0.36939985,0.36939985,True,medium,3,medium,3,True,0,0,False,False,False
592339015283572736,RT @shekharkapur: What an awaful tragedy #NepalEarthquake  https://t.co/5UsuBO2Ab4,RT USER : What an awaful tragedy NepalEarthquake URL,other_useful_information,medium,3,other_useful_information,other_useful_information,0.50969744,0.50969744,True,medium,3,medium,3,True,0,0,False,False,False
592342104946257922,RT @dylandauzat: Prayers going out to the people in Nepal. May God be with you all,RT USER : Prayers going out to the people in Nepal. May God be with you all,sympathy_and_emotional_support,low,4,sympathy_and_emotional_support,sympathy_and_emotional_support,0.9539419,0.9539419,True,low,4,low,4,True,0,0,False,False,False
592326613578067969,"RT @WSJ: Powerful quake near Nepal capital causes widespread damage, avalanche near Everest base camp http://t.co/YkBNNxGvDR http://t.co/9e…","RT USER : Powerful quake near Nepal capital causes widespread damage, avalanche near Everest base camp URL URL",infrastructure_and_utilities_damage,medium_high,2,infrastructure_and_utilities_damage,infrastructure_and_utilities_damage,0.8080302,0.8080302,True,medium_high,2,medium_high,2,True,0,0,False,False,False
592945195605467136,International aid &amp; rescue teams continue to arrive in Kathmandu after the #NepalEarthquake http://t.co/A6MXYgbKkt,International aid &amp; rescue teams continue to arrive in Kathmandu after the NepalEarthquake URL,donation_needs_or_offers_or_volunteering_services,medium,3,donation_needs_or_offers_or_volunteering_services,donation_needs_or_offers_or_volunteering_services,0.8072038,0.8072038,True,medium,3,medium,3,True,0,0,False,False,False
593115206252949504,"RT @diary_of_a_hack: ""@NorthmenPK: #Everest base camp after #NepalEarthquake. #NepalQuake http://t.co/G1aNytcEcW""  @htTweets @Rezhasan","RT USER : "" USER : Everest base camp after NepalEarthquake. NepalQuake URL USER USER",other_useful_information,medium,3,other_useful_information,other_useful_information,0.46387184,0.46387184,True,medium,3,medium,3,True,0,0,False,False,False
593187759491313665,RT @USEmbassyNepal: Here's a list of NGOs Responding to #NepalEarthquake http://t.co/FT3ctjpxT4 via @CIDIoutreach #WeStandwithNepal http://…,RT USER : Here's a list of NGOs Responding to NepalEarthquake URL via USER WeStandwithNepal URL,other_useful_information,medium,3,other_useful_information,donation_needs_or_offers_or_volunteering_services,0.7793394,0.10151695,False,medium,3,medium,3,True,0,0,False,False,False
592339203234619392,RT @prabalgurung: Pls. help my fundraiser: Nepal Earthquake Fund. Donate &amp; spread the word. Every dollar counts-PG. http://t.co/y2rJRYCbGu …,RT USER : Pls. help my fundraiser: Nepal Earthquake Fund. Donate &amp; spread the word. Every dollar counts-PG. URL …,donation_needs_or_offers_or_volunteering_services,medium,3,donation_needs_or_offers_or_volunteering_services,donation_needs_or_offers_or_volunteering_services,0.85489833,0.85489833,True,medium,3,medium,3,True,0,0,False,False,False
591987116470444032,"8 dead in Mount Everest avalanche after Nepal quake: At least eight people are dead and others missing, follow... http://t.co/8BkTV89604","8 dead in Mount Everest avalanche after Nepal quake: At least eight people are dead and others missing, follow... URL",injured_or_dead_people,high,1,injured_or_dead_people,injured_or_dead_people,0.94496137,0.94496137,True,high,1,high,1,True,0,0,False,False,False
593181531432198144,Landslide fears after Nepal quakes http://t.co/Vk9b5nyUQM,Landslide fears after Nepal quakes URL,caution_and_advice,medium_high,2,caution_and_advice,infrastructure_and_utilities_damage,0.49449995,0.06757722,False,medium_high,2,medium_high,2,True,0,0,False,False,False
593701523747667968,"RT @KendalCalling: @riotjazz have some amazing prints for sale, including from Kendal Calling. All proceeds in aid of #Nepal https://t.co/L…","RT USER : USER have some amazing prints for sale, including from Kendal Calling. All proceeds in aid of Nepal URL",donation_needs_or_offers_or_volunteering_services,medium,3,donation_needs_or_offers_or_volunteering_services,donation_needs_or_offers_or_volunteering_services,0.84707695,0.84707695,True,medium,3,medium,3,True,0,0,False,False,False
592344802957651968,RT @CNN: The next 72 hrs will be critical &amp; rescue efforts are complicated by the terrain #NepalQuake: http://t.co/cgZ8YexhAj http://t.co/l…,RT USER : The next 72 hrs will be critical &amp; rescue efforts are complicated by the terrain NepalQuake: URL URL,caution_and_advice,medium_high,2,caution_and_advice,donation_needs_or_offers_or_volunteering_services,0.47164652,0.041849993,False,medium_high,2,medium,3,False,1,1,True,False,False
